Date,Store Location,Product Category,Units Sold,Sales Amount,Promotions/Discounts,Day Type
2023-01-01,Kolkata,Electronics,16,20256,0,Weekend
2023-01-01,Kolkata,Clothing,36,34596,0,Weekend
2023-01-01,Kolkata,Groceries,62,6634,1,Weekend
2023-01-01,Kolkata,Furniture,9,36522,0,Weekend
2023-01-01,Kolkata,Cosmetics,27,17658,1,Weekend
2023-01-01,Delhi,Electronics,19,27474,0,Weekend
2023-01-01,Delhi,Clothing,36,43092,1,Weekend
2023-01-01,Delhi,Groceries,68,8840,0,Weekend
2023-01-01,Delhi,Furniture,11,33000,1,Weekend
2023-01-01,Delhi,Cosmetics,20,12100,1,Weekend
2023-01-01,Mumbai,Electronics,21,31899,0,Weekend
2023-01-01,Mumbai,Clothing,35,37205,0,Weekend
2023-01-01,Mumbai,Groceries,43,4816,0,Weekend
2023-01-01,Mumbai,Furniture,9,41391,1,Weekend
2023-01-01,Mumbai,Cosmetics,24,5952,1,Weekend
2023-01-01,Bangalore,Electronics,19,28975,0,Weekend
2023-01-01,Bangalore,Clothing,34,17204,0,Weekend
2023-01-01,Bangalore,Groceries,85,12325,1,Weekend
2023-01-01,Bangalore,Furniture,12,38664,0,Weekend
2023-01-01,Bangalore,Cosmetics,23,18285,0,Weekend
2023-01-01,Hyderabad,Electronics,18,38772,0,Weekend
2023-01-01,Hyderabad,Clothing,27,15714,0,Weekend
2023-01-01,Hyderabad,Groceries,36,3888,0,Weekend
2023-01-01,Hyderabad,Furniture,10,27910,0,Weekend
2023-01-01,Hyderabad,Cosmetics,25,19775,1,Weekend
2023-01-02,Kolkata,Electronics,21,34734,0,Weekday
2023-01-02,Kolkata,Clothing,36,19656,0,Weekday
2023-01-02,Kolkata,Groceries,59,5133,0,Weekday
2023-01-02,Kolkata,Furniture,8,46256,0,Weekday
2023-01-02,Kolkata,Cosmetics,25,16500,0,Weekday
2023-01-02,Delhi,Electronics,16,27648,0,Weekday
2023-01-02,Delhi,Clothing,37,16650,0,Weekday
2023-01-02,Delhi,Groceries,83,8051,1,Weekday
2023-01-02,Delhi,Furniture,15,47730,1,Weekday
2023-01-02,Delhi,Cosmetics,29,7337,1,Weekday
2023-01-02,Mumbai,Electronics,21,43050,0,Weekday
2023-01-02,Mumbai,Clothing,35,30765,0,Weekday
2023-01-02,Mumbai,Groceries,59,10915,0,Weekday
2023-01-02,Mumbai,Furniture,10,31930,0,Weekday
2023-01-02,Mumbai,Cosmetics,41,7216,1,Weekday
2023-01-02,Bangalore,Electronics,32,56288,1,Weekday
2023-01-02,Bangalore,Clothing,35,28385,0,Weekday
2023-01-02,Bangalore,Groceries,66,9372,1,Weekday
2023-01-02,Bangalore,Furniture,11,17897,0,Weekday
2023-01-02,Bangalore,Cosmetics,25,19700,0,Weekday
2023-01-02,Hyderabad,Electronics,21,46389,0,Weekday
2023-01-02,Hyderabad,Clothing,31,21917,0,Weekday
2023-01-02,Hyderabad,Groceries,51,9843,1,Weekday
2023-01-02,Hyderabad,Furniture,7,33327,0,Weekday
2023-01-02,Hyderabad,Cosmetics,37,7511,1,Weekday
2023-01-03,Kolkata,Electronics,22,52690,0,Weekday
2023-01-03,Kolkata,Clothing,32,35808,0,Weekday
2023-01-03,Kolkata,Groceries,69,9729,0,Weekday
2023-01-03,Kolkata,Furniture,10,34310,1,Weekday
2023-01-03,Kolkata,Cosmetics,23,14651,0,Weekday
2023-01-03,Delhi,Electronics,20,33920,1,Weekday
2023-01-03,Delhi,Clothing,31,12183,0,Weekday
2023-01-03,Delhi,Groceries,57,4674,0,Weekday
2023-01-03,Delhi,Furniture,12,62760,0,Weekday
2023-01-03,Delhi,Cosmetics,29,14065,0,Weekday
2023-01-03,Mumbai,Electronics,20,45960,0,Weekday
2023-01-03,Mumbai,Clothing,32,31680,0,Weekday
2023-01-03,Mumbai,Groceries,55,7645,0,Weekday
2023-01-03,Mumbai,Furniture,10,30160,0,Weekday
2023-01-03,Mumbai,Cosmetics,32,10912,1,Weekday
2023-01-03,Bangalore,Electronics,21,40362,0,Weekday
2023-01-03,Bangalore,Clothing,39,20124,0,Weekday
2023-01-03,Bangalore,Groceries,49,9310,0,Weekday
2023-01-03,Bangalore,Furniture,9,45693,0,Weekday
2023-01-03,Bangalore,Cosmetics,22,13596,0,Weekday
2023-01-03,Hyderabad,Electronics,25,22700,1,Weekday
2023-01-03,Hyderabad,Clothing,38,17556,0,Weekday
2023-01-03,Hyderabad,Groceries,66,12276,1,Weekday
2023-01-03,Hyderabad,Furniture,11,57409,0,Weekday
2023-01-03,Hyderabad,Cosmetics,27,5913,1,Weekday
2023-01-04,Kolkata,Electronics,21,26124,0,Weekday
2023-01-04,Kolkata,Clothing,33,30921,0,Weekday
2023-01-04,Kolkata,Groceries,59,9558,0,Weekday
2023-01-04,Kolkata,Furniture,11,55132,1,Weekday
2023-01-04,Kolkata,Cosmetics,25,16550,0,Weekday
2023-01-04,Delhi,Electronics,22,38940,0,Weekday
2023-01-04,Delhi,Clothing,35,23520,0,Weekday
2023-01-04,Delhi,Groceries,47,7050,0,Weekday
2023-01-04,Delhi,Furniture,9,27729,0,Weekday
2023-01-04,Delhi,Cosmetics,23,12029,1,Weekday
2023-01-04,Mumbai,Electronics,29,29667,1,Weekday
2023-01-04,Mumbai,Clothing,41,16564,1,Weekday
2023-01-04,Mumbai,Groceries,62,8928,0,Weekday
2023-01-04,Mumbai,Furniture,11,39028,0,Weekday
2023-01-04,Mumbai,Cosmetics,28,5124,0,Weekday
2023-01-04,Bangalore,Electronics,20,29460,0,Weekday
2023-01-04,Bangalore,Clothing,35,18725,1,Weekday
2023-01-04,Bangalore,Groceries,73,6351,0,Weekday
2023-01-04,Bangalore,Furniture,11,64284,0,Weekday
2023-01-04,Bangalore,Cosmetics,24,6888,0,Weekday
2023-01-04,Hyderabad,Electronics,24,51672,1,Weekday
2023-01-04,Hyderabad,Clothing,27,28377,1,Weekday
2023-01-04,Hyderabad,Groceries,59,10679,0,Weekday
2023-01-04,Hyderabad,Furniture,15,81000,1,Weekday
2023-01-04,Hyderabad,Cosmetics,23,4485,0,Weekday
2023-01-05,Kolkata,Electronics,25,47400,0,Weekday
2023-01-05,Kolkata,Clothing,35,39550,0,Weekday
2023-01-05,Kolkata,Groceries,65,6240,0,Weekday
2023-01-05,Kolkata,Furniture,11,52657,0,Weekday
2023-01-05,Kolkata,Cosmetics,27,4428,0,Weekday
2023-01-05,Delhi,Electronics,20,49080,0,Weekday
2023-01-05,Delhi,Clothing,31,25916,0,Weekday
2023-01-05,Delhi,Groceries,50,7900,0,Weekday
2023-01-05,Delhi,Furniture,10,39720,0,Weekday
2023-01-05,Delhi,Cosmetics,31,16306,0,Weekday
2023-01-05,Mumbai,Electronics,18,29556,0,Weekday
2023-01-05,Mumbai,Clothing,32,33856,0,Weekday
2023-01-05,Mumbai,Groceries,63,11529,0,Weekday
2023-01-05,Mumbai,Furniture,9,38358,0,Weekday
2023-01-05,Mumbai,Cosmetics,23,8602,0,Weekday
2023-01-05,Bangalore,Electronics,21,19719,0,Weekday
2023-01-05,Bangalore,Clothing,34,33048,0,Weekday
2023-01-05,Bangalore,Groceries,49,8771,0,Weekday
2023-01-05,Bangalore,Furniture,12,42456,1,Weekday
2023-01-05,Bangalore,Cosmetics,20,10500,0,Weekday
2023-01-05,Hyderabad,Electronics,21,27552,1,Weekday
2023-01-05,Hyderabad,Clothing,32,16896,1,Weekday
2023-01-05,Hyderabad,Groceries,71,6461,1,Weekday
2023-01-05,Hyderabad,Furniture,15,78930,1,Weekday
2023-01-05,Hyderabad,Cosmetics,25,6325,0,Weekday
2023-01-06,Kolkata,Electronics,25,24925,0,Weekday
2023-01-06,Kolkata,Clothing,37,19610,0,Weekday
2023-01-06,Kolkata,Groceries,71,9585,0,Weekday
2023-01-06,Kolkata,Furniture,9,42552,0,Weekday
2023-01-06,Kolkata,Cosmetics,25,6975,0,Weekday
2023-01-06,Delhi,Electronics,23,36639,0,Weekday
2023-01-06,Delhi,Clothing,52,44148,1,Weekday
2023-01-06,Delhi,Groceries,71,11360,1,Weekday
2023-01-06,Delhi,Furniture,8,35480,0,Weekday
2023-01-06,Delhi,Cosmetics,32,14240,0,Weekday
2023-01-06,Mumbai,Electronics,27,42606,1,Weekday
2023-01-06,Mumbai,Clothing,55,40150,1,Weekday
2023-01-06,Mumbai,Groceries,74,8288,1,Weekday
2023-01-06,Mumbai,Furniture,9,22086,1,Weekday
2023-01-06,Mumbai,Cosmetics,20,4240,0,Weekday
2023-01-06,Bangalore,Electronics,17,31824,0,Weekday
2023-01-06,Bangalore,Clothing,31,11222,0,Weekday
2023-01-06,Bangalore,Groceries,72,5616,0,Weekday
2023-01-06,Bangalore,Furniture,9,32085,0,Weekday
2023-01-06,Bangalore,Cosmetics,34,6936,0,Weekday
2023-01-06,Hyderabad,Electronics,29,46371,1,Weekday
2023-01-06,Hyderabad,Clothing,47,50102,1,Weekday
2023-01-06,Hyderabad,Groceries,40,2280,0,Weekday
2023-01-06,Hyderabad,Furniture,10,23220,0,Weekday
2023-01-06,Hyderabad,Cosmetics,25,19325,0,Weekday
2023-01-07,Kolkata,Electronics,14,18382,0,Weekend
2023-01-07,Kolkata,Clothing,44,30580,0,Weekend
2023-01-07,Kolkata,Groceries,44,5940,0,Weekend
2023-01-07,Kolkata,Furniture,9,51507,0,Weekend
2023-01-07,Kolkata,Cosmetics,28,4284,0,Weekend
2023-01-07,Delhi,Electronics,23,19044,0,Weekend
2023-01-07,Delhi,Clothing,48,15984,1,Weekend
2023-01-07,Delhi,Groceries,61,4880,0,Weekend
2023-01-07,Delhi,Furniture,9,40221,0,Weekend
2023-01-07,Delhi,Cosmetics,38,19456,1,Weekend
2023-01-07,Mumbai,Electronics,20,16560,0,Weekend
2023-01-07,Mumbai,Clothing,38,42028,1,Weekend
2023-01-07,Mumbai,Groceries,69,5865,1,Weekend
2023-01-07,Mumbai,Furniture,10,59600,0,Weekend
2023-01-07,Mumbai,Cosmetics,19,3990,1,Weekend
2023-01-07,Bangalore,Electronics,21,17661,1,Weekend
2023-01-07,Bangalore,Clothing,33,27159,1,Weekend
2023-01-07,Bangalore,Groceries,78,9594,1,Weekend
2023-01-07,Bangalore,Furniture,11,24299,0,Weekend
2023-01-07,Bangalore,Cosmetics,25,15950,0,Weekend
2023-01-07,Hyderabad,Electronics,25,28350,1,Weekend
2023-01-07,Hyderabad,Clothing,35,31255,0,Weekend
2023-01-07,Hyderabad,Groceries,72,6768,0,Weekend
2023-01-07,Hyderabad,Furniture,11,60049,0,Weekend
2023-01-07,Hyderabad,Cosmetics,29,13340,0,Weekend
2023-01-08,Kolkata,Electronics,22,29590,0,Weekend
2023-01-08,Kolkata,Clothing,47,28999,1,Weekend
2023-01-08,Kolkata,Groceries,53,7049,0,Weekend
2023-01-08,Kolkata,Furniture,9,52992,0,Weekend
2023-01-08,Kolkata,Cosmetics,21,6069,0,Weekend
2023-01-08,Delhi,Electronics,20,44060,1,Weekend
2023-01-08,Delhi,Clothing,45,16245,1,Weekend
2023-01-08,Delhi,Groceries,54,2808,0,Weekend
2023-01-08,Delhi,Furniture,9,42030,0,Weekend
2023-01-08,Delhi,Cosmetics,27,8343,1,Weekend
2023-01-08,Mumbai,Electronics,16,25280,0,Weekend
2023-01-08,Mumbai,Clothing,30,18660,0,Weekend
2023-01-08,Mumbai,Groceries,70,8750,1,Weekend
2023-01-08,Mumbai,Furniture,10,54720,0,Weekend
2023-01-08,Mumbai,Cosmetics,25,18550,0,Weekend
2023-01-08,Bangalore,Electronics,20,18280,0,Weekend
2023-01-08,Bangalore,Clothing,46,25806,1,Weekend
2023-01-08,Bangalore,Groceries,57,5358,0,Weekend
2023-01-08,Bangalore,Furniture,9,18504,0,Weekend
2023-01-08,Bangalore,Cosmetics,27,10989,1,Weekend
2023-01-08,Hyderabad,Electronics,20,46940,1,Weekend
2023-01-08,Hyderabad,Clothing,33,38115,0,Weekend
2023-01-08,Hyderabad,Groceries,52,5824,0,Weekend
2023-01-08,Hyderabad,Furniture,11,27940,0,Weekend
2023-01-08,Hyderabad,Cosmetics,27,9693,0,Weekend
2023-01-09,Kolkata,Electronics,21,24780,1,Weekday
2023-01-09,Kolkata,Clothing,36,27288,0,Weekday
2023-01-09,Kolkata,Groceries,48,5952,0,Weekday
2023-01-09,Kolkata,Furniture,11,58058,1,Weekday
2023-01-09,Kolkata,Cosmetics,27,16254,0,Weekday
2023-01-09,Delhi,Electronics,22,45760,1,Weekday
2023-01-09,Delhi,Clothing,36,29628,0,Weekday
2023-01-09,Delhi,Groceries,66,9372,1,Weekday
2023-01-09,Delhi,Furniture,12,64788,1,Weekday
2023-01-09,Delhi,Cosmetics,27,10395,0,Weekday
2023-01-09,Mumbai,Electronics,15,26325,0,Weekday
2023-01-09,Mumbai,Clothing,36,36576,0,Weekday
2023-01-09,Mumbai,Groceries,62,3720,0,Weekday
2023-01-09,Mumbai,Furniture,11,33836,1,Weekday
2023-01-09,Mumbai,Cosmetics,23,8993,0,Weekday
2023-01-09,Bangalore,Electronics,20,16020,0,Weekday
2023-01-09,Bangalore,Clothing,29,11281,0,Weekday
2023-01-09,Bangalore,Groceries,57,6270,0,Weekday
2023-01-09,Bangalore,Furniture,11,59521,1,Weekday
2023-01-09,Bangalore,Cosmetics,25,15200,1,Weekday
2023-01-09,Hyderabad,Electronics,27,32643,1,Weekday
2023-01-09,Hyderabad,Clothing,36,30096,0,Weekday
2023-01-09,Hyderabad,Groceries,75,6075,0,Weekday
2023-01-09,Hyderabad,Furniture,9,16299,0,Weekday
2023-01-09,Hyderabad,Cosmetics,27,12987,0,Weekday
2023-01-10,Kolkata,Electronics,16,15328,0,Weekday
2023-01-10,Kolkata,Clothing,58,52606,1,Weekday
2023-01-10,Kolkata,Groceries,63,3465,0,Weekday
2023-01-10,Kolkata,Furniture,8,35664,0,Weekday
2023-01-10,Kolkata,Cosmetics,19,12825,0,Weekday
2023-01-10,Delhi,Electronics,24,43296,1,Weekday
2023-01-10,Delhi,Clothing,33,17490,0,Weekday
2023-01-10,Delhi,Groceries,48,4512,0,Weekday
2023-01-10,Delhi,Furniture,11,38423,0,Weekday
2023-01-10,Delhi,Cosmetics,24,17400,0,Weekday
2023-01-10,Mumbai,Electronics,23,48461,0,Weekday
2023-01-10,Mumbai,Clothing,37,24642,0,Weekday
2023-01-10,Mumbai,Groceries,63,5418,0,Weekday
2023-01-10,Mumbai,Furniture,9,15975,0,Weekday
2023-01-10,Mumbai,Cosmetics,24,8016,1,Weekday
2023-01-10,Bangalore,Electronics,20,34360,0,Weekday
2023-01-10,Bangalore,Clothing,26,16510,0,Weekday
2023-01-10,Bangalore,Groceries,71,3834,1,Weekday
2023-01-10,Bangalore,Furniture,9,35766,0,Weekday
2023-01-10,Bangalore,Cosmetics,28,13832,0,Weekday
2023-01-10,Hyderabad,Electronics,20,32000,0,Weekday
2023-01-10,Hyderabad,Clothing,36,36108,0,Weekday
2023-01-10,Hyderabad,Groceries,61,7686,1,Weekday
2023-01-10,Hyderabad,Furniture,11,55583,0,Weekday
2023-01-10,Hyderabad,Cosmetics,31,15283,1,Weekday
2023-01-11,Kolkata,Electronics,15,28320,0,Weekday
2023-01-11,Kolkata,Clothing,41,42435,0,Weekday
2023-01-11,Kolkata,Groceries,60,7260,0,Weekday
2023-01-11,Kolkata,Furniture,12,70788,0,Weekday
2023-01-11,Kolkata,Cosmetics,15,7695,0,Weekday
2023-01-11,Delhi,Electronics,21,37884,1,Weekday
2023-01-11,Delhi,Clothing,33,11550,0,Weekday
2023-01-11,Delhi,Groceries,63,10458,0,Weekday
2023-01-11,Delhi,Furniture,10,55970,0,Weekday
2023-01-11,Delhi,Cosmetics,30,22050,0,Weekday
2023-01-11,Mumbai,Electronics,20,41280,1,Weekday
2023-01-11,Mumbai,Clothing,30,14130,0,Weekday
2023-01-11,Mumbai,Groceries,82,5248,0,Weekday
2023-01-11,Mumbai,Furniture,10,47250,0,Weekday
2023-01-11,Mumbai,Cosmetics,27,15876,0,Weekday
2023-01-11,Bangalore,Electronics,21,31206,0,Weekday
2023-01-11,Bangalore,Clothing,32,24128,0,Weekday
2023-01-11,Bangalore,Groceries,51,2601,0,Weekday
2023-01-11,Bangalore,Furniture,7,26943,0,Weekday
2023-01-11,Bangalore,Cosmetics,17,13090,0,Weekday
2023-01-11,Hyderabad,Electronics,18,34074,0,Weekday
2023-01-11,Hyderabad,Clothing,29,12992,0,Weekday
2023-01-11,Hyderabad,Groceries,57,10203,0,Weekday
2023-01-11,Hyderabad,Furniture,7,20958,0,Weekday
2023-01-11,Hyderabad,Cosmetics,27,12420,0,Weekday
2023-01-12,Kolkata,Electronics,20,24900,0,Weekday
2023-01-12,Kolkata,Clothing,40,33640,0,Weekday
2023-01-12,Kolkata,Groceries,65,10205,0,Weekday
2023-01-12,Kolkata,Furniture,9,22608,0,Weekday
2023-01-12,Kolkata,Cosmetics,27,13770,1,Weekday
2023-01-12,Delhi,Electronics,20,32680,0,Weekday
2023-01-12,Delhi,Clothing,44,28204,1,Weekday
2023-01-12,Delhi,Groceries,67,12261,0,Weekday
2023-01-12,Delhi,Furniture,6,34350,0,Weekday
2023-01-12,Delhi,Cosmetics,31,7564,1,Weekday
2023-01-12,Mumbai,Electronics,20,38660,0,Weekday
2023-01-12,Mumbai,Clothing,30,25080,0,Weekday
2023-01-12,Mumbai,Groceries,63,4347,0,Weekday
2023-01-12,Mumbai,Furniture,10,34530,0,Weekday
2023-01-12,Mumbai,Cosmetics,20,4640,0,Weekday
2023-01-12,Bangalore,Electronics,17,20383,0,Weekday
2023-01-12,Bangalore,Clothing,36,24444,1,Weekday
2023-01-12,Bangalore,Groceries,50,5550,0,Weekday
2023-01-12,Bangalore,Furniture,9,46944,0,Weekday
2023-01-12,Bangalore,Cosmetics,24,5136,0,Weekday
2023-01-12,Hyderabad,Electronics,16,16656,0,Weekday
2023-01-12,Hyderabad,Clothing,39,41613,0,Weekday
2023-01-12,Hyderabad,Groceries,48,4368,0,Weekday
2023-01-12,Hyderabad,Furniture,10,51310,1,Weekday
2023-01-12,Hyderabad,Cosmetics,28,9772,0,Weekday
2023-01-13,Kolkata,Electronics,19,37924,0,Weekday
2023-01-13,Kolkata,Clothing,40,15440,0,Weekday
2023-01-13,Kolkata,Groceries,43,8084,1,Weekday
2023-01-13,Kolkata,Furniture,10,22720,0,Weekday
2023-01-13,Kolkata,Cosmetics,28,22316,1,Weekday
2023-01-13,Delhi,Electronics,20,34400,1,Weekday
2023-01-13,Delhi,Clothing,40,39000,0,Weekday
2023-01-13,Delhi,Groceries,59,11387,0,Weekday
2023-01-13,Delhi,Furniture,9,46773,0,Weekday
2023-01-13,Delhi,Cosmetics,25,6775,1,Weekday
2023-01-13,Mumbai,Electronics,22,48840,1,Weekday
2023-01-13,Mumbai,Clothing,36,19260,0,Weekday
2023-01-13,Mumbai,Groceries,75,5700,0,Weekday
2023-01-13,Mumbai,Furniture,10,52540,0,Weekday
2023-01-13,Mumbai,Cosmetics,17,4709,0,Weekday
2023-01-13,Bangalore,Electronics,20,18700,0,Weekday
2023-01-13,Bangalore,Clothing,38,44270,1,Weekday
2023-01-13,Bangalore,Groceries,52,8372,0,Weekday
2023-01-13,Bangalore,Furniture,12,49608,1,Weekday
2023-01-13,Bangalore,Cosmetics,30,8430,1,Weekday
2023-01-13,Hyderabad,Electronics,20,45840,0,Weekday
2023-01-13,Hyderabad,Clothing,39,13884,0,Weekday
2023-01-13,Hyderabad,Groceries,87,9048,1,Weekday
2023-01-13,Hyderabad,Furniture,10,44620,0,Weekday
2023-01-13,Hyderabad,Cosmetics,24,4032,0,Weekday
2023-01-14,Kolkata,Electronics,18,27702,0,Weekend
2023-01-14,Kolkata,Clothing,37,22274,0,Weekend
2023-01-14,Kolkata,Groceries,54,2862,1,Weekend
2023-01-14,Kolkata,Furniture,11,54681,0,Weekend
2023-01-14,Kolkata,Cosmetics,23,9269,0,Weekend
2023-01-14,Delhi,Electronics,21,28602,0,Weekend
2023-01-14,Delhi,Clothing,36,23328,0,Weekend
2023-01-14,Delhi,Groceries,61,10675,0,Weekend
2023-01-14,Delhi,Furniture,12,26220,1,Weekend
2023-01-14,Delhi,Cosmetics,27,13257,0,Weekend
2023-01-14,Mumbai,Electronics,23,22126,0,Weekend
2023-01-14,Mumbai,Clothing,49,55860,1,Weekend
2023-01-14,Mumbai,Groceries,57,3990,0,Weekend
2023-01-14,Mumbai,Furniture,11,26873,0,Weekend
2023-01-14,Mumbai,Cosmetics,21,9723,0,Weekend
2023-01-14,Bangalore,Electronics,24,42792,1,Weekend
2023-01-14,Bangalore,Clothing,36,26064,1,Weekend
2023-01-14,Bangalore,Groceries,64,7040,0,Weekend
2023-01-14,Bangalore,Furniture,14,72072,1,Weekend
2023-01-14,Bangalore,Cosmetics,30,7050,1,Weekend
2023-01-14,Hyderabad,Electronics,22,46574,0,Weekend
2023-01-14,Hyderabad,Clothing,36,16308,1,Weekend
2023-01-14,Hyderabad,Groceries,52,6656,0,Weekend
2023-01-14,Hyderabad,Furniture,10,36130,1,Weekend
2023-01-14,Hyderabad,Cosmetics,19,7144,0,Weekend
2023-01-15,Kolkata,Electronics,23,46023,0,Weekend
2023-01-15,Kolkata,Clothing,37,29859,0,Weekend
2023-01-15,Kolkata,Groceries,64,5824,1,Weekend
2023-01-15,Kolkata,Furniture,11,19338,0,Weekend
2023-01-15,Kolkata,Cosmetics,22,8998,0,Weekend
2023-01-15,Delhi,Electronics,21,24465,1,Weekend
2023-01-15,Delhi,Clothing,43,17544,1,Weekend
2023-01-15,Delhi,Groceries,60,6480,0,Weekend
2023-01-15,Delhi,Furniture,11,50259,0,Weekend
2023-01-15,Delhi,Cosmetics,39,24765,1,Weekend
2023-01-15,Mumbai,Electronics,16,35488,0,Weekend
2023-01-15,Mumbai,Clothing,40,17200,0,Weekend
2023-01-15,Mumbai,Groceries,62,5146,0,Weekend
2023-01-15,Mumbai,Furniture,9,42723,0,Weekend
2023-01-15,Mumbai,Cosmetics,30,18960,1,Weekend
2023-01-15,Bangalore,Electronics,22,21010,1,Weekend
2023-01-15,Bangalore,Clothing,45,33345,1,Weekend
2023-01-15,Bangalore,Groceries,47,9118,0,Weekend
2023-01-15,Bangalore,Furniture,10,28770,0,Weekend
2023-01-15,Bangalore,Cosmetics,27,18657,0,Weekend
2023-01-15,Hyderabad,Electronics,21,25683,1,Weekend
2023-01-15,Hyderabad,Clothing,34,31314,0,Weekend
2023-01-15,Hyderabad,Groceries,59,4012,1,Weekend
2023-01-15,Hyderabad,Furniture,11,19404,0,Weekend
2023-01-15,Hyderabad,Cosmetics,28,5320,0,Weekend
2023-01-16,Kolkata,Electronics,18,15606,0,Weekday
2023-01-16,Kolkata,Clothing,34,24854,0,Weekday
2023-01-16,Kolkata,Groceries,67,13266,1,Weekday
2023-01-16,Kolkata,Furniture,9,23022,1,Weekday
2023-01-16,Kolkata,Cosmetics,29,16820,1,Weekday
2023-01-16,Delhi,Electronics,19,25194,0,Weekday
2023-01-16,Delhi,Clothing,39,43602,0,Weekday
2023-01-16,Delhi,Groceries,51,5916,0,Weekday
2023-01-16,Delhi,Furniture,11,36212,1,Weekday
2023-01-16,Delhi,Cosmetics,24,10368,0,Weekday
2023-01-16,Mumbai,Electronics,19,41857,0,Weekday
2023-01-16,Mumbai,Clothing,28,28000,0,Weekday
2023-01-16,Mumbai,Groceries,41,5986,1,Weekday
2023-01-16,Mumbai,Furniture,9,39294,0,Weekday
2023-01-16,Mumbai,Cosmetics,28,13496,0,Weekday
2023-01-16,Bangalore,Electronics,21,17178,1,Weekday
2023-01-16,Bangalore,Clothing,29,17400,0,Weekday
2023-01-16,Bangalore,Groceries,67,7839,0,Weekday
2023-01-16,Bangalore,Furniture,10,53080,0,Weekday
2023-01-16,Bangalore,Cosmetics,26,15574,0,Weekday
2023-01-16,Hyderabad,Electronics,22,45958,1,Weekday
2023-01-16,Hyderabad,Clothing,37,30081,0,Weekday
2023-01-16,Hyderabad,Groceries,50,5700,0,Weekday
2023-01-16,Hyderabad,Furniture,7,23233,0,Weekday
2023-01-16,Hyderabad,Cosmetics,27,14148,0,Weekday
2023-01-17,Kolkata,Electronics,20,43740,0,Weekday
2023-01-17,Kolkata,Clothing,46,15640,1,Weekday
2023-01-17,Kolkata,Groceries,68,3808,1,Weekday
2023-01-17,Kolkata,Furniture,10,47730,1,Weekday
2023-01-17,Kolkata,Cosmetics,26,20202,0,Weekday
2023-01-17,Delhi,Electronics,23,53107,0,Weekday
2023-01-17,Delhi,Clothing,35,29960,0,Weekday
2023-01-17,Delhi,Groceries,55,5500,0,Weekday
2023-01-17,Delhi,Furniture,8,12984,1,Weekday
2023-01-17,Delhi,Cosmetics,27,6102,1,Weekday
2023-01-17,Mumbai,Electronics,19,27987,0,Weekday
2023-01-17,Mumbai,Clothing,42,36204,1,Weekday
2023-01-17,Mumbai,Groceries,60,8460,0,Weekday
2023-01-17,Mumbai,Furniture,10,46700,0,Weekday
2023-01-17,Mumbai,Cosmetics,24,15984,0,Weekday
2023-01-17,Bangalore,Electronics,24,23112,0,Weekday
2023-01-17,Bangalore,Clothing,26,11414,0,Weekday
2023-01-17,Bangalore,Groceries,70,4830,0,Weekday
2023-01-17,Bangalore,Furniture,8,24880,0,Weekday
2023-01-17,Bangalore,Cosmetics,25,12850,0,Weekday
2023-01-17,Hyderabad,Electronics,16,38368,0,Weekday
2023-01-17,Hyderabad,Clothing,35,35665,1,Weekday
2023-01-17,Hyderabad,Groceries,68,4760,0,Weekday
2023-01-17,Hyderabad,Furniture,13,73476,1,Weekday
2023-01-17,Hyderabad,Cosmetics,28,22316,1,Weekday
2023-01-18,Kolkata,Electronics,21,40971,1,Weekday
2023-01-18,Kolkata,Clothing,34,23222,0,Weekday
2023-01-18,Kolkata,Groceries,52,9932,0,Weekday
2023-01-18,Kolkata,Furniture,8,23976,0,Weekday
2023-01-18,Kolkata,Cosmetics,26,9464,0,Weekday
2023-01-18,Delhi,Electronics,25,38300,1,Weekday
2023-01-18,Delhi,Clothing,33,24288,0,Weekday
2023-01-18,Delhi,Groceries,52,3744,0,Weekday
2023-01-18,Delhi,Furniture,10,25110,0,Weekday
2023-01-18,Delhi,Cosmetics,33,25740,1,Weekday
2023-01-18,Mumbai,Electronics,28,59164,0,Weekday
2023-01-18,Mumbai,Clothing,39,43563,0,Weekday
2023-01-18,Mumbai,Groceries,71,13348,1,Weekday
2023-01-18,Mumbai,Furniture,9,20862,0,Weekday
2023-01-18,Mumbai,Cosmetics,28,15400,0,Weekday
2023-01-18,Bangalore,Electronics,12,17172,0,Weekday
2023-01-18,Bangalore,Clothing,34,28390,0,Weekday
2023-01-18,Bangalore,Groceries,54,10206,0,Weekday
2023-01-18,Bangalore,Furniture,9,25902,0,Weekday
2023-01-18,Bangalore,Cosmetics,29,15834,0,Weekday
2023-01-18,Hyderabad,Electronics,21,35637,0,Weekday
2023-01-18,Hyderabad,Clothing,33,38082,0,Weekday
2023-01-18,Hyderabad,Groceries,63,7497,0,Weekday
2023-01-18,Hyderabad,Furniture,13,46748,0,Weekday
2023-01-18,Hyderabad,Cosmetics,24,17640,1,Weekday
2023-01-19,Kolkata,Electronics,15,25005,0,Weekday
2023-01-19,Kolkata,Clothing,29,31291,0,Weekday
2023-01-19,Kolkata,Groceries,89,5785,1,Weekday
2023-01-19,Kolkata,Furniture,10,49620,0,Weekday
2023-01-19,Kolkata,Cosmetics,21,14784,0,Weekday
2023-01-19,Delhi,Electronics,22,38984,0,Weekday
2023-01-19,Delhi,Clothing,36,27180,0,Weekday
2023-01-19,Delhi,Groceries,70,10290,0,Weekday
2023-01-19,Delhi,Furniture,11,57376,0,Weekday
2023-01-19,Delhi,Cosmetics,31,11842,0,Weekday
2023-01-19,Mumbai,Electronics,22,49808,0,Weekday
2023-01-19,Mumbai,Clothing,42,48804,0,Weekday
2023-01-19,Mumbai,Groceries,62,4650,0,Weekday
2023-01-19,Mumbai,Furniture,12,38352,0,Weekday
2023-01-19,Mumbai,Cosmetics,25,18675,0,Weekday
2023-01-19,Bangalore,Electronics,17,41021,1,Weekday
2023-01-19,Bangalore,Clothing,33,26136,0,Weekday
2023-01-19,Bangalore,Groceries,56,6664,1,Weekday
2023-01-19,Bangalore,Furniture,6,11136,0,Weekday
2023-01-19,Bangalore,Cosmetics,28,8484,1,Weekday
2023-01-19,Hyderabad,Electronics,21,19404,0,Weekday
2023-01-19,Hyderabad,Clothing,44,19360,1,Weekday
2023-01-19,Hyderabad,Groceries,66,8778,0,Weekday
2023-01-19,Hyderabad,Furniture,8,40952,0,Weekday
2023-01-19,Hyderabad,Cosmetics,30,21480,0,Weekday
2023-01-20,Kolkata,Electronics,20,48520,0,Weekday
2023-01-20,Kolkata,Clothing,30,22110,0,Weekday
2023-01-20,Kolkata,Groceries,72,11952,1,Weekday
2023-01-20,Kolkata,Furniture,8,28024,1,Weekday
2023-01-20,Kolkata,Cosmetics,28,15484,0,Weekday
2023-01-20,Delhi,Electronics,15,13560,0,Weekday
2023-01-20,Delhi,Clothing,35,39305,0,Weekday
2023-01-20,Delhi,Groceries,66,5874,1,Weekday
2023-01-20,Delhi,Furniture,8,23128,0,Weekday
2023-01-20,Delhi,Cosmetics,25,14250,0,Weekday
2023-01-20,Mumbai,Electronics,19,41610,0,Weekday
2023-01-20,Mumbai,Clothing,31,35154,0,Weekday
2023-01-20,Mumbai,Groceries,70,11060,0,Weekday
2023-01-20,Mumbai,Furniture,13,37440,0,Weekday
2023-01-20,Mumbai,Cosmetics,28,18592,0,Weekday
2023-01-20,Bangalore,Electronics,26,31694,1,Weekday
2023-01-20,Bangalore,Clothing,34,28424,1,Weekday
2023-01-20,Bangalore,Groceries,73,7884,0,Weekday
2023-01-20,Bangalore,Furniture,7,17332,0,Weekday
2023-01-20,Bangalore,Cosmetics,27,6777,0,Weekday
2023-01-20,Hyderabad,Electronics,17,34238,1,Weekday
2023-01-20,Hyderabad,Clothing,43,31046,1,Weekday
2023-01-20,Hyderabad,Groceries,67,7102,0,Weekday
2023-01-20,Hyderabad,Furniture,10,37920,1,Weekday
2023-01-20,Hyderabad,Cosmetics,20,5160,0,Weekday
2023-01-21,Kolkata,Electronics,14,26922,1,Weekend
2023-01-21,Kolkata,Clothing,34,11628,0,Weekend
2023-01-21,Kolkata,Groceries,80,8640,1,Weekend
2023-01-21,Kolkata,Furniture,10,49070,0,Weekend
2023-01-21,Kolkata,Cosmetics,25,11550,0,Weekend
2023-01-21,Delhi,Electronics,23,30314,1,Weekend
2023-01-21,Delhi,Clothing,36,11196,1,Weekend
2023-01-21,Delhi,Groceries,55,2970,0,Weekend
2023-01-21,Delhi,Furniture,8,23784,0,Weekend
2023-01-21,Delhi,Cosmetics,28,15120,0,Weekend
2023-01-21,Mumbai,Electronics,21,48300,1,Weekend
2023-01-21,Mumbai,Clothing,32,27936,1,Weekend
2023-01-21,Mumbai,Groceries,60,7200,0,Weekend
2023-01-21,Mumbai,Furniture,10,41330,0,Weekend
2023-01-21,Mumbai,Cosmetics,25,7425,1,Weekend
2023-01-21,Bangalore,Electronics,20,27900,0,Weekend
2023-01-21,Bangalore,Clothing,41,25625,0,Weekend
2023-01-21,Bangalore,Groceries,79,4661,1,Weekend
2023-01-21,Bangalore,Furniture,10,44280,0,Weekend
2023-01-21,Bangalore,Cosmetics,29,23171,0,Weekend
2023-01-21,Hyderabad,Electronics,18,19098,0,Weekend
2023-01-21,Hyderabad,Clothing,37,23680,0,Weekend
2023-01-21,Hyderabad,Groceries,39,5499,1,Weekend
2023-01-21,Hyderabad,Furniture,12,22416,1,Weekend
2023-01-21,Hyderabad,Cosmetics,21,10227,0,Weekend
2023-01-22,Kolkata,Electronics,14,32564,0,Weekend
2023-01-22,Kolkata,Clothing,40,46760,1,Weekend
2023-01-22,Kolkata,Groceries,66,8052,0,Weekend
2023-01-22,Kolkata,Furniture,12,40476,1,Weekend
2023-01-22,Kolkata,Cosmetics,27,7344,1,Weekend
2023-01-22,Delhi,Electronics,17,35275,1,Weekend
2023-01-22,Delhi,Clothing,24,23064,0,Weekend
2023-01-22,Delhi,Groceries,45,6165,0,Weekend
2023-01-22,Delhi,Furniture,14,43918,1,Weekend
2023-01-22,Delhi,Cosmetics,30,6540,0,Weekend
2023-01-22,Mumbai,Electronics,20,18780,0,Weekend
2023-01-22,Mumbai,Clothing,33,34584,0,Weekend
2023-01-22,Mumbai,Groceries,70,10850,1,Weekend
2023-01-22,Mumbai,Furniture,9,14274,0,Weekend
2023-01-22,Mumbai,Cosmetics,28,16968,0,Weekend
2023-01-22,Bangalore,Electronics,17,40477,0,Weekend
2023-01-22,Bangalore,Clothing,43,40635,1,Weekend
2023-01-22,Bangalore,Groceries,53,4081,0,Weekend
2023-01-22,Bangalore,Furniture,8,43856,0,Weekend
2023-01-22,Bangalore,Cosmetics,33,15807,1,Weekend
2023-01-22,Hyderabad,Electronics,26,46826,0,Weekend
2023-01-22,Hyderabad,Clothing,36,22176,0,Weekend
2023-01-22,Hyderabad,Groceries,51,3825,0,Weekend
2023-01-22,Hyderabad,Furniture,5,8750,0,Weekend
2023-01-22,Hyderabad,Cosmetics,25,4350,0,Weekend
2023-01-23,Kolkata,Electronics,23,44068,0,Weekday
2023-01-23,Kolkata,Clothing,39,40716,0,Weekday
2023-01-23,Kolkata,Groceries,59,11505,0,Weekday
2023-01-23,Kolkata,Furniture,9,38367,0,Weekday
2023-01-23,Kolkata,Cosmetics,25,12100,0,Weekday
2023-01-23,Delhi,Electronics,23,23460,0,Weekday
2023-01-23,Delhi,Clothing,34,29614,0,Weekday
2023-01-23,Delhi,Groceries,54,9666,0,Weekday
2023-01-23,Delhi,Furniture,10,33920,0,Weekday
2023-01-23,Delhi,Cosmetics,35,17640,1,Weekday
2023-01-23,Mumbai,Electronics,24,33168,0,Weekday
2023-01-23,Mumbai,Clothing,38,26600,0,Weekday
2023-01-23,Mumbai,Groceries,70,4340,1,Weekday
2023-01-23,Mumbai,Furniture,11,26994,0,Weekday
2023-01-23,Mumbai,Cosmetics,25,16575,0,Weekday
2023-01-23,Bangalore,Electronics,22,25740,0,Weekday
2023-01-23,Bangalore,Clothing,35,12600,0,Weekday
2023-01-23,Bangalore,Groceries,59,10856,0,Weekday
2023-01-23,Bangalore,Furniture,12,20436,1,Weekday
2023-01-23,Bangalore,Cosmetics,27,5913,0,Weekday
2023-01-23,Hyderabad,Electronics,22,37422,0,Weekday
2023-01-23,Hyderabad,Clothing,36,14508,0,Weekday
2023-01-23,Hyderabad,Groceries,65,4940,0,Weekday
2023-01-23,Hyderabad,Furniture,13,52065,1,Weekday
2023-01-23,Hyderabad,Cosmetics,24,15768,1,Weekday
2023-01-24,Kolkata,Electronics,19,30438,0,Weekday
2023-01-24,Kolkata,Clothing,37,30118,0,Weekday
2023-01-24,Kolkata,Groceries,69,5382,0,Weekday
2023-01-24,Kolkata,Furniture,8,17200,0,Weekday
2023-01-24,Kolkata,Cosmetics,30,21330,0,Weekday
2023-01-24,Delhi,Electronics,21,38577,0,Weekday
2023-01-24,Delhi,Clothing,39,38727,0,Weekday
2023-01-24,Delhi,Groceries,61,12139,0,Weekday
2023-01-24,Delhi,Furniture,10,32490,1,Weekday
2023-01-24,Delhi,Cosmetics,29,12905,1,Weekday
2023-01-24,Mumbai,Electronics,21,42945,1,Weekday
2023-01-24,Mumbai,Clothing,36,40788,0,Weekday
2023-01-24,Mumbai,Groceries,49,8673,0,Weekday
2023-01-24,Mumbai,Furniture,11,53097,0,Weekday
2023-01-24,Mumbai,Cosmetics,31,19034,0,Weekday
2023-01-24,Bangalore,Electronics,19,26714,0,Weekday
2023-01-24,Bangalore,Clothing,42,33306,1,Weekday
2023-01-24,Bangalore,Groceries,53,3392,0,Weekday
2023-01-24,Bangalore,Furniture,9,30978,0,Weekday
2023-01-24,Bangalore,Cosmetics,20,13780,0,Weekday
2023-01-24,Hyderabad,Electronics,21,30156,0,Weekday
2023-01-24,Hyderabad,Clothing,45,33840,1,Weekday
2023-01-24,Hyderabad,Groceries,73,7957,0,Weekday
2023-01-24,Hyderabad,Furniture,11,47707,0,Weekday
2023-01-24,Hyderabad,Cosmetics,22,14344,0,Weekday
2023-01-25,Kolkata,Electronics,18,34290,1,Weekday
2023-01-25,Kolkata,Clothing,32,16832,0,Weekday
2023-01-25,Kolkata,Groceries,63,8190,0,Weekday
2023-01-25,Kolkata,Furniture,6,10614,0,Weekday
2023-01-25,Kolkata,Cosmetics,21,4242,0,Weekday
2023-01-25,Delhi,Electronics,22,49170,0,Weekday
2023-01-25,Delhi,Clothing,31,21266,0,Weekday
2023-01-25,Delhi,Groceries,77,13552,1,Weekday
2023-01-25,Delhi,Furniture,10,34730,0,Weekday
2023-01-25,Delhi,Cosmetics,26,11128,0,Weekday
2023-01-25,Mumbai,Electronics,18,26964,0,Weekday
2023-01-25,Mumbai,Clothing,35,20475,1,Weekday
2023-01-25,Mumbai,Groceries,58,11484,0,Weekday
2023-01-25,Mumbai,Furniture,12,51132,0,Weekday
2023-01-25,Mumbai,Cosmetics,17,4199,0,Weekday
2023-01-25,Bangalore,Electronics,25,23475,0,Weekday
2023-01-25,Bangalore,Clothing,28,12264,0,Weekday
2023-01-25,Bangalore,Groceries,64,6720,0,Weekday
2023-01-25,Bangalore,Furniture,12,27792,0,Weekday
2023-01-25,Bangalore,Cosmetics,29,12238,1,Weekday
2023-01-25,Hyderabad,Electronics,18,42714,0,Weekday
2023-01-25,Hyderabad,Clothing,34,12138,1,Weekday
2023-01-25,Hyderabad,Groceries,67,9916,0,Weekday
2023-01-25,Hyderabad,Furniture,14,77070,1,Weekday
2023-01-25,Hyderabad,Cosmetics,27,18522,0,Weekday
2023-01-26,Kolkata,Electronics,19,45638,1,Weekday
2023-01-26,Kolkata,Clothing,43,13072,1,Weekday
2023-01-26,Kolkata,Groceries,73,6789,0,Weekday
2023-01-26,Kolkata,Furniture,11,30459,1,Weekday
2023-01-26,Kolkata,Cosmetics,27,16686,0,Weekday
2023-01-26,Delhi,Electronics,14,27524,0,Weekday
2023-01-26,Delhi,Clothing,36,42768,0,Weekday
2023-01-26,Delhi,Groceries,51,7803,0,Weekday
2023-01-26,Delhi,Furniture,11,27588,1,Weekday
2023-01-26,Delhi,Cosmetics,24,8304,0,Weekday
2023-01-26,Mumbai,Electronics,20,31020,0,Weekday
2023-01-26,Mumbai,Clothing,42,49980,1,Weekday
2023-01-26,Mumbai,Groceries,57,4560,0,Weekday
2023-01-26,Mumbai,Furniture,8,21856,0,Weekday
2023-01-26,Mumbai,Cosmetics,25,18775,0,Weekday
2023-01-26,Bangalore,Electronics,18,22104,0,Weekday
2023-01-26,Bangalore,Clothing,46,50324,1,Weekday
2023-01-26,Bangalore,Groceries,61,5856,0,Weekday
2023-01-26,Bangalore,Furniture,10,29110,0,Weekday
2023-01-26,Bangalore,Cosmetics,24,13632,0,Weekday
2023-01-26,Hyderabad,Electronics,17,41395,0,Weekday
2023-01-26,Hyderabad,Clothing,43,18361,0,Weekday
2023-01-26,Hyderabad,Groceries,56,10808,0,Weekday
2023-01-26,Hyderabad,Furniture,9,22149,0,Weekday
2023-01-26,Hyderabad,Cosmetics,26,15782,1,Weekday
2023-01-27,Kolkata,Electronics,16,35280,0,Weekday
2023-01-27,Kolkata,Clothing,23,6969,0,Weekday
2023-01-27,Kolkata,Groceries,59,3245,0,Weekday
2023-01-27,Kolkata,Furniture,11,32725,0,Weekday
2023-01-27,Kolkata,Cosmetics,30,22440,0,Weekday
2023-01-27,Delhi,Electronics,18,42354,0,Weekday
2023-01-27,Delhi,Clothing,39,22620,1,Weekday
2023-01-27,Delhi,Groceries,41,4387,1,Weekday
2023-01-27,Delhi,Furniture,11,34320,0,Weekday
2023-01-27,Delhi,Cosmetics,35,7105,1,Weekday
2023-01-27,Mumbai,Electronics,19,24358,0,Weekday
2023-01-27,Mumbai,Clothing,34,33966,0,Weekday
2023-01-27,Mumbai,Groceries,57,3477,0,Weekday
2023-01-27,Mumbai,Furniture,12,39924,1,Weekday
2023-01-27,Mumbai,Cosmetics,28,15372,1,Weekday
2023-01-27,Bangalore,Electronics,17,32198,0,Weekday
2023-01-27,Bangalore,Clothing,45,48870,0,Weekday
2023-01-27,Bangalore,Groceries,58,11426,0,Weekday
2023-01-27,Bangalore,Furniture,12,40908,0,Weekday
2023-01-27,Bangalore,Cosmetics,21,12390,0,Weekday
2023-01-27,Hyderabad,Electronics,17,39780,0,Weekday
2023-01-27,Hyderabad,Clothing,35,20965,0,Weekday
2023-01-27,Hyderabad,Groceries,75,9900,1,Weekday
2023-01-27,Hyderabad,Furniture,13,21177,1,Weekday
2023-01-27,Hyderabad,Cosmetics,29,14210,0,Weekday
2023-01-28,Kolkata,Electronics,23,51359,1,Weekend
2023-01-28,Kolkata,Clothing,27,12960,0,Weekend
2023-01-28,Kolkata,Groceries,59,7316,0,Weekend
2023-01-28,Kolkata,Furniture,14,50078,1,Weekend
2023-01-28,Kolkata,Cosmetics,30,13410,0,Weekend
2023-01-28,Delhi,Electronics,24,32472,0,Weekend
2023-01-28,Delhi,Clothing,44,37488,1,Weekend
2023-01-28,Delhi,Groceries,58,3422,0,Weekend
2023-01-28,Delhi,Furniture,10,59160,0,Weekend
2023-01-28,Delhi,Cosmetics,22,14806,0,Weekend
2023-01-28,Mumbai,Electronics,17,36771,0,Weekend
2023-01-28,Mumbai,Clothing,26,15938,0,Weekend
2023-01-28,Mumbai,Groceries,79,11771,1,Weekend
2023-01-28,Mumbai,Furniture,12,68616,1,Weekend
2023-01-28,Mumbai,Cosmetics,25,13625,0,Weekend
2023-01-28,Bangalore,Electronics,21,50001,0,Weekend
2023-01-28,Bangalore,Clothing,51,54672,1,Weekend
2023-01-28,Bangalore,Groceries,58,4640,1,Weekend
2023-01-28,Bangalore,Furniture,8,30704,0,Weekend
2023-01-28,Bangalore,Cosmetics,25,19750,0,Weekend
2023-01-28,Hyderabad,Electronics,17,23919,0,Weekend
2023-01-28,Hyderabad,Clothing,36,15408,1,Weekend
2023-01-28,Hyderabad,Groceries,69,12420,0,Weekend
2023-01-28,Hyderabad,Furniture,7,11690,0,Weekend
2023-01-28,Hyderabad,Cosmetics,30,5760,1,Weekend
2023-01-29,Kolkata,Electronics,19,20862,0,Weekend
2023-01-29,Kolkata,Clothing,34,25092,1,Weekend
2023-01-29,Kolkata,Groceries,68,11016,1,Weekend
2023-01-29,Kolkata,Furniture,10,54570,1,Weekend
2023-01-29,Kolkata,Cosmetics,28,20972,0,Weekend
2023-01-29,Delhi,Electronics,25,52300,1,Weekend
2023-01-29,Delhi,Clothing,29,8874,0,Weekend
2023-01-29,Delhi,Groceries,85,6120,1,Weekend
2023-01-29,Delhi,Furniture,11,47619,0,Weekend
2023-01-29,Delhi,Cosmetics,23,11661,0,Weekend
2023-01-29,Mumbai,Electronics,17,17731,0,Weekend
2023-01-29,Mumbai,Clothing,52,59696,1,Weekend
2023-01-29,Mumbai,Groceries,52,10088,0,Weekend
2023-01-29,Mumbai,Furniture,10,58860,1,Weekend
2023-01-29,Mumbai,Cosmetics,25,13150,0,Weekend
2023-01-29,Bangalore,Electronics,24,31368,0,Weekend
2023-01-29,Bangalore,Clothing,48,28944,1,Weekend
2023-01-29,Bangalore,Groceries,46,7222,0,Weekend
2023-01-29,Bangalore,Furniture,12,42960,1,Weekend
2023-01-29,Bangalore,Cosmetics,17,9418,1,Weekend
2023-01-29,Hyderabad,Electronics,21,40740,0,Weekend
2023-01-29,Hyderabad,Clothing,27,11718,0,Weekend
2023-01-29,Hyderabad,Groceries,62,11346,0,Weekend
2023-01-29,Hyderabad,Furniture,12,65772,0,Weekend
2023-01-29,Hyderabad,Cosmetics,24,8304,0,Weekend
2023-01-30,Kolkata,Electronics,21,26859,1,Weekday
2023-01-30,Kolkata,Clothing,32,10688,0,Weekday
2023-01-30,Kolkata,Groceries,55,10175,0,Weekday
2023-01-30,Kolkata,Furniture,8,36696,0,Weekday
2023-01-30,Kolkata,Cosmetics,28,13328,1,Weekday
2023-01-30,Delhi,Electronics,26,20800,0,Weekday
2023-01-30,Delhi,Clothing,38,24472,0,Weekday
2023-01-30,Delhi,Groceries,68,7616,0,Weekday
2023-01-30,Delhi,Furniture,6,13878,0,Weekday
2023-01-30,Delhi,Cosmetics,25,10450,0,Weekday
2023-01-30,Mumbai,Electronics,21,19887,0,Weekday
2023-01-30,Mumbai,Clothing,33,26202,0,Weekday
2023-01-30,Mumbai,Groceries,61,4575,1,Weekday
2023-01-30,Mumbai,Furniture,7,23611,0,Weekday
2023-01-30,Mumbai,Cosmetics,18,7236,0,Weekday
2023-01-30,Bangalore,Electronics,18,19674,0,Weekday
2023-01-30,Bangalore,Clothing,45,32310,0,Weekday
2023-01-30,Bangalore,Groceries,44,5016,0,Weekday
2023-01-30,Bangalore,Furniture,12,23880,0,Weekday
2023-01-30,Bangalore,Cosmetics,34,9656,0,Weekday
2023-01-30,Hyderabad,Electronics,18,20502,1,Weekday
2023-01-30,Hyderabad,Clothing,28,11508,0,Weekday
2023-01-30,Hyderabad,Groceries,56,10864,0,Weekday
2023-01-30,Hyderabad,Furniture,11,28578,0,Weekday
2023-01-30,Hyderabad,Cosmetics,24,9360,0,Weekday
2023-01-31,Kolkata,Electronics,18,14400,0,Weekday
2023-01-31,Kolkata,Clothing,32,32704,0,Weekday
2023-01-31,Kolkata,Groceries,56,10920,0,Weekday
2023-01-31,Kolkata,Furniture,9,27126,0,Weekday
2023-01-31,Kolkata,Cosmetics,27,4428,0,Weekday
2023-01-31,Delhi,Electronics,22,43802,0,Weekday
2023-01-31,Delhi,Clothing,47,43334,0,Weekday
2023-01-31,Delhi,Groceries,46,6624,0,Weekday
2023-01-31,Delhi,Furniture,7,11886,0,Weekday
2023-01-31,Delhi,Cosmetics,21,13356,0,Weekday
2023-01-31,Mumbai,Electronics,15,14940,0,Weekday
2023-01-31,Mumbai,Clothing,27,13716,0,Weekday
2023-01-31,Mumbai,Groceries,60,7860,0,Weekday
2023-01-31,Mumbai,Furniture,7,20230,0,Weekday
2023-01-31,Mumbai,Cosmetics,27,20547,1,Weekday
2023-01-31,Bangalore,Electronics,22,27852,0,Weekday
2023-01-31,Bangalore,Clothing,41,34973,1,Weekday
2023-01-31,Bangalore,Groceries,61,5063,1,Weekday
2023-01-31,Bangalore,Furniture,10,49540,0,Weekday
2023-01-31,Bangalore,Cosmetics,26,8788,0,Weekday
2023-01-31,Hyderabad,Electronics,19,38133,0,Weekday
2023-01-31,Hyderabad,Clothing,36,22536,0,Weekday
2023-01-31,Hyderabad,Groceries,71,10863,0,Weekday
2023-01-31,Hyderabad,Furniture,12,61488,0,Weekday
2023-01-31,Hyderabad,Cosmetics,22,12782,1,Weekday
2023-02-01,Kolkata,Electronics,23,23529,1,Weekday
2023-02-01,Kolkata,Clothing,37,40108,0,Weekday
2023-02-01,Kolkata,Groceries,61,7808,0,Weekday
2023-02-01,Kolkata,Furniture,7,17381,0,Weekday
2023-02-01,Kolkata,Cosmetics,27,18765,0,Weekday
2023-02-01,Delhi,Electronics,15,28815,0,Weekday
2023-02-01,Delhi,Clothing,28,14224,0,Weekday
2023-02-01,Delhi,Groceries,72,4680,0,Weekday
2023-02-01,Delhi,Furniture,9,18864,0,Weekday
2023-02-01,Delhi,Cosmetics,28,17836,0,Weekday
2023-02-01,Mumbai,Electronics,18,40482,0,Weekday
2023-02-01,Mumbai,Clothing,39,28119,0,Weekday
2023-02-01,Mumbai,Groceries,54,2700,0,Weekday
2023-02-01,Mumbai,Furniture,8,29224,0,Weekday
2023-02-01,Mumbai,Cosmetics,19,11799,0,Weekday
2023-02-01,Bangalore,Electronics,23,40756,0,Weekday
2023-02-01,Bangalore,Clothing,37,17797,1,Weekday
2023-02-01,Bangalore,Groceries,62,6262,0,Weekday
2023-02-01,Bangalore,Furniture,7,29666,0,Weekday
2023-02-01,Bangalore,Cosmetics,21,15960,0,Weekday
2023-02-01,Hyderabad,Electronics,17,30396,0,Weekday
2023-02-01,Hyderabad,Clothing,34,20162,0,Weekday
2023-02-01,Hyderabad,Groceries,65,10920,1,Weekday
2023-02-01,Hyderabad,Furniture,10,30510,0,Weekday
2023-02-01,Hyderabad,Cosmetics,29,6206,0,Weekday
2023-02-02,Kolkata,Electronics,21,28014,1,Weekday
2023-02-02,Kolkata,Clothing,35,17675,0,Weekday
2023-02-02,Kolkata,Groceries,55,6545,0,Weekday
2023-02-02,Kolkata,Furniture,8,21768,0,Weekday
2023-02-02,Kolkata,Cosmetics,23,4439,0,Weekday
2023-02-02,Delhi,Electronics,22,42240,1,Weekday
2023-02-02,Delhi,Clothing,42,48174,1,Weekday
2023-02-02,Delhi,Groceries,55,7040,0,Weekday
2023-02-02,Delhi,Furniture,12,49692,0,Weekday
2023-02-02,Delhi,Cosmetics,25,16675,0,Weekday
2023-02-02,Mumbai,Electronics,20,34320,0,Weekday
2023-02-02,Mumbai,Clothing,29,29551,0,Weekday
2023-02-02,Mumbai,Groceries,67,11993,1,Weekday
2023-02-02,Mumbai,Furniture,7,28588,0,Weekday
2023-02-02,Mumbai,Cosmetics,19,9519,0,Weekday
2023-02-02,Bangalore,Electronics,20,42820,0,Weekday
2023-02-02,Bangalore,Clothing,29,13079,0,Weekday
2023-02-02,Bangalore,Groceries,67,8777,0,Weekday
2023-02-02,Bangalore,Furniture,16,76416,1,Weekday
2023-02-02,Bangalore,Cosmetics,25,17175,0,Weekday
2023-02-02,Hyderabad,Electronics,20,22740,0,Weekday
2023-02-02,Hyderabad,Clothing,34,16184,0,Weekday
2023-02-02,Hyderabad,Groceries,81,7695,1,Weekday
2023-02-02,Hyderabad,Furniture,10,40110,1,Weekday
2023-02-02,Hyderabad,Cosmetics,22,10626,0,Weekday
2023-02-03,Kolkata,Electronics,23,20447,0,Weekday
2023-02-03,Kolkata,Clothing,35,28455,0,Weekday
2023-02-03,Kolkata,Groceries,58,7366,1,Weekday
2023-02-03,Kolkata,Furniture,5,13010,0,Weekday
2023-02-03,Kolkata,Cosmetics,26,18382,0,Weekday
2023-02-03,Delhi,Electronics,22,53570,0,Weekday
2023-02-03,Delhi,Clothing,38,18658,0,Weekday
2023-02-03,Delhi,Groceries,63,6111,0,Weekday
2023-02-03,Delhi,Furniture,13,54522,1,Weekday
2023-02-03,Delhi,Cosmetics,27,11340,0,Weekday
2023-02-03,Mumbai,Electronics,18,23904,0,Weekday
2023-02-03,Mumbai,Clothing,35,28875,0,Weekday
2023-02-03,Mumbai,Groceries,62,3658,0,Weekday
2023-02-03,Mumbai,Furniture,11,41184,0,Weekday
2023-02-03,Mumbai,Cosmetics,33,17853,1,Weekday
2023-02-03,Bangalore,Electronics,18,26118,0,Weekday
2023-02-03,Bangalore,Clothing,34,26112,0,Weekday
2023-02-03,Bangalore,Groceries,63,6237,0,Weekday
2023-02-03,Bangalore,Furniture,12,33228,1,Weekday
2023-02-03,Bangalore,Cosmetics,25,5150,0,Weekday
2023-02-03,Hyderabad,Electronics,18,28800,0,Weekday
2023-02-03,Hyderabad,Clothing,38,18202,1,Weekday
2023-02-03,Hyderabad,Groceries,55,9625,0,Weekday
2023-02-03,Hyderabad,Furniture,11,59114,0,Weekday
2023-02-03,Hyderabad,Cosmetics,25,17275,0,Weekday
2023-02-04,Kolkata,Electronics,20,18760,0,Weekend
2023-02-04,Kolkata,Clothing,33,16797,0,Weekend
2023-02-04,Kolkata,Groceries,51,8211,0,Weekend
2023-02-04,Kolkata,Furniture,9,37467,0,Weekend
2023-02-04,Kolkata,Cosmetics,29,6873,1,Weekend
2023-02-04,Delhi,Electronics,21,41454,0,Weekend
2023-02-04,Delhi,Clothing,41,19557,1,Weekend
2023-02-04,Delhi,Groceries,77,11396,1,Weekend
2023-02-04,Delhi,Furniture,9,40536,0,Weekend
2023-02-04,Delhi,Cosmetics,35,11830,1,Weekend
2023-02-04,Mumbai,Electronics,24,40152,1,Weekend
2023-02-04,Mumbai,Clothing,42,34566,1,Weekend
2023-02-04,Mumbai,Groceries,57,6669,1,Weekend
2023-02-04,Mumbai,Furniture,12,27204,0,Weekend
2023-02-04,Mumbai,Cosmetics,27,14715,0,Weekend
2023-02-04,Bangalore,Electronics,25,41550,1,Weekend
2023-02-04,Bangalore,Clothing,46,37214,1,Weekend
2023-02-04,Bangalore,Groceries,67,5159,1,Weekend
2023-02-04,Bangalore,Furniture,9,35235,0,Weekend
2023-02-04,Bangalore,Cosmetics,17,5083,0,Weekend
2023-02-04,Hyderabad,Electronics,21,21294,0,Weekend
2023-02-04,Hyderabad,Clothing,30,19980,1,Weekend
2023-02-04,Hyderabad,Groceries,46,8832,1,Weekend
2023-02-04,Hyderabad,Furniture,10,20870,1,Weekend
2023-02-04,Hyderabad,Cosmetics,27,7938,0,Weekend
2023-02-05,Kolkata,Electronics,21,23772,0,Weekend
2023-02-05,Kolkata,Clothing,34,36040,0,Weekend
2023-02-05,Kolkata,Groceries,84,4956,1,Weekend
2023-02-05,Kolkata,Furniture,9,38142,0,Weekend
2023-02-05,Kolkata,Cosmetics,22,3938,0,Weekend
2023-02-05,Delhi,Electronics,19,43092,0,Weekend
2023-02-05,Delhi,Clothing,29,33205,0,Weekend
2023-02-05,Delhi,Groceries,78,5460,1,Weekend
2023-02-05,Delhi,Furniture,10,40330,0,Weekend
2023-02-05,Delhi,Cosmetics,29,9918,1,Weekend
2023-02-05,Mumbai,Electronics,16,35984,0,Weekend
2023-02-05,Mumbai,Clothing,26,25558,0,Weekend
2023-02-05,Mumbai,Groceries,69,11454,1,Weekend
2023-02-05,Mumbai,Furniture,10,30520,1,Weekend
2023-02-05,Mumbai,Cosmetics,28,9884,1,Weekend
2023-02-05,Bangalore,Electronics,22,54714,1,Weekend
2023-02-05,Bangalore,Clothing,39,32292,1,Weekend
2023-02-05,Bangalore,Groceries,61,9638,0,Weekend
2023-02-05,Bangalore,Furniture,6,15420,0,Weekend
2023-02-05,Bangalore,Cosmetics,25,5775,0,Weekend
2023-02-05,Hyderabad,Electronics,30,48630,1,Weekend
2023-02-05,Hyderabad,Clothing,40,19960,0,Weekend
2023-02-05,Hyderabad,Groceries,57,11343,0,Weekend
2023-02-05,Hyderabad,Furniture,9,23922,0,Weekend
2023-02-05,Hyderabad,Cosmetics,24,12696,0,Weekend
2023-02-06,Kolkata,Electronics,18,32202,1,Weekday
2023-02-06,Kolkata,Clothing,23,17894,0,Weekday
2023-02-06,Kolkata,Groceries,52,6604,0,Weekday
2023-02-06,Kolkata,Furniture,11,62359,0,Weekday
2023-02-06,Kolkata,Cosmetics,22,3366,0,Weekday
2023-02-06,Delhi,Electronics,16,22384,0,Weekday
2023-02-06,Delhi,Clothing,31,30597,0,Weekday
2023-02-06,Delhi,Groceries,66,7722,0,Weekday
2023-02-06,Delhi,Furniture,8,42656,0,Weekday
2023-02-06,Delhi,Cosmetics,29,7424,0,Weekday
2023-02-06,Mumbai,Electronics,21,32067,1,Weekday
2023-02-06,Mumbai,Clothing,25,19800,0,Weekday
2023-02-06,Mumbai,Groceries,48,4032,0,Weekday
2023-02-06,Mumbai,Furniture,7,38115,0,Weekday
2023-02-06,Mumbai,Cosmetics,17,10421,0,Weekday
2023-02-06,Bangalore,Electronics,19,28690,0,Weekday
2023-02-06,Bangalore,Clothing,38,24092,0,Weekday
2023-02-06,Bangalore,Groceries,57,4047,0,Weekday
2023-02-06,Bangalore,Furniture,9,38115,0,Weekday
2023-02-06,Bangalore,Cosmetics,33,25047,1,Weekday
2023-02-06,Hyderabad,Electronics,14,30772,1,Weekday
2023-02-06,Hyderabad,Clothing,45,35640,0,Weekday
2023-02-06,Hyderabad,Groceries,70,6790,0,Weekday
2023-02-06,Hyderabad,Furniture,9,22653,0,Weekday
2023-02-06,Hyderabad,Cosmetics,30,17730,0,Weekday
2023-02-07,Kolkata,Electronics,19,34048,0,Weekday
2023-02-07,Kolkata,Clothing,36,36144,0,Weekday
2023-02-07,Kolkata,Groceries,62,8246,1,Weekday
2023-02-07,Kolkata,Furniture,10,55010,0,Weekday
2023-02-07,Kolkata,Cosmetics,25,5850,1,Weekday
2023-02-07,Delhi,Electronics,19,33611,0,Weekday
2023-02-07,Delhi,Clothing,36,38340,0,Weekday
2023-02-07,Delhi,Groceries,63,6552,0,Weekday
2023-02-07,Delhi,Furniture,10,54010,1,Weekday
2023-02-07,Delhi,Cosmetics,27,18414,1,Weekday
2023-02-07,Mumbai,Electronics,21,38073,0,Weekday
2023-02-07,Mumbai,Clothing,37,33485,0,Weekday
2023-02-07,Mumbai,Groceries,80,9600,0,Weekday
2023-02-07,Mumbai,Furniture,10,48200,0,Weekday
2023-02-07,Mumbai,Cosmetics,26,9620,1,Weekday
2023-02-07,Bangalore,Electronics,18,19476,0,Weekday
2023-02-07,Bangalore,Clothing,33,14124,1,Weekday
2023-02-07,Bangalore,Groceries,88,11528,1,Weekday
2023-02-07,Bangalore,Furniture,11,31801,0,Weekday
2023-02-07,Bangalore,Cosmetics,25,12000,0,Weekday
2023-02-07,Hyderabad,Electronics,19,33421,0,Weekday
2023-02-07,Hyderabad,Clothing,31,16802,0,Weekday
2023-02-07,Hyderabad,Groceries,62,11594,1,Weekday
2023-02-07,Hyderabad,Furniture,11,58157,0,Weekday
2023-02-07,Hyderabad,Cosmetics,20,15860,1,Weekday
2023-02-08,Kolkata,Electronics,17,36652,0,Weekday
2023-02-08,Kolkata,Clothing,43,31734,1,Weekday
2023-02-08,Kolkata,Groceries,57,6669,1,Weekday
2023-02-08,Kolkata,Furniture,10,30570,0,Weekday
2023-02-08,Kolkata,Cosmetics,28,20888,0,Weekday
2023-02-08,Delhi,Electronics,24,48264,0,Weekday
2023-02-08,Delhi,Clothing,38,22648,0,Weekday
2023-02-08,Delhi,Groceries,54,3294,0,Weekday
2023-02-08,Delhi,Furniture,11,57420,0,Weekday
2023-02-08,Delhi,Cosmetics,24,6312,0,Weekday
2023-02-08,Mumbai,Electronics,22,21032,0,Weekday
2023-02-08,Mumbai,Clothing,29,29551,0,Weekday
2023-02-08,Mumbai,Groceries,57,6042,0,Weekday
2023-02-08,Mumbai,Furniture,10,34240,0,Weekday
2023-02-08,Mumbai,Cosmetics,26,6838,1,Weekday
2023-02-08,Bangalore,Electronics,19,27398,0,Weekday
2023-02-08,Bangalore,Clothing,44,26356,0,Weekday
2023-02-08,Bangalore,Groceries,61,6893,0,Weekday
2023-02-08,Bangalore,Furniture,13,37089,1,Weekday
2023-02-08,Bangalore,Cosmetics,24,14472,0,Weekday
2023-02-08,Hyderabad,Electronics,22,44462,0,Weekday
2023-02-08,Hyderabad,Clothing,36,34452,0,Weekday
2023-02-08,Hyderabad,Groceries,47,8178,0,Weekday
2023-02-08,Hyderabad,Furniture,12,70512,1,Weekday
2023-02-08,Hyderabad,Cosmetics,22,5104,0,Weekday
2023-02-09,Kolkata,Electronics,21,31101,0,Weekday
2023-02-09,Kolkata,Clothing,36,13356,0,Weekday
2023-02-09,Kolkata,Groceries,71,11076,0,Weekday
2023-02-09,Kolkata,Furniture,7,20244,0,Weekday
2023-02-09,Kolkata,Cosmetics,34,19516,1,Weekday
2023-02-09,Delhi,Electronics,19,38171,0,Weekday
2023-02-09,Delhi,Clothing,27,25974,0,Weekday
2023-02-09,Delhi,Groceries,73,9344,0,Weekday
2023-02-09,Delhi,Furniture,9,37611,0,Weekday
2023-02-09,Delhi,Cosmetics,27,14067,0,Weekday
2023-02-09,Mumbai,Electronics,17,27778,1,Weekday
2023-02-09,Mumbai,Clothing,39,23244,0,Weekday
2023-02-09,Mumbai,Groceries,62,12338,0,Weekday
2023-02-09,Mumbai,Furniture,8,47568,0,Weekday
2023-02-09,Mumbai,Cosmetics,25,9100,1,Weekday
2023-02-09,Bangalore,Electronics,22,52008,1,Weekday
2023-02-09,Bangalore,Clothing,40,32040,0,Weekday
2023-02-09,Bangalore,Groceries,59,8791,0,Weekday
2023-02-09,Bangalore,Furniture,10,15750,0,Weekday
2023-02-09,Bangalore,Cosmetics,31,12896,1,Weekday
2023-02-09,Hyderabad,Electronics,18,39060,0,Weekday
2023-02-09,Hyderabad,Clothing,35,10535,0,Weekday
2023-02-09,Hyderabad,Groceries,57,8094,0,Weekday
2023-02-09,Hyderabad,Furniture,9,20862,0,Weekday
2023-02-09,Hyderabad,Cosmetics,30,14430,0,Weekday
2023-02-10,Kolkata,Electronics,17,25432,1,Weekday
2023-02-10,Kolkata,Clothing,37,14911,0,Weekday
2023-02-10,Kolkata,Groceries,70,13020,1,Weekday
2023-02-10,Kolkata,Furniture,11,61380,1,Weekday
2023-02-10,Kolkata,Cosmetics,27,16254,0,Weekday
2023-02-10,Delhi,Electronics,21,27867,0,Weekday
2023-02-10,Delhi,Clothing,38,34352,0,Weekday
2023-02-10,Delhi,Groceries,69,8418,1,Weekday
2023-02-10,Delhi,Furniture,11,65329,1,Weekday
2023-02-10,Delhi,Cosmetics,28,20748,0,Weekday
2023-02-10,Mumbai,Electronics,18,23814,0,Weekday
2023-02-10,Mumbai,Clothing,38,42104,0,Weekday
2023-02-10,Mumbai,Groceries,75,11400,1,Weekday
2023-02-10,Mumbai,Furniture,9,23796,1,Weekday
2023-02-10,Mumbai,Cosmetics,34,14348,1,Weekday
2023-02-10,Bangalore,Electronics,17,38131,0,Weekday
2023-02-10,Bangalore,Clothing,34,37162,0,Weekday
2023-02-10,Bangalore,Groceries,68,10540,1,Weekday
2023-02-10,Bangalore,Furniture,11,20845,0,Weekday
2023-02-10,Bangalore,Cosmetics,23,17664,0,Weekday
2023-02-10,Hyderabad,Electronics,22,18876,0,Weekday
2023-02-10,Hyderabad,Clothing,39,27768,1,Weekday
2023-02-10,Hyderabad,Groceries,36,6768,0,Weekday
2023-02-10,Hyderabad,Furniture,13,23322,0,Weekday
2023-02-10,Hyderabad,Cosmetics,28,11452,0,Weekday
2023-02-11,Kolkata,Electronics,19,25080,0,Weekend
2023-02-11,Kolkata,Clothing,29,14877,0,Weekend
2023-02-11,Kolkata,Groceries,56,7280,0,Weekend
2023-02-11,Kolkata,Furniture,10,44030,1,Weekend
2023-02-11,Kolkata,Cosmetics,28,10164,0,Weekend
2023-02-11,Delhi,Electronics,21,44856,0,Weekend
2023-02-11,Delhi,Clothing,32,28928,0,Weekend
2023-02-11,Delhi,Groceries,54,5508,0,Weekend
2023-02-11,Delhi,Furniture,9,25245,0,Weekend
2023-02-11,Delhi,Cosmetics,23,14697,1,Weekend
2023-02-11,Mumbai,Electronics,17,32895,1,Weekend
2023-02-11,Mumbai,Clothing,32,17248,0,Weekend
2023-02-11,Mumbai,Groceries,57,4731,1,Weekend
2023-02-11,Mumbai,Furniture,8,36880,0,Weekend
2023-02-11,Mumbai,Cosmetics,23,10879,0,Weekend
2023-02-11,Bangalore,Electronics,24,41472,0,Weekend
2023-02-11,Bangalore,Clothing,40,30600,0,Weekend
2023-02-11,Bangalore,Groceries,70,10500,0,Weekend
2023-02-11,Bangalore,Furniture,13,65663,1,Weekend
2023-02-11,Bangalore,Cosmetics,21,11025,0,Weekend
2023-02-11,Hyderabad,Electronics,15,30330,1,Weekend
2023-02-11,Hyderabad,Clothing,41,23657,0,Weekend
2023-02-11,Hyderabad,Groceries,69,6555,0,Weekend
2023-02-11,Hyderabad,Furniture,7,33124,0,Weekend
2023-02-11,Hyderabad,Cosmetics,22,5764,1,Weekend
2023-02-12,Kolkata,Electronics,29,45733,1,Weekend
2023-02-12,Kolkata,Clothing,40,24040,0,Weekend
2023-02-12,Kolkata,Groceries,67,4020,0,Weekend
2023-02-12,Kolkata,Furniture,10,49310,0,Weekend
2023-02-12,Kolkata,Cosmetics,18,6912,0,Weekend
2023-02-12,Delhi,Electronics,21,39963,1,Weekend
2023-02-12,Delhi,Clothing,32,16960,0,Weekend
2023-02-12,Delhi,Groceries,60,8820,0,Weekend
2023-02-12,Delhi,Furniture,11,43582,1,Weekend
2023-02-12,Delhi,Cosmetics,22,6358,0,Weekend
2023-02-12,Mumbai,Electronics,24,50232,1,Weekend
2023-02-12,Mumbai,Clothing,28,33292,0,Weekend
2023-02-12,Mumbai,Groceries,69,8004,0,Weekend
2023-02-12,Mumbai,Furniture,12,22692,0,Weekend
2023-02-12,Mumbai,Cosmetics,28,11284,1,Weekend
2023-02-12,Bangalore,Electronics,14,11466,0,Weekend
2023-02-12,Bangalore,Clothing,34,31144,0,Weekend
2023-02-12,Bangalore,Groceries,65,7930,1,Weekend
2023-02-12,Bangalore,Furniture,12,56808,1,Weekend
2023-02-12,Bangalore,Cosmetics,27,9693,0,Weekend
2023-02-12,Hyderabad,Electronics,19,29545,0,Weekend
2023-02-12,Hyderabad,Clothing,49,53410,1,Weekend
2023-02-12,Hyderabad,Groceries,68,10404,0,Weekend
2023-02-12,Hyderabad,Furniture,13,59293,0,Weekend
2023-02-12,Hyderabad,Cosmetics,22,6094,0,Weekend
2023-02-13,Kolkata,Electronics,20,32520,0,Weekday
2023-02-13,Kolkata,Clothing,38,44422,0,Weekday
2023-02-13,Kolkata,Groceries,81,12393,1,Weekday
2023-02-13,Kolkata,Furniture,9,34650,0,Weekday
2023-02-13,Kolkata,Cosmetics,34,18530,0,Weekday
2023-02-13,Delhi,Electronics,16,13568,0,Weekday
2023-02-13,Delhi,Clothing,39,36582,0,Weekday
2023-02-13,Delhi,Groceries,55,10450,1,Weekday
2023-02-13,Delhi,Furniture,11,32109,0,Weekday
2023-02-13,Delhi,Cosmetics,21,14196,1,Weekday
2023-02-13,Mumbai,Electronics,20,47380,0,Weekday
2023-02-13,Mumbai,Clothing,36,29880,0,Weekday
2023-02-13,Mumbai,Groceries,64,7680,0,Weekday
2023-02-13,Mumbai,Furniture,10,51960,1,Weekday
2023-02-13,Mumbai,Cosmetics,24,18624,0,Weekday
2023-02-13,Bangalore,Electronics,22,27456,0,Weekday
2023-02-13,Bangalore,Clothing,39,42822,0,Weekday
2023-02-13,Bangalore,Groceries,62,3162,0,Weekday
2023-02-13,Bangalore,Furniture,11,23815,0,Weekday
2023-02-13,Bangalore,Cosmetics,26,14612,0,Weekday
2023-02-13,Hyderabad,Electronics,16,34672,0,Weekday
2023-02-13,Hyderabad,Clothing,30,13200,0,Weekday
2023-02-13,Hyderabad,Groceries,75,12300,0,Weekday
2023-02-13,Hyderabad,Furniture,9,39195,0,Weekday
2023-02-13,Hyderabad,Cosmetics,23,11017,0,Weekday
2023-02-14,Kolkata,Electronics,22,29788,0,Weekday
2023-02-14,Kolkata,Clothing,35,15155,0,Weekday
2023-02-14,Kolkata,Groceries,55,8305,0,Weekday
2023-02-14,Kolkata,Furniture,9,31293,1,Weekday
2023-02-14,Kolkata,Cosmetics,22,12628,0,Weekday
2023-02-14,Delhi,Electronics,25,62175,0,Weekday
2023-02-14,Delhi,Clothing,40,14200,1,Weekday
2023-02-14,Delhi,Groceries,73,8760,0,Weekday
2023-02-14,Delhi,Furniture,9,37377,0,Weekday
2023-02-14,Delhi,Cosmetics,22,7964,0,Weekday
2023-02-14,Mumbai,Electronics,20,23900,0,Weekday
2023-02-14,Mumbai,Clothing,37,40367,0,Weekday
2023-02-14,Mumbai,Groceries,62,4650,0,Weekday
2023-02-14,Mumbai,Furniture,11,33704,0,Weekday
2023-02-14,Mumbai,Cosmetics,18,10440,0,Weekday
2023-02-14,Bangalore,Electronics,17,38063,0,Weekday
2023-02-14,Bangalore,Clothing,31,20925,0,Weekday
2023-02-14,Bangalore,Groceries,68,12104,0,Weekday
2023-02-14,Bangalore,Furniture,8,13160,0,Weekday
2023-02-14,Bangalore,Cosmetics,20,12260,0,Weekday
2023-02-14,Hyderabad,Electronics,19,41040,0,Weekday
2023-02-14,Hyderabad,Clothing,47,25286,1,Weekday
2023-02-14,Hyderabad,Groceries,58,8004,1,Weekday
2023-02-14,Hyderabad,Furniture,10,29900,1,Weekday
2023-02-14,Hyderabad,Cosmetics,24,18528,0,Weekday
2023-02-15,Kolkata,Electronics,26,32240,1,Weekday
2023-02-15,Kolkata,Clothing,41,20090,0,Weekday
2023-02-15,Kolkata,Groceries,58,4640,0,Weekday
2023-02-15,Kolkata,Furniture,10,47790,1,Weekday
2023-02-15,Kolkata,Cosmetics,27,11502,0,Weekday
2023-02-15,Delhi,Electronics,23,45103,0,Weekday
2023-02-15,Delhi,Clothing,30,16950,0,Weekday
2023-02-15,Delhi,Groceries,52,8216,0,Weekday
2023-02-15,Delhi,Furniture,8,19328,0,Weekday
2023-02-15,Delhi,Cosmetics,28,14140,0,Weekday
2023-02-15,Mumbai,Electronics,24,38208,1,Weekday
2023-02-15,Mumbai,Clothing,35,35175,1,Weekday
2023-02-15,Mumbai,Groceries,66,12540,0,Weekday
2023-02-15,Mumbai,Furniture,8,38776,0,Weekday
2023-02-15,Mumbai,Cosmetics,24,16872,0,Weekday
2023-02-15,Bangalore,Electronics,12,18084,0,Weekday
2023-02-15,Bangalore,Clothing,41,19598,1,Weekday
2023-02-15,Bangalore,Groceries,54,7452,1,Weekday
2023-02-15,Bangalore,Furniture,12,26004,0,Weekday
2023-02-15,Bangalore,Cosmetics,25,6525,0,Weekday
2023-02-15,Hyderabad,Electronics,17,32623,0,Weekday
2023-02-15,Hyderabad,Clothing,36,15732,1,Weekday
2023-02-15,Hyderabad,Groceries,50,6200,0,Weekday
2023-02-15,Hyderabad,Furniture,10,42590,0,Weekday
2023-02-15,Hyderabad,Cosmetics,30,8640,0,Weekday
2023-02-16,Kolkata,Electronics,18,31446,1,Weekday
2023-02-16,Kolkata,Clothing,49,51499,1,Weekday
2023-02-16,Kolkata,Groceries,56,7000,0,Weekday
2023-02-16,Kolkata,Furniture,10,48460,0,Weekday
2023-02-16,Kolkata,Cosmetics,20,14380,1,Weekday
2023-02-16,Delhi,Electronics,19,17879,0,Weekday
2023-02-16,Delhi,Clothing,37,22274,1,Weekday
2023-02-16,Delhi,Groceries,55,2860,0,Weekday
2023-02-16,Delhi,Furniture,9,25470,1,Weekday
2023-02-16,Delhi,Cosmetics,31,20429,0,Weekday
2023-02-16,Mumbai,Electronics,17,26265,0,Weekday
2023-02-16,Mumbai,Clothing,33,15048,0,Weekday
2023-02-16,Mumbai,Groceries,61,8967,0,Weekday
2023-02-16,Mumbai,Furniture,7,34216,0,Weekday
2023-02-16,Mumbai,Cosmetics,25,4950,0,Weekday
2023-02-16,Bangalore,Electronics,25,53600,1,Weekday
2023-02-16,Bangalore,Clothing,32,13120,1,Weekday
2023-02-16,Bangalore,Groceries,46,7866,0,Weekday
2023-02-16,Bangalore,Furniture,11,54604,0,Weekday
2023-02-16,Bangalore,Cosmetics,21,14091,0,Weekday
2023-02-16,Hyderabad,Electronics,17,42075,0,Weekday
2023-02-16,Hyderabad,Clothing,46,52946,0,Weekday
2023-02-16,Hyderabad,Groceries,51,7548,0,Weekday
2023-02-16,Hyderabad,Furniture,10,33630,0,Weekday
2023-02-16,Hyderabad,Cosmetics,18,9630,0,Weekday
2023-02-17,Kolkata,Electronics,19,20064,0,Weekday
2023-02-17,Kolkata,Clothing,40,36880,0,Weekday
2023-02-17,Kolkata,Groceries,66,7986,0,Weekday
2023-02-17,Kolkata,Furniture,12,51408,1,Weekday
2023-02-17,Kolkata,Cosmetics,22,7546,0,Weekday
2023-02-17,Delhi,Electronics,15,31800,0,Weekday
2023-02-17,Delhi,Clothing,39,25350,0,Weekday
2023-02-17,Delhi,Groceries,58,3422,0,Weekday
2023-02-17,Delhi,Furniture,7,32466,0,Weekday
2023-02-17,Delhi,Cosmetics,28,14840,0,Weekday
2023-02-17,Mumbai,Electronics,20,24920,0,Weekday
2023-02-17,Mumbai,Clothing,30,26040,0,Weekday
2023-02-17,Mumbai,Groceries,59,7021,0,Weekday
2023-02-17,Mumbai,Furniture,12,71352,1,Weekday
2023-02-17,Mumbai,Cosmetics,27,17793,0,Weekday
2023-02-17,Bangalore,Electronics,24,49152,0,Weekday
2023-02-17,Bangalore,Clothing,38,15428,0,Weekday
2023-02-17,Bangalore,Groceries,54,6588,0,Weekday
2023-02-17,Bangalore,Furniture,12,67296,0,Weekday
2023-02-17,Bangalore,Cosmetics,34,10370,1,Weekday
2023-02-17,Hyderabad,Electronics,17,14977,0,Weekday
2023-02-17,Hyderabad,Clothing,37,23273,1,Weekday
2023-02-17,Hyderabad,Groceries,52,7696,0,Weekday
2023-02-17,Hyderabad,Furniture,12,21240,1,Weekday
2023-02-17,Hyderabad,Cosmetics,27,8586,0,Weekday
2023-02-18,Kolkata,Electronics,11,11110,0,Weekend
2023-02-18,Kolkata,Clothing,32,16064,0,Weekend
2023-02-18,Kolkata,Groceries,64,4672,1,Weekend
2023-02-18,Kolkata,Furniture,8,45752,0,Weekend
2023-02-18,Kolkata,Cosmetics,23,8418,0,Weekend
2023-02-18,Delhi,Electronics,13,30667,0,Weekend
2023-02-18,Delhi,Clothing,39,14196,0,Weekend
2023-02-18,Delhi,Groceries,73,8103,1,Weekend
2023-02-18,Delhi,Furniture,9,53820,0,Weekend
2023-02-18,Delhi,Cosmetics,31,24459,0,Weekend
2023-02-18,Mumbai,Electronics,20,20500,0,Weekend
2023-02-18,Mumbai,Clothing,39,27144,1,Weekend
2023-02-18,Mumbai,Groceries,69,6693,1,Weekend
2023-02-18,Mumbai,Furniture,13,42263,1,Weekend
2023-02-18,Mumbai,Cosmetics,29,16298,0,Weekend
2023-02-18,Bangalore,Electronics,29,57072,1,Weekend
2023-02-18,Bangalore,Clothing,40,23680,0,Weekend
2023-02-18,Bangalore,Groceries,61,12017,1,Weekend
2023-02-18,Bangalore,Furniture,9,46296,1,Weekend
2023-02-18,Bangalore,Cosmetics,29,10672,1,Weekend
2023-02-18,Hyderabad,Electronics,24,24864,0,Weekend
2023-02-18,Hyderabad,Clothing,46,49266,0,Weekend
2023-02-18,Hyderabad,Groceries,59,9086,1,Weekend
2023-02-18,Hyderabad,Furniture,8,24576,1,Weekend
2023-02-18,Hyderabad,Cosmetics,25,17975,0,Weekend
2023-02-19,Kolkata,Electronics,18,26406,0,Weekend
2023-02-19,Kolkata,Clothing,31,23560,0,Weekend
2023-02-19,Kolkata,Groceries,73,7738,1,Weekend
2023-02-19,Kolkata,Furniture,12,49440,0,Weekend
2023-02-19,Kolkata,Cosmetics,18,10998,0,Weekend
2023-02-19,Delhi,Electronics,20,33900,1,Weekend
2023-02-19,Delhi,Clothing,26,19838,0,Weekend
2023-02-19,Delhi,Groceries,75,8100,1,Weekend
2023-02-19,Delhi,Furniture,12,24672,0,Weekend
2023-02-19,Delhi,Cosmetics,41,15621,1,Weekend
2023-02-19,Mumbai,Electronics,17,32147,0,Weekend
2023-02-19,Mumbai,Clothing,36,21240,0,Weekend
2023-02-19,Mumbai,Groceries,65,11700,0,Weekend
2023-02-19,Mumbai,Furniture,10,32540,0,Weekend
2023-02-19,Mumbai,Cosmetics,21,8946,0,Weekend
2023-02-19,Bangalore,Electronics,23,44735,1,Weekend
2023-02-19,Bangalore,Clothing,39,29172,1,Weekend
2023-02-19,Bangalore,Groceries,72,6696,1,Weekend
2023-02-19,Bangalore,Furniture,13,57421,1,Weekend
2023-02-19,Bangalore,Cosmetics,25,5575,0,Weekend
2023-02-19,Hyderabad,Electronics,23,31924,0,Weekend
2023-02-19,Hyderabad,Clothing,21,11487,0,Weekend
2023-02-19,Hyderabad,Groceries,67,5293,1,Weekend
2023-02-19,Hyderabad,Furniture,10,30050,0,Weekend
2023-02-19,Hyderabad,Cosmetics,24,10512,1,Weekend
2023-02-20,Kolkata,Electronics,19,39349,0,Weekday
2023-02-20,Kolkata,Clothing,26,27170,0,Weekday
2023-02-20,Kolkata,Groceries,62,11160,0,Weekday
2023-02-20,Kolkata,Furniture,10,22100,0,Weekday
2023-02-20,Kolkata,Cosmetics,23,12259,0,Weekday
2023-02-20,Delhi,Electronics,18,28962,0,Weekday
2023-02-20,Delhi,Clothing,49,40572,1,Weekday
2023-02-20,Delhi,Groceries,63,8568,1,Weekday
2023-02-20,Delhi,Furniture,10,57680,0,Weekday
2023-02-20,Delhi,Cosmetics,29,21228,0,Weekday
2023-02-20,Mumbai,Electronics,22,25146,0,Weekday
2023-02-20,Mumbai,Clothing,35,11130,0,Weekday
2023-02-20,Mumbai,Groceries,62,7998,0,Weekday
2023-02-20,Mumbai,Furniture,8,15648,0,Weekday
2023-02-20,Mumbai,Cosmetics,20,13340,0,Weekday
2023-02-20,Bangalore,Electronics,21,27636,1,Weekday
2023-02-20,Bangalore,Clothing,32,19968,1,Weekday
2023-02-20,Bangalore,Groceries,62,4030,1,Weekday
2023-02-20,Bangalore,Furniture,10,54830,0,Weekday
2023-02-20,Bangalore,Cosmetics,23,9591,0,Weekday
2023-02-20,Hyderabad,Electronics,20,47700,0,Weekday
2023-02-20,Hyderabad,Clothing,45,14220,0,Weekday
2023-02-20,Hyderabad,Groceries,65,6695,1,Weekday
2023-02-20,Hyderabad,Furniture,11,65032,1,Weekday
2023-02-20,Hyderabad,Cosmetics,19,5168,0,Weekday
2023-02-21,Kolkata,Electronics,20,49420,0,Weekday
2023-02-21,Kolkata,Clothing,37,32560,0,Weekday
2023-02-21,Kolkata,Groceries,66,3894,0,Weekday
2023-02-21,Kolkata,Furniture,10,16530,1,Weekday
2023-02-21,Kolkata,Cosmetics,21,13377,0,Weekday
2023-02-21,Delhi,Electronics,31,63705,1,Weekday
2023-02-21,Delhi,Clothing,38,30248,0,Weekday
2023-02-21,Delhi,Groceries,54,4968,0,Weekday
2023-02-21,Delhi,Furniture,12,31200,1,Weekday
2023-02-21,Delhi,Cosmetics,22,13794,1,Weekday
2023-02-21,Mumbai,Electronics,24,24528,0,Weekday
2023-02-21,Mumbai,Clothing,30,17340,0,Weekday
2023-02-21,Mumbai,Groceries,59,4189,0,Weekday
2023-02-21,Mumbai,Furniture,9,24399,0,Weekday
2023-02-21,Mumbai,Cosmetics,21,15876,0,Weekday
2023-02-21,Bangalore,Electronics,18,25614,0,Weekday
2023-02-21,Bangalore,Clothing,41,30709,1,Weekday
2023-02-21,Bangalore,Groceries,67,5829,1,Weekday
2023-02-21,Bangalore,Furniture,8,22888,0,Weekday
2023-02-21,Bangalore,Cosmetics,25,16950,0,Weekday
2023-02-21,Hyderabad,Electronics,17,40630,0,Weekday
2023-02-21,Hyderabad,Clothing,29,23664,0,Weekday
2023-02-21,Hyderabad,Groceries,77,5698,1,Weekday
2023-02-21,Hyderabad,Furniture,7,15876,1,Weekday
2023-02-21,Hyderabad,Cosmetics,24,10968,0,Weekday
2023-02-22,Kolkata,Electronics,17,21760,0,Weekday
2023-02-22,Kolkata,Clothing,37,42883,0,Weekday
2023-02-22,Kolkata,Groceries,46,8234,0,Weekday
2023-02-22,Kolkata,Furniture,9,28818,0,Weekday
2023-02-22,Kolkata,Cosmetics,29,7830,0,Weekday
2023-02-22,Delhi,Electronics,19,42845,0,Weekday
2023-02-22,Delhi,Clothing,39,15015,1,Weekday
2023-02-22,Delhi,Groceries,49,4116,0,Weekday
2023-02-22,Delhi,Furniture,10,18900,0,Weekday
2023-02-22,Delhi,Cosmetics,29,11107,0,Weekday
2023-02-22,Mumbai,Electronics,18,43956,0,Weekday
2023-02-22,Mumbai,Clothing,33,31185,0,Weekday
2023-02-22,Mumbai,Groceries,77,14168,1,Weekday
2023-02-22,Mumbai,Furniture,8,31320,1,Weekday
2023-02-22,Mumbai,Cosmetics,19,12008,0,Weekday
2023-02-22,Bangalore,Electronics,14,32550,0,Weekday
2023-02-22,Bangalore,Clothing,37,30784,0,Weekday
2023-02-22,Bangalore,Groceries,67,9514,0,Weekday
2023-02-22,Bangalore,Furniture,11,36212,0,Weekday
2023-02-22,Bangalore,Cosmetics,24,11952,0,Weekday
2023-02-22,Hyderabad,Electronics,23,27945,0,Weekday
2023-02-22,Hyderabad,Clothing,39,36660,0,Weekday
2023-02-22,Hyderabad,Groceries,62,10478,0,Weekday
2023-02-22,Hyderabad,Furniture,9,33282,0,Weekday
2023-02-22,Hyderabad,Cosmetics,21,12852,0,Weekday
2023-02-23,Kolkata,Electronics,19,25631,0,Weekday
2023-02-23,Kolkata,Clothing,33,16137,0,Weekday
2023-02-23,Kolkata,Groceries,62,11284,0,Weekday
2023-02-23,Kolkata,Furniture,11,60720,0,Weekday
2023-02-23,Kolkata,Cosmetics,27,17550,1,Weekday
2023-02-23,Delhi,Electronics,22,21912,0,Weekday
2023-02-23,Delhi,Clothing,31,17608,0,Weekday
2023-02-23,Delhi,Groceries,53,9540,0,Weekday
2023-02-23,Delhi,Furniture,8,14176,0,Weekday
2023-02-23,Delhi,Cosmetics,22,17402,0,Weekday
2023-02-23,Mumbai,Electronics,22,34562,1,Weekday
2023-02-23,Mumbai,Clothing,34,27234,0,Weekday
2023-02-23,Mumbai,Groceries,73,14381,0,Weekday
2023-02-23,Mumbai,Furniture,10,19930,0,Weekday
2023-02-23,Mumbai,Cosmetics,26,6838,0,Weekday
2023-02-23,Bangalore,Electronics,23,23644,1,Weekday
2023-02-23,Bangalore,Clothing,32,27776,0,Weekday
2023-02-23,Bangalore,Groceries,54,9828,0,Weekday
2023-02-23,Bangalore,Furniture,13,75010,1,Weekday
2023-02-23,Bangalore,Cosmetics,28,14084,1,Weekday
2023-02-23,Hyderabad,Electronics,18,31104,0,Weekday
2023-02-23,Hyderabad,Clothing,43,14663,0,Weekday
2023-02-23,Hyderabad,Groceries,63,5355,0,Weekday
2023-02-23,Hyderabad,Furniture,11,51128,0,Weekday
2023-02-23,Hyderabad,Cosmetics,23,5129,0,Weekday
2023-02-24,Kolkata,Electronics,26,46410,0,Weekday
2023-02-24,Kolkata,Clothing,27,26109,0,Weekday
2023-02-24,Kolkata,Groceries,59,5369,0,Weekday
2023-02-24,Kolkata,Furniture,12,22824,0,Weekday
2023-02-24,Kolkata,Cosmetics,25,12575,1,Weekday
2023-02-24,Delhi,Electronics,21,22197,1,Weekday
2023-02-24,Delhi,Clothing,43,18791,0,Weekday
2023-02-24,Delhi,Groceries,68,11016,0,Weekday
2023-02-24,Delhi,Furniture,8,23192,0,Weekday
2023-02-24,Delhi,Cosmetics,27,8910,0,Weekday
2023-02-24,Mumbai,Electronics,25,60400,0,Weekday
2023-02-24,Mumbai,Clothing,34,25228,0,Weekday
2023-02-24,Mumbai,Groceries,68,3876,0,Weekday
2023-02-24,Mumbai,Furniture,7,18312,0,Weekday
2023-02-24,Mumbai,Cosmetics,23,8257,0,Weekday
2023-02-24,Bangalore,Electronics,18,27936,0,Weekday
2023-02-24,Bangalore,Clothing,38,19038,0,Weekday
2023-02-24,Bangalore,Groceries,67,10184,1,Weekday
2023-02-24,Bangalore,Furniture,6,25620,0,Weekday
2023-02-24,Bangalore,Cosmetics,33,22935,1,Weekday
2023-02-24,Hyderabad,Electronics,19,29222,0,Weekday
2023-02-24,Hyderabad,Clothing,38,17024,0,Weekday
2023-02-24,Hyderabad,Groceries,45,8145,0,Weekday
2023-02-24,Hyderabad,Furniture,9,25605,0,Weekday
2023-02-24,Hyderabad,Cosmetics,20,11220,0,Weekday
2023-02-25,Kolkata,Electronics,25,42225,1,Weekend
2023-02-25,Kolkata,Clothing,47,44039,1,Weekend
2023-02-25,Kolkata,Groceries,64,12608,0,Weekend
2023-02-25,Kolkata,Furniture,9,19683,1,Weekend
2023-02-25,Kolkata,Cosmetics,24,12048,0,Weekend
2023-02-25,Delhi,Electronics,22,51084,0,Weekend
2023-02-25,Delhi,Clothing,43,32551,1,Weekend
2023-02-25,Delhi,Groceries,71,7313,0,Weekend
2023-02-25,Delhi,Furniture,10,45760,0,Weekend
2023-02-25,Delhi,Cosmetics,23,12144,0,Weekend
2023-02-25,Mumbai,Electronics,16,23232,0,Weekend
2023-02-25,Mumbai,Clothing,36,28476,1,Weekend
2023-02-25,Mumbai,Groceries,58,3364,0,Weekend
2023-02-25,Mumbai,Furniture,11,37400,0,Weekend
2023-02-25,Mumbai,Cosmetics,33,22374,1,Weekend
2023-02-25,Bangalore,Electronics,21,32130,0,Weekend
2023-02-25,Bangalore,Clothing,37,15059,0,Weekend
2023-02-25,Bangalore,Groceries,70,8330,1,Weekend
2023-02-25,Bangalore,Furniture,13,41951,1,Weekend
2023-02-25,Bangalore,Cosmetics,23,11431,0,Weekend
2023-02-25,Hyderabad,Electronics,17,23494,1,Weekend
2023-02-25,Hyderabad,Clothing,29,15254,0,Weekend
2023-02-25,Hyderabad,Groceries,56,7616,0,Weekend
2023-02-25,Hyderabad,Furniture,9,39816,1,Weekend
2023-02-25,Hyderabad,Cosmetics,33,12210,1,Weekend
2023-02-26,Kolkata,Electronics,22,43846,1,Weekend
2023-02-26,Kolkata,Clothing,38,35910,0,Weekend
2023-02-26,Kolkata,Groceries,63,6867,0,Weekend
2023-02-26,Kolkata,Furniture,11,52569,1,Weekend
2023-02-26,Kolkata,Cosmetics,33,6600,0,Weekend
2023-02-26,Delhi,Electronics,21,29148,1,Weekend
2023-02-26,Delhi,Clothing,34,34578,0,Weekend
2023-02-26,Delhi,Groceries,50,3800,1,Weekend
2023-02-26,Delhi,Furniture,9,46971,1,Weekend
2023-02-26,Delhi,Cosmetics,23,9016,0,Weekend
2023-02-26,Mumbai,Electronics,16,38912,0,Weekend
2023-02-26,Mumbai,Clothing,43,46483,0,Weekend
2023-02-26,Mumbai,Groceries,53,4982,0,Weekend
2023-02-26,Mumbai,Furniture,9,39240,1,Weekend
2023-02-26,Mumbai,Cosmetics,18,11412,0,Weekend
2023-02-26,Bangalore,Electronics,17,20009,0,Weekend
2023-02-26,Bangalore,Clothing,34,19584,1,Weekend
2023-02-26,Bangalore,Groceries,48,8256,0,Weekend
2023-02-26,Bangalore,Furniture,9,35352,0,Weekend
2023-02-26,Bangalore,Cosmetics,28,20244,0,Weekend
2023-02-26,Hyderabad,Electronics,20,46260,1,Weekend
2023-02-26,Hyderabad,Clothing,42,44352,1,Weekend
2023-02-26,Hyderabad,Groceries,54,4482,0,Weekend
2023-02-26,Hyderabad,Furniture,10,24750,1,Weekend
2023-02-26,Hyderabad,Cosmetics,26,9958,1,Weekend
2023-02-27,Kolkata,Electronics,19,15694,0,Weekday
2023-02-27,Kolkata,Clothing,31,15376,0,Weekday
2023-02-27,Kolkata,Groceries,68,12308,0,Weekday
2023-02-27,Kolkata,Furniture,11,45749,0,Weekday
2023-02-27,Kolkata,Cosmetics,20,15320,0,Weekday
2023-02-27,Delhi,Electronics,22,45804,0,Weekday
2023-02-27,Delhi,Clothing,37,25900,0,Weekday
2023-02-27,Delhi,Groceries,66,7458,0,Weekday
2023-02-27,Delhi,Furniture,10,46180,0,Weekday
2023-02-27,Delhi,Cosmetics,33,7854,1,Weekday
2023-02-27,Mumbai,Electronics,23,23690,1,Weekday
2023-02-27,Mumbai,Clothing,42,38556,1,Weekday
2023-02-27,Mumbai,Groceries,60,8340,0,Weekday
2023-02-27,Mumbai,Furniture,8,14336,0,Weekday
2023-02-27,Mumbai,Cosmetics,21,16149,0,Weekday
2023-02-27,Bangalore,Electronics,19,17689,0,Weekday
2023-02-27,Bangalore,Clothing,29,29145,0,Weekday
2023-02-27,Bangalore,Groceries,86,6708,0,Weekday
2023-02-27,Bangalore,Furniture,9,25506,0,Weekday
2023-02-27,Bangalore,Cosmetics,24,10032,0,Weekday
2023-02-27,Hyderabad,Electronics,18,30708,1,Weekday
2023-02-27,Hyderabad,Clothing,34,22168,0,Weekday
2023-02-27,Hyderabad,Groceries,58,7134,0,Weekday
2023-02-27,Hyderabad,Furniture,10,16070,1,Weekday
2023-02-27,Hyderabad,Cosmetics,39,22347,1,Weekday
2023-02-28,Kolkata,Electronics,25,33975,0,Weekday
2023-02-28,Kolkata,Clothing,35,23345,0,Weekday
2023-02-28,Kolkata,Groceries,62,11656,1,Weekday
2023-02-28,Kolkata,Furniture,12,64932,0,Weekday
2023-02-28,Kolkata,Cosmetics,21,14364,0,Weekday
2023-02-28,Delhi,Electronics,19,25194,0,Weekday
2023-02-28,Delhi,Clothing,28,17724,0,Weekday
2023-02-28,Delhi,Groceries,64,6144,0,Weekday
2023-02-28,Delhi,Furniture,10,31200,1,Weekday
2023-02-28,Delhi,Cosmetics,21,10311,0,Weekday
2023-02-28,Mumbai,Electronics,17,28441,0,Weekday
2023-02-28,Mumbai,Clothing,41,13038,0,Weekday
2023-02-28,Mumbai,Groceries,59,3835,0,Weekday
2023-02-28,Mumbai,Furniture,9,46746,0,Weekday
2023-02-28,Mumbai,Cosmetics,30,15690,0,Weekday
2023-02-28,Bangalore,Electronics,19,16853,0,Weekday
2023-02-28,Bangalore,Clothing,32,28448,0,Weekday
2023-02-28,Bangalore,Groceries,48,2688,0,Weekday
2023-02-28,Bangalore,Furniture,9,39384,0,Weekday
2023-02-28,Bangalore,Cosmetics,31,9765,1,Weekday
2023-02-28,Hyderabad,Electronics,28,29232,0,Weekday
2023-02-28,Hyderabad,Clothing,35,41825,0,Weekday
2023-02-28,Hyderabad,Groceries,61,5246,1,Weekday
2023-02-28,Hyderabad,Furniture,12,59556,0,Weekday
2023-02-28,Hyderabad,Cosmetics,21,13797,0,Weekday
2023-03-01,Kolkata,Electronics,20,26500,0,Weekday
2023-03-01,Kolkata,Clothing,40,25280,0,Weekday
2023-03-01,Kolkata,Groceries,83,8964,1,Weekday
2023-03-01,Kolkata,Furniture,12,43728,1,Weekday
2023-03-01,Kolkata,Cosmetics,23,8418,0,Weekday
2023-03-01,Delhi,Electronics,19,23123,0,Weekday
2023-03-01,Delhi,Clothing,32,26240,0,Weekday
2023-03-01,Delhi,Groceries,51,9231,0,Weekday
2023-03-01,Delhi,Furniture,9,19323,0,Weekday
2023-03-01,Delhi,Cosmetics,26,18772,0,Weekday
2023-03-01,Mumbai,Electronics,24,49536,1,Weekday
2023-03-01,Mumbai,Clothing,40,42440,0,Weekday
2023-03-01,Mumbai,Groceries,73,11096,1,Weekday
2023-03-01,Mumbai,Furniture,10,37830,0,Weekday
2023-03-01,Mumbai,Cosmetics,26,4914,1,Weekday
2023-03-01,Bangalore,Electronics,21,49308,0,Weekday
2023-03-01,Bangalore,Clothing,32,14880,0,Weekday
2023-03-01,Bangalore,Groceries,47,3008,0,Weekday
2023-03-01,Bangalore,Furniture,12,62988,1,Weekday
2023-03-01,Bangalore,Cosmetics,25,15950,0,Weekday
2023-03-01,Hyderabad,Electronics,17,17867,0,Weekday
2023-03-01,Hyderabad,Clothing,39,46449,0,Weekday
2023-03-01,Hyderabad,Groceries,78,14118,0,Weekday
2023-03-01,Hyderabad,Furniture,11,56683,1,Weekday
2023-03-01,Hyderabad,Cosmetics,28,21364,0,Weekday
2023-03-02,Kolkata,Electronics,30,66240,1,Weekday
2023-03-02,Kolkata,Clothing,32,11200,0,Weekday
2023-03-02,Kolkata,Groceries,72,11592,0,Weekday
2023-03-02,Kolkata,Furniture,10,33410,0,Weekday
2023-03-02,Kolkata,Cosmetics,28,11844,0,Weekday
2023-03-02,Delhi,Electronics,24,23304,0,Weekday
2023-03-02,Delhi,Clothing,48,50544,1,Weekday
2023-03-02,Delhi,Groceries,60,11700,0,Weekday
2023-03-02,Delhi,Furniture,10,54090,0,Weekday
2023-03-02,Delhi,Cosmetics,26,16224,0,Weekday
2023-03-02,Mumbai,Electronics,20,29260,0,Weekday
2023-03-02,Mumbai,Clothing,35,40390,1,Weekday
2023-03-02,Mumbai,Groceries,74,3996,0,Weekday
2023-03-02,Mumbai,Furniture,9,37845,0,Weekday
2023-03-02,Mumbai,Cosmetics,25,7475,0,Weekday
2023-03-02,Bangalore,Electronics,25,22975,0,Weekday
2023-03-02,Bangalore,Clothing,38,34960,1,Weekday
2023-03-02,Bangalore,Groceries,72,8208,0,Weekday
2023-03-02,Bangalore,Furniture,11,57750,0,Weekday
2023-03-02,Bangalore,Cosmetics,32,22912,0,Weekday
2023-03-02,Hyderabad,Electronics,25,42950,1,Weekday
2023-03-02,Hyderabad,Clothing,35,21105,1,Weekday
2023-03-02,Hyderabad,Groceries,93,14043,1,Weekday
2023-03-02,Hyderabad,Furniture,11,25663,0,Weekday
2023-03-02,Hyderabad,Cosmetics,26,9516,0,Weekday
2023-03-03,Kolkata,Electronics,23,36892,0,Weekday
2023-03-03,Kolkata,Clothing,34,25976,0,Weekday
2023-03-03,Kolkata,Groceries,46,8464,0,Weekday
2023-03-03,Kolkata,Furniture,9,16254,0,Weekday
2023-03-03,Kolkata,Cosmetics,23,6141,0,Weekday
2023-03-03,Delhi,Electronics,18,16542,0,Weekday
2023-03-03,Delhi,Clothing,52,54028,1,Weekday
2023-03-03,Delhi,Groceries,71,8236,1,Weekday
2023-03-03,Delhi,Furniture,10,51950,1,Weekday
2023-03-03,Delhi,Cosmetics,26,16588,0,Weekday
2023-03-03,Mumbai,Electronics,20,33900,1,Weekday
2023-03-03,Mumbai,Clothing,26,23920,0,Weekday
2023-03-03,Mumbai,Groceries,65,5850,1,Weekday
2023-03-03,Mumbai,Furniture,8,13064,0,Weekday
2023-03-03,Mumbai,Cosmetics,27,13257,0,Weekday
2023-03-03,Bangalore,Electronics,19,27683,0,Weekday
2023-03-03,Bangalore,Clothing,44,25432,0,Weekday
2023-03-03,Bangalore,Groceries,59,3481,1,Weekday
2023-03-03,Bangalore,Furniture,10,30290,1,Weekday
2023-03-03,Bangalore,Cosmetics,29,22214,0,Weekday
2023-03-03,Hyderabad,Electronics,25,59575,1,Weekday
2023-03-03,Hyderabad,Clothing,37,11433,0,Weekday
2023-03-03,Hyderabad,Groceries,64,10432,0,Weekday
2023-03-03,Hyderabad,Furniture,10,32650,0,Weekday
2023-03-03,Hyderabad,Cosmetics,29,21257,1,Weekday
2023-03-04,Kolkata,Electronics,21,23541,0,Weekend
2023-03-04,Kolkata,Clothing,31,18352,0,Weekend
2023-03-04,Kolkata,Groceries,84,16380,1,Weekend
2023-03-04,Kolkata,Furniture,9,18828,1,Weekend
2023-03-04,Kolkata,Cosmetics,23,7682,1,Weekend
2023-03-04,Delhi,Electronics,15,15300,0,Weekend
2023-03-04,Delhi,Clothing,37,16132,0,Weekend
2023-03-04,Delhi,Groceries,89,9434,1,Weekend
2023-03-04,Delhi,Furniture,10,47270,1,Weekend
2023-03-04,Delhi,Cosmetics,25,4350,1,Weekend
2023-03-04,Mumbai,Electronics,18,41220,0,Weekend
2023-03-04,Mumbai,Clothing,34,33558,1,Weekend
2023-03-04,Mumbai,Groceries,67,9983,0,Weekend
2023-03-04,Mumbai,Furniture,8,36264,0,Weekend
2023-03-04,Mumbai,Cosmetics,27,20196,1,Weekend
2023-03-04,Bangalore,Electronics,21,21987,0,Weekend
2023-03-04,Bangalore,Clothing,30,30660,0,Weekend
2023-03-04,Bangalore,Groceries,32,4576,0,Weekend
2023-03-04,Bangalore,Furniture,10,45490,0,Weekend
2023-03-04,Bangalore,Cosmetics,23,17365,0,Weekend
2023-03-04,Hyderabad,Electronics,22,28182,0,Weekend
2023-03-04,Hyderabad,Clothing,40,40960,1,Weekend
2023-03-04,Hyderabad,Groceries,75,12075,1,Weekend
2023-03-04,Hyderabad,Furniture,8,30608,0,Weekend
2023-03-04,Hyderabad,Cosmetics,21,6657,0,Weekend
2023-03-05,Kolkata,Electronics,23,18745,0,Weekend
2023-03-05,Kolkata,Clothing,39,22932,0,Weekend
2023-03-05,Kolkata,Groceries,57,6669,0,Weekend
2023-03-05,Kolkata,Furniture,11,16665,0,Weekend
2023-03-05,Kolkata,Cosmetics,32,17216,1,Weekend
2023-03-05,Delhi,Electronics,21,44604,1,Weekend
2023-03-05,Delhi,Clothing,38,29032,0,Weekend
2023-03-05,Delhi,Groceries,79,6952,1,Weekend
2023-03-05,Delhi,Furniture,8,43592,0,Weekend
2023-03-05,Delhi,Cosmetics,22,7876,0,Weekend
2023-03-05,Mumbai,Electronics,20,48380,0,Weekend
2023-03-05,Mumbai,Clothing,37,14430,0,Weekend
2023-03-05,Mumbai,Groceries,68,10200,1,Weekend
2023-03-05,Mumbai,Furniture,10,18280,1,Weekend
2023-03-05,Mumbai,Cosmetics,25,10075,1,Weekend
2023-03-05,Bangalore,Electronics,19,25270,0,Weekend
2023-03-05,Bangalore,Clothing,37,13505,1,Weekend
2023-03-05,Bangalore,Groceries,73,4161,0,Weekend
2023-03-05,Bangalore,Furniture,10,29970,0,Weekend
2023-03-05,Bangalore,Cosmetics,23,9683,0,Weekend
2023-03-05,Hyderabad,Electronics,23,50255,0,Weekend
2023-03-05,Hyderabad,Clothing,29,14848,1,Weekend
2023-03-05,Hyderabad,Groceries,51,3621,0,Weekend
2023-03-05,Hyderabad,Furniture,8,13888,1,Weekend
2023-03-05,Hyderabad,Cosmetics,27,20736,1,Weekend
2023-03-06,Kolkata,Electronics,23,37191,0,Weekday
2023-03-06,Kolkata,Clothing,38,40128,0,Weekday
2023-03-06,Kolkata,Groceries,73,5475,1,Weekday
2023-03-06,Kolkata,Furniture,11,51612,0,Weekday
2023-03-06,Kolkata,Cosmetics,30,6390,0,Weekday
2023-03-06,Delhi,Electronics,20,35480,0,Weekday
2023-03-06,Delhi,Clothing,41,26363,0,Weekday
2023-03-06,Delhi,Groceries,63,4914,0,Weekday
2023-03-06,Delhi,Furniture,8,14232,0,Weekday
2023-03-06,Delhi,Cosmetics,26,4810,1,Weekday
2023-03-06,Mumbai,Electronics,22,30888,0,Weekday
2023-03-06,Mumbai,Clothing,29,9280,0,Weekday
2023-03-06,Mumbai,Groceries,41,7421,0,Weekday
2023-03-06,Mumbai,Furniture,10,29080,0,Weekday
2023-03-06,Mumbai,Cosmetics,26,14534,0,Weekday
2023-03-06,Bangalore,Electronics,17,40375,0,Weekday
2023-03-06,Bangalore,Clothing,44,19404,1,Weekday
2023-03-06,Bangalore,Groceries,51,6885,0,Weekday
2023-03-06,Bangalore,Furniture,9,44343,0,Weekday
2023-03-06,Bangalore,Cosmetics,13,10023,1,Weekday
2023-03-06,Hyderabad,Electronics,21,49581,0,Weekday
2023-03-06,Hyderabad,Clothing,24,17928,0,Weekday
2023-03-06,Hyderabad,Groceries,81,9801,0,Weekday
2023-03-06,Hyderabad,Furniture,11,58014,1,Weekday
2023-03-06,Hyderabad,Cosmetics,29,10904,0,Weekday
2023-03-07,Kolkata,Electronics,27,33750,1,Weekday
2023-03-07,Kolkata,Clothing,36,18000,0,Weekday
2023-03-07,Kolkata,Groceries,62,7130,1,Weekday
2023-03-07,Kolkata,Furniture,10,21280,0,Weekday
2023-03-07,Kolkata,Cosmetics,25,6300,1,Weekday
2023-03-07,Delhi,Electronics,17,20859,0,Weekday
2023-03-07,Delhi,Clothing,33,13332,0,Weekday
2023-03-07,Delhi,Groceries,64,3712,0,Weekday
2023-03-07,Delhi,Furniture,12,18744,0,Weekday
2023-03-07,Delhi,Cosmetics,26,20696,1,Weekday
2023-03-07,Mumbai,Electronics,21,31647,0,Weekday
2023-03-07,Mumbai,Clothing,45,20880,1,Weekday
2023-03-07,Mumbai,Groceries,53,6784,0,Weekday
2023-03-07,Mumbai,Furniture,12,54096,0,Weekday
2023-03-07,Mumbai,Cosmetics,24,10248,0,Weekday
2023-03-07,Bangalore,Electronics,22,40810,0,Weekday
2023-03-07,Bangalore,Clothing,30,18450,0,Weekday
2023-03-07,Bangalore,Groceries,60,5700,0,Weekday
2023-03-07,Bangalore,Furniture,11,27115,0,Weekday
2023-03-07,Bangalore,Cosmetics,19,12901,0,Weekday
2023-03-07,Hyderabad,Electronics,19,32927,0,Weekday
2023-03-07,Hyderabad,Clothing,36,39852,0,Weekday
2023-03-07,Hyderabad,Groceries,71,9656,0,Weekday
2023-03-07,Hyderabad,Furniture,11,36487,0,Weekday
2023-03-07,Hyderabad,Cosmetics,31,18941,1,Weekday
2023-03-08,Kolkata,Electronics,22,39534,0,Weekday
2023-03-08,Kolkata,Clothing,35,12425,0,Weekday
2023-03-08,Kolkata,Groceries,66,4356,0,Weekday
2023-03-08,Kolkata,Furniture,9,28827,0,Weekday
2023-03-08,Kolkata,Cosmetics,26,19994,0,Weekday
2023-03-08,Delhi,Electronics,15,25050,0,Weekday
2023-03-08,Delhi,Clothing,37,15355,0,Weekday
2023-03-08,Delhi,Groceries,68,5236,0,Weekday
2023-03-08,Delhi,Furniture,10,18750,0,Weekday
2023-03-08,Delhi,Cosmetics,27,21465,0,Weekday
2023-03-08,Mumbai,Electronics,25,44025,1,Weekday
2023-03-08,Mumbai,Clothing,42,28770,0,Weekday
2023-03-08,Mumbai,Groceries,59,10384,0,Weekday
2023-03-08,Mumbai,Furniture,7,16884,0,Weekday
2023-03-08,Mumbai,Cosmetics,24,13632,0,Weekday
2023-03-08,Bangalore,Electronics,15,12615,0,Weekday
2023-03-08,Bangalore,Clothing,39,23166,1,Weekday
2023-03-08,Bangalore,Groceries,74,9028,1,Weekday
2023-03-08,Bangalore,Furniture,12,56292,1,Weekday
2023-03-08,Bangalore,Cosmetics,26,14534,0,Weekday
2023-03-08,Hyderabad,Electronics,20,21780,0,Weekday
2023-03-08,Hyderabad,Clothing,38,39976,0,Weekday
2023-03-08,Hyderabad,Groceries,79,10270,1,Weekday
2023-03-08,Hyderabad,Furniture,8,16432,0,Weekday
2023-03-08,Hyderabad,Cosmetics,28,21560,0,Weekday
2023-03-09,Kolkata,Electronics,19,40527,0,Weekday
2023-03-09,Kolkata,Clothing,32,18272,0,Weekday
2023-03-09,Kolkata,Groceries,64,10944,1,Weekday
2023-03-09,Kolkata,Furniture,9,44163,0,Weekday
2023-03-09,Kolkata,Cosmetics,19,4370,0,Weekday
2023-03-09,Delhi,Electronics,17,36023,0,Weekday
2023-03-09,Delhi,Clothing,44,21560,1,Weekday
2023-03-09,Delhi,Groceries,61,12017,0,Weekday
2023-03-09,Delhi,Furniture,10,20570,0,Weekday
2023-03-09,Delhi,Cosmetics,19,11875,0,Weekday
2023-03-09,Mumbai,Electronics,22,27786,0,Weekday
2023-03-09,Mumbai,Clothing,41,21689,1,Weekday
2023-03-09,Mumbai,Groceries,58,9744,0,Weekday
2023-03-09,Mumbai,Furniture,10,24850,0,Weekday
2023-03-09,Mumbai,Cosmetics,32,22016,1,Weekday
2023-03-09,Bangalore,Electronics,22,24068,1,Weekday
2023-03-09,Bangalore,Clothing,41,13407,0,Weekday
2023-03-09,Bangalore,Groceries,71,9372,1,Weekday
2023-03-09,Bangalore,Furniture,11,56617,0,Weekday
2023-03-09,Bangalore,Cosmetics,20,10540,0,Weekday
2023-03-09,Hyderabad,Electronics,20,28520,0,Weekday
2023-03-09,Hyderabad,Clothing,34,11390,1,Weekday
2023-03-09,Hyderabad,Groceries,56,3192,0,Weekday
2023-03-09,Hyderabad,Furniture,11,33946,0,Weekday
2023-03-09,Hyderabad,Cosmetics,21,7980,0,Weekday
2023-03-10,Kolkata,Electronics,22,29920,0,Weekday
2023-03-10,Kolkata,Clothing,19,8664,1,Weekday
2023-03-10,Kolkata,Groceries,50,2850,0,Weekday
2023-03-10,Kolkata,Furniture,8,29816,0,Weekday
2023-03-10,Kolkata,Cosmetics,22,17182,0,Weekday
2023-03-10,Delhi,Electronics,30,66420,1,Weekday
2023-03-10,Delhi,Clothing,37,22052,0,Weekday
2023-03-10,Delhi,Groceries,55,8525,0,Weekday
2023-03-10,Delhi,Furniture,10,43860,0,Weekday
2023-03-10,Delhi,Cosmetics,34,25908,0,Weekday
2023-03-10,Mumbai,Electronics,18,36774,0,Weekday
2023-03-10,Mumbai,Clothing,25,8175,0,Weekday
2023-03-10,Mumbai,Groceries,44,5544,0,Weekday
2023-03-10,Mumbai,Furniture,9,15894,1,Weekday
2023-03-10,Mumbai,Cosmetics,29,15950,0,Weekday
2023-03-10,Bangalore,Electronics,16,19280,0,Weekday
2023-03-10,Bangalore,Clothing,37,24050,0,Weekday
2023-03-10,Bangalore,Groceries,71,6887,1,Weekday
2023-03-10,Bangalore,Furniture,9,53379,0,Weekday
2023-03-10,Bangalore,Cosmetics,30,16950,0,Weekday
2023-03-10,Hyderabad,Electronics,14,22778,0,Weekday
2023-03-10,Hyderabad,Clothing,37,34003,0,Weekday
2023-03-10,Hyderabad,Groceries,61,8723,1,Weekday
2023-03-10,Hyderabad,Furniture,11,61721,0,Weekday
2023-03-10,Hyderabad,Cosmetics,24,12672,0,Weekday
2023-03-11,Kolkata,Electronics,22,49104,1,Weekend
2023-03-11,Kolkata,Clothing,36,27972,1,Weekend
2023-03-11,Kolkata,Groceries,73,6351,1,Weekend
2023-03-11,Kolkata,Furniture,11,16555,0,Weekend
2023-03-11,Kolkata,Cosmetics,22,7546,0,Weekend
2023-03-11,Delhi,Electronics,21,52080,0,Weekend
2023-03-11,Delhi,Clothing,44,13816,1,Weekend
2023-03-11,Delhi,Groceries,90,11070,1,Weekend
2023-03-11,Delhi,Furniture,10,35910,0,Weekend
2023-03-11,Delhi,Cosmetics,20,3780,0,Weekend
2023-03-11,Mumbai,Electronics,24,23376,0,Weekend
2023-03-11,Mumbai,Clothing,36,16308,0,Weekend
2023-03-11,Mumbai,Groceries,47,6721,0,Weekend
2023-03-11,Mumbai,Furniture,10,18350,0,Weekend
2023-03-11,Mumbai,Cosmetics,30,17760,1,Weekend
2023-03-11,Bangalore,Electronics,13,18629,0,Weekend
2023-03-11,Bangalore,Clothing,36,41796,1,Weekend
2023-03-11,Bangalore,Groceries,52,3068,1,Weekend
2023-03-11,Bangalore,Furniture,11,50072,0,Weekend
2023-03-11,Bangalore,Cosmetics,23,15640,0,Weekend
2023-03-11,Hyderabad,Electronics,19,25859,0,Weekend
2023-03-11,Hyderabad,Clothing,32,21536,0,Weekend
2023-03-11,Hyderabad,Groceries,75,4200,0,Weekend
2023-03-11,Hyderabad,Furniture,10,52270,0,Weekend
2023-03-11,Hyderabad,Cosmetics,31,19747,1,Weekend
2023-03-12,Kolkata,Electronics,20,47840,1,Weekend
2023-03-12,Kolkata,Clothing,38,44992,0,Weekend
2023-03-12,Kolkata,Groceries,74,8436,1,Weekend
2023-03-12,Kolkata,Furniture,10,43550,1,Weekend
2023-03-12,Kolkata,Cosmetics,29,5423,1,Weekend
2023-03-12,Delhi,Electronics,23,48691,1,Weekend
2023-03-12,Delhi,Clothing,40,18600,1,Weekend
2023-03-12,Delhi,Groceries,74,3848,1,Weekend
2023-03-12,Delhi,Furniture,9,43110,0,Weekend
2023-03-12,Delhi,Cosmetics,23,8556,1,Weekend
2023-03-12,Mumbai,Electronics,22,27016,1,Weekend
2023-03-12,Mumbai,Clothing,33,39435,0,Weekend
2023-03-12,Mumbai,Groceries,47,4935,0,Weekend
2023-03-12,Mumbai,Furniture,11,52052,1,Weekend
2023-03-12,Mumbai,Cosmetics,39,27261,1,Weekend
2023-03-12,Bangalore,Electronics,16,28896,0,Weekend
2023-03-12,Bangalore,Clothing,37,38147,1,Weekend
2023-03-12,Bangalore,Groceries,59,10974,0,Weekend
2023-03-12,Bangalore,Furniture,9,26424,0,Weekend
2023-03-12,Bangalore,Cosmetics,27,9018,0,Weekend
2023-03-12,Hyderabad,Electronics,21,20286,1,Weekend
2023-03-12,Hyderabad,Clothing,29,23867,0,Weekend
2023-03-12,Hyderabad,Groceries,62,9548,1,Weekend
2023-03-12,Hyderabad,Furniture,9,33912,1,Weekend
2023-03-12,Hyderabad,Cosmetics,26,13156,0,Weekend
2023-03-13,Kolkata,Electronics,20,32380,0,Weekday
2023-03-13,Kolkata,Clothing,31,31527,0,Weekday
2023-03-13,Kolkata,Groceries,59,9853,0,Weekday
2023-03-13,Kolkata,Furniture,9,50139,0,Weekday
2023-03-13,Kolkata,Cosmetics,29,12470,1,Weekday
2023-03-13,Delhi,Electronics,17,26384,0,Weekday
2023-03-13,Delhi,Clothing,37,41699,1,Weekday
2023-03-13,Delhi,Groceries,61,6344,0,Weekday
2023-03-13,Delhi,Furniture,10,32340,0,Weekday
2023-03-13,Delhi,Cosmetics,23,8717,0,Weekday
2023-03-13,Mumbai,Electronics,22,49126,0,Weekday
2023-03-13,Mumbai,Clothing,35,10815,0,Weekday
2023-03-13,Mumbai,Groceries,45,7920,0,Weekday
2023-03-13,Mumbai,Furniture,10,23950,0,Weekday
2023-03-13,Mumbai,Cosmetics,27,12447,0,Weekday
2023-03-13,Bangalore,Electronics,22,25476,0,Weekday
2023-03-13,Bangalore,Clothing,36,19548,0,Weekday
2023-03-13,Bangalore,Groceries,54,8316,0,Weekday
2023-03-13,Bangalore,Furniture,9,18432,0,Weekday
2023-03-13,Bangalore,Cosmetics,35,10220,1,Weekday
2023-03-13,Hyderabad,Electronics,22,51810,1,Weekday
2023-03-13,Hyderabad,Clothing,45,45630,1,Weekday
2023-03-13,Hyderabad,Groceries,60,11940,0,Weekday
2023-03-13,Hyderabad,Furniture,9,16353,0,Weekday
2023-03-13,Hyderabad,Cosmetics,25,7175,0,Weekday
2023-03-14,Kolkata,Electronics,18,37188,0,Weekday
2023-03-14,Kolkata,Clothing,41,23780,1,Weekday
2023-03-14,Kolkata,Groceries,59,3127,1,Weekday
2023-03-14,Kolkata,Furniture,10,15580,0,Weekday
2023-03-14,Kolkata,Cosmetics,22,14234,1,Weekday
2023-03-14,Delhi,Electronics,20,23940,0,Weekday
2023-03-14,Delhi,Clothing,41,47683,0,Weekday
2023-03-14,Delhi,Groceries,59,10856,0,Weekday
2023-03-14,Delhi,Furniture,11,24233,1,Weekday
2023-03-14,Delhi,Cosmetics,36,16596,1,Weekday
2023-03-14,Mumbai,Electronics,20,25500,0,Weekday
2023-03-14,Mumbai,Clothing,34,12138,1,Weekday
2023-03-14,Mumbai,Groceries,66,4422,0,Weekday
2023-03-14,Mumbai,Furniture,9,23787,0,Weekday
2023-03-14,Mumbai,Cosmetics,22,4004,0,Weekday
2023-03-14,Bangalore,Electronics,18,20322,0,Weekday
2023-03-14,Bangalore,Clothing,48,22992,0,Weekday
2023-03-14,Bangalore,Groceries,63,8568,0,Weekday
2023-03-14,Bangalore,Furniture,9,31167,1,Weekday
2023-03-14,Bangalore,Cosmetics,27,18279,0,Weekday
2023-03-14,Hyderabad,Electronics,14,16366,1,Weekday
2023-03-14,Hyderabad,Clothing,31,12369,0,Weekday
2023-03-14,Hyderabad,Groceries,63,11529,0,Weekday
2023-03-14,Hyderabad,Furniture,9,35217,0,Weekday
2023-03-14,Hyderabad,Cosmetics,20,7680,0,Weekday
2023-03-15,Kolkata,Electronics,18,20646,1,Weekday
2023-03-15,Kolkata,Clothing,47,38963,1,Weekday
2023-03-15,Kolkata,Groceries,57,6327,0,Weekday
2023-03-15,Kolkata,Furniture,8,44696,0,Weekday
2023-03-15,Kolkata,Cosmetics,26,18772,0,Weekday
2023-03-15,Delhi,Electronics,21,33558,0,Weekday
2023-03-15,Delhi,Clothing,36,38952,0,Weekday
2023-03-15,Delhi,Groceries,77,15092,1,Weekday
2023-03-15,Delhi,Furniture,10,26100,0,Weekday
2023-03-15,Delhi,Cosmetics,26,10296,0,Weekday
2023-03-15,Mumbai,Electronics,18,24120,0,Weekday
2023-03-15,Mumbai,Clothing,41,22591,1,Weekday
2023-03-15,Mumbai,Groceries,56,10304,0,Weekday
2023-03-15,Mumbai,Furniture,9,29439,0,Weekday
2023-03-15,Mumbai,Cosmetics,24,4560,0,Weekday
2023-03-15,Bangalore,Electronics,24,47592,0,Weekday
2023-03-15,Bangalore,Clothing,34,27030,0,Weekday
2023-03-15,Bangalore,Groceries,68,11832,0,Weekday
2023-03-15,Bangalore,Furniture,11,18128,0,Weekday
2023-03-15,Bangalore,Cosmetics,18,6606,0,Weekday
2023-03-15,Hyderabad,Electronics,20,26520,0,Weekday
2023-03-15,Hyderabad,Clothing,42,28224,0,Weekday
2023-03-15,Hyderabad,Groceries,46,8464,0,Weekday
2023-03-15,Hyderabad,Furniture,10,52730,0,Weekday
2023-03-15,Hyderabad,Cosmetics,22,3960,1,Weekday
2023-03-16,Kolkata,Electronics,20,23720,0,Weekday
2023-03-16,Kolkata,Clothing,33,14487,0,Weekday
2023-03-16,Kolkata,Groceries,85,9265,1,Weekday
2023-03-16,Kolkata,Furniture,10,41370,1,Weekday
2023-03-16,Kolkata,Cosmetics,26,8840,0,Weekday
2023-03-16,Delhi,Electronics,21,22197,0,Weekday
2023-03-16,Delhi,Clothing,38,30324,1,Weekday
2023-03-16,Delhi,Groceries,89,8188,1,Weekday
2023-03-16,Delhi,Furniture,9,38007,0,Weekday
2023-03-16,Delhi,Cosmetics,28,8876,0,Weekday
2023-03-16,Mumbai,Electronics,15,28110,0,Weekday
2023-03-16,Mumbai,Clothing,42,33306,1,Weekday
2023-03-16,Mumbai,Groceries,60,11760,0,Weekday
2023-03-16,Mumbai,Furniture,11,41338,1,Weekday
2023-03-16,Mumbai,Cosmetics,25,14250,0,Weekday
2023-03-16,Bangalore,Electronics,21,37527,0,Weekday
2023-03-16,Bangalore,Clothing,40,22400,1,Weekday
2023-03-16,Bangalore,Groceries,42,5964,0,Weekday
2023-03-16,Bangalore,Furniture,10,24220,0,Weekday
2023-03-16,Bangalore,Cosmetics,22,11594,0,Weekday
2023-03-16,Hyderabad,Electronics,22,49830,1,Weekday
2023-03-16,Hyderabad,Clothing,39,32760,0,Weekday
2023-03-16,Hyderabad,Groceries,83,7221,0,Weekday
2023-03-16,Hyderabad,Furniture,10,55780,0,Weekday
2023-03-16,Hyderabad,Cosmetics,27,17712,1,Weekday
2023-03-17,Kolkata,Electronics,25,34500,1,Weekday
2023-03-17,Kolkata,Clothing,43,14749,0,Weekday
2023-03-17,Kolkata,Groceries,64,3968,1,Weekday
2023-03-17,Kolkata,Furniture,9,49761,0,Weekday
2023-03-17,Kolkata,Cosmetics,22,11198,0,Weekday
2023-03-17,Delhi,Electronics,20,16980,0,Weekday
2023-03-17,Delhi,Clothing,32,36768,0,Weekday
2023-03-17,Delhi,Groceries,49,3969,0,Weekday
2023-03-17,Delhi,Furniture,10,35250,0,Weekday
2023-03-17,Delhi,Cosmetics,23,5865,0,Weekday
2023-03-17,Mumbai,Electronics,20,23200,0,Weekday
2023-03-17,Mumbai,Clothing,37,41736,0,Weekday
2023-03-17,Mumbai,Groceries,63,3276,0,Weekday
2023-03-17,Mumbai,Furniture,9,16344,0,Weekday
2023-03-17,Mumbai,Cosmetics,27,17685,0,Weekday
2023-03-17,Bangalore,Electronics,29,55042,1,Weekday
2023-03-17,Bangalore,Clothing,35,21280,0,Weekday
2023-03-17,Bangalore,Groceries,56,8512,0,Weekday
2023-03-17,Bangalore,Furniture,10,41910,0,Weekday
2023-03-17,Bangalore,Cosmetics,28,4900,0,Weekday
2023-03-17,Hyderabad,Electronics,17,27285,0,Weekday
2023-03-17,Hyderabad,Clothing,33,12573,0,Weekday
2023-03-17,Hyderabad,Groceries,74,7918,0,Weekday
2023-03-17,Hyderabad,Furniture,9,17928,0,Weekday
2023-03-17,Hyderabad,Cosmetics,25,6450,0,Weekday
2023-03-18,Kolkata,Electronics,22,21296,1,Weekend
2023-03-18,Kolkata,Clothing,37,11433,0,Weekend
2023-03-18,Kolkata,Groceries,44,6864,0,Weekend
2023-03-18,Kolkata,Furniture,8,26592,0,Weekend
2023-03-18,Kolkata,Cosmetics,23,18055,0,Weekend
2023-03-18,Delhi,Electronics,26,39676,1,Weekend
2023-03-18,Delhi,Clothing,29,25375,1,Weekend
2023-03-18,Delhi,Groceries,52,5772,0,Weekend
2023-03-18,Delhi,Furniture,14,50106,1,Weekend
2023-03-18,Delhi,Cosmetics,23,7843,0,Weekend
2023-03-18,Mumbai,Electronics,21,32214,0,Weekend
2023-03-18,Mumbai,Clothing,33,18117,0,Weekend
2023-03-18,Mumbai,Groceries,50,8250,0,Weekend
2023-03-18,Mumbai,Furniture,11,18205,0,Weekend
2023-03-18,Mumbai,Cosmetics,24,12000,0,Weekend
2023-03-18,Bangalore,Electronics,19,38931,1,Weekend
2023-03-18,Bangalore,Clothing,45,37440,1,Weekend
2023-03-18,Bangalore,Groceries,70,7000,0,Weekend
2023-03-18,Bangalore,Furniture,10,57810,0,Weekend
2023-03-18,Bangalore,Cosmetics,31,4681,1,Weekend
2023-03-18,Hyderabad,Electronics,18,34794,1,Weekend
2023-03-18,Hyderabad,Clothing,26,10712,0,Weekend
2023-03-18,Hyderabad,Groceries,73,4672,0,Weekend
2023-03-18,Hyderabad,Furniture,10,31430,0,Weekend
2023-03-18,Hyderabad,Cosmetics,28,16324,0,Weekend
2023-03-19,Kolkata,Electronics,24,22368,1,Weekend
2023-03-19,Kolkata,Clothing,39,42159,0,Weekend
2023-03-19,Kolkata,Groceries,64,10624,0,Weekend
2023-03-19,Kolkata,Furniture,8,14384,1,Weekend
2023-03-19,Kolkata,Cosmetics,23,5382,0,Weekend
2023-03-19,Delhi,Electronics,29,58986,1,Weekend
2023-03-19,Delhi,Clothing,41,18655,1,Weekend
2023-03-19,Delhi,Groceries,52,4420,1,Weekend
2023-03-19,Delhi,Furniture,10,44280,0,Weekend
2023-03-19,Delhi,Cosmetics,29,4785,1,Weekend
2023-03-19,Mumbai,Electronics,24,36288,0,Weekend
2023-03-19,Mumbai,Clothing,43,23994,1,Weekend
2023-03-19,Mumbai,Groceries,70,9450,1,Weekend
2023-03-19,Mumbai,Furniture,10,50130,0,Weekend
2023-03-19,Mumbai,Cosmetics,20,11220,0,Weekend
2023-03-19,Bangalore,Electronics,21,38304,0,Weekend
2023-03-19,Bangalore,Clothing,36,43056,0,Weekend
2023-03-19,Bangalore,Groceries,59,9617,0,Weekend
2023-03-19,Bangalore,Furniture,9,37368,0,Weekend
2023-03-19,Bangalore,Cosmetics,22,10186,1,Weekend
2023-03-19,Hyderabad,Electronics,19,22401,1,Weekend
2023-03-19,Hyderabad,Clothing,34,16456,1,Weekend
2023-03-19,Hyderabad,Groceries,56,2912,0,Weekend
2023-03-19,Hyderabad,Furniture,9,18288,0,Weekend
2023-03-19,Hyderabad,Cosmetics,22,12298,0,Weekend
2023-03-20,Kolkata,Electronics,24,38232,0,Weekday
2023-03-20,Kolkata,Clothing,37,28490,0,Weekday
2023-03-20,Kolkata,Groceries,89,16910,1,Weekday
2023-03-20,Kolkata,Furniture,12,21468,1,Weekday
2023-03-20,Kolkata,Cosmetics,20,5320,0,Weekday
2023-03-20,Delhi,Electronics,18,41922,0,Weekday
2023-03-20,Delhi,Clothing,38,35720,0,Weekday
2023-03-20,Delhi,Groceries,53,3551,0,Weekday
2023-03-20,Delhi,Furniture,12,28200,0,Weekday
2023-03-20,Delhi,Cosmetics,29,13137,0,Weekday
2023-03-20,Mumbai,Electronics,28,35112,1,Weekday
2023-03-20,Mumbai,Clothing,37,13505,1,Weekday
2023-03-20,Mumbai,Groceries,62,7998,0,Weekday
2023-03-20,Mumbai,Furniture,10,39100,0,Weekday
2023-03-20,Mumbai,Cosmetics,27,20331,1,Weekday
2023-03-20,Bangalore,Electronics,16,32832,0,Weekday
2023-03-20,Bangalore,Clothing,40,26200,0,Weekday
2023-03-20,Bangalore,Groceries,64,3840,0,Weekday
2023-03-20,Bangalore,Furniture,9,21897,1,Weekday
2023-03-20,Bangalore,Cosmetics,21,11088,0,Weekday
2023-03-20,Hyderabad,Electronics,18,26838,0,Weekday
2023-03-20,Hyderabad,Clothing,43,17157,0,Weekday
2023-03-20,Hyderabad,Groceries,72,6912,0,Weekday
2023-03-20,Hyderabad,Furniture,9,18369,0,Weekday
2023-03-20,Hyderabad,Cosmetics,30,6690,1,Weekday
2023-03-21,Kolkata,Electronics,22,53614,0,Weekday
2023-03-21,Kolkata,Clothing,34,19958,0,Weekday
2023-03-21,Kolkata,Groceries,75,4725,1,Weekday
2023-03-21,Kolkata,Furniture,11,51832,0,Weekday
2023-03-21,Kolkata,Cosmetics,30,22770,1,Weekday
2023-03-21,Delhi,Electronics,18,24642,0,Weekday
2023-03-21,Delhi,Clothing,50,21350,1,Weekday
2023-03-21,Delhi,Groceries,59,3422,0,Weekday
2023-03-21,Delhi,Furniture,11,59664,1,Weekday
2023-03-21,Delhi,Cosmetics,24,14424,0,Weekday
2023-03-21,Mumbai,Electronics,19,43681,1,Weekday
2023-03-21,Mumbai,Clothing,40,24280,0,Weekday
2023-03-21,Mumbai,Groceries,67,7169,0,Weekday
2023-03-21,Mumbai,Furniture,12,59508,1,Weekday
2023-03-21,Mumbai,Cosmetics,26,8424,0,Weekday
2023-03-21,Bangalore,Electronics,22,33440,0,Weekday
2023-03-21,Bangalore,Clothing,29,18995,0,Weekday
2023-03-21,Bangalore,Groceries,65,10010,0,Weekday
2023-03-21,Bangalore,Furniture,9,35766,0,Weekday
2023-03-21,Bangalore,Cosmetics,26,13026,0,Weekday
2023-03-21,Hyderabad,Electronics,20,25180,0,Weekday
2023-03-21,Hyderabad,Clothing,35,22750,0,Weekday
2023-03-21,Hyderabad,Groceries,61,9882,0,Weekday
2023-03-21,Hyderabad,Furniture,13,60515,1,Weekday
2023-03-21,Hyderabad,Cosmetics,23,9775,0,Weekday
2023-03-22,Kolkata,Electronics,15,19050,0,Weekday
2023-03-22,Kolkata,Clothing,24,10176,0,Weekday
2023-03-22,Kolkata,Groceries,60,10020,0,Weekday
2023-03-22,Kolkata,Furniture,10,30050,0,Weekday
2023-03-22,Kolkata,Cosmetics,27,15012,0,Weekday
2023-03-22,Delhi,Electronics,21,27405,1,Weekday
2023-03-22,Delhi,Clothing,40,20080,0,Weekday
2023-03-22,Delhi,Groceries,65,8775,0,Weekday
2023-03-22,Delhi,Furniture,10,25030,0,Weekday
2023-03-22,Delhi,Cosmetics,35,12425,1,Weekday
2023-03-22,Mumbai,Electronics,19,44061,0,Weekday
2023-03-22,Mumbai,Clothing,30,33660,0,Weekday
2023-03-22,Mumbai,Groceries,76,14820,0,Weekday
2023-03-22,Mumbai,Furniture,13,71058,1,Weekday
2023-03-22,Mumbai,Cosmetics,28,14252,0,Weekday
2023-03-22,Bangalore,Electronics,19,35397,0,Weekday
2023-03-22,Bangalore,Clothing,37,17020,0,Weekday
2023-03-22,Bangalore,Groceries,55,3025,0,Weekday
2023-03-22,Bangalore,Furniture,9,45405,0,Weekday
2023-03-22,Bangalore,Cosmetics,28,7980,0,Weekday
2023-03-22,Hyderabad,Electronics,16,21968,0,Weekday
2023-03-22,Hyderabad,Clothing,46,45356,1,Weekday
2023-03-22,Hyderabad,Groceries,61,11407,1,Weekday
2023-03-22,Hyderabad,Furniture,9,40158,1,Weekday
2023-03-22,Hyderabad,Cosmetics,24,4104,0,Weekday
2023-03-23,Kolkata,Electronics,21,27741,0,Weekday
2023-03-23,Kolkata,Clothing,43,50439,1,Weekday
2023-03-23,Kolkata,Groceries,71,8378,0,Weekday
2023-03-23,Kolkata,Furniture,13,74178,1,Weekday
2023-03-23,Kolkata,Cosmetics,29,12151,0,Weekday
2023-03-23,Delhi,Electronics,23,21436,0,Weekday
2023-03-23,Delhi,Clothing,26,22334,0,Weekday
2023-03-23,Delhi,Groceries,60,11100,0,Weekday
2023-03-23,Delhi,Furniture,10,46200,1,Weekday
2023-03-23,Delhi,Cosmetics,28,18340,0,Weekday
2023-03-23,Mumbai,Electronics,24,31992,0,Weekday
2023-03-23,Mumbai,Clothing,32,27392,0,Weekday
2023-03-23,Mumbai,Groceries,63,8190,0,Weekday
2023-03-23,Mumbai,Furniture,11,26983,1,Weekday
2023-03-23,Mumbai,Cosmetics,26,7046,0,Weekday
2023-03-23,Bangalore,Electronics,19,28519,0,Weekday
2023-03-23,Bangalore,Clothing,31,11346,0,Weekday
2023-03-23,Bangalore,Groceries,44,7216,0,Weekday
2023-03-23,Bangalore,Furniture,10,28150,0,Weekday
2023-03-23,Bangalore,Cosmetics,29,19140,1,Weekday
2023-03-23,Hyderabad,Electronics,18,18558,0,Weekday
2023-03-23,Hyderabad,Clothing,38,19532,0,Weekday
2023-03-23,Hyderabad,Groceries,43,4902,0,Weekday
2023-03-23,Hyderabad,Furniture,10,29130,0,Weekday
2023-03-23,Hyderabad,Cosmetics,23,11891,0,Weekday
2023-03-24,Kolkata,Electronics,14,14826,0,Weekday
2023-03-24,Kolkata,Clothing,36,33588,1,Weekday
2023-03-24,Kolkata,Groceries,34,4760,0,Weekday
2023-03-24,Kolkata,Furniture,9,31014,0,Weekday
2023-03-24,Kolkata,Cosmetics,31,20708,0,Weekday
2023-03-24,Delhi,Electronics,17,40205,0,Weekday
2023-03-24,Delhi,Clothing,39,32604,0,Weekday
2023-03-24,Delhi,Groceries,59,7139,0,Weekday
2023-03-24,Delhi,Furniture,12,63180,1,Weekday
2023-03-24,Delhi,Cosmetics,20,7500,0,Weekday
2023-03-24,Mumbai,Electronics,24,39264,1,Weekday
2023-03-24,Mumbai,Clothing,30,16230,0,Weekday
2023-03-24,Mumbai,Groceries,65,3315,0,Weekday
2023-03-24,Mumbai,Furniture,11,65989,1,Weekday
2023-03-24,Mumbai,Cosmetics,24,11232,0,Weekday
2023-03-24,Bangalore,Electronics,20,42000,1,Weekday
2023-03-24,Bangalore,Clothing,36,42588,0,Weekday
2023-03-24,Bangalore,Groceries,62,11904,0,Weekday
2023-03-24,Bangalore,Furniture,12,41328,1,Weekday
2023-03-24,Bangalore,Cosmetics,28,20776,1,Weekday
2023-03-24,Hyderabad,Electronics,20,20160,0,Weekday
2023-03-24,Hyderabad,Clothing,26,27404,0,Weekday
2023-03-24,Hyderabad,Groceries,66,8646,1,Weekday
2023-03-24,Hyderabad,Furniture,12,37920,1,Weekday
2023-03-24,Hyderabad,Cosmetics,25,5925,0,Weekday
2023-03-25,Kolkata,Electronics,21,49476,0,Weekend
2023-03-25,Kolkata,Clothing,27,27027,0,Weekend
2023-03-25,Kolkata,Groceries,46,2300,0,Weekend
2023-03-25,Kolkata,Furniture,12,37716,1,Weekend
2023-03-25,Kolkata,Cosmetics,27,7884,1,Weekend
2023-03-25,Delhi,Electronics,27,33858,1,Weekend
2023-03-25,Delhi,Clothing,43,49923,1,Weekend
2023-03-25,Delhi,Groceries,56,10752,1,Weekend
2023-03-25,Delhi,Furniture,10,58710,1,Weekend
2023-03-25,Delhi,Cosmetics,29,9831,0,Weekend
2023-03-25,Mumbai,Electronics,20,31140,0,Weekend
2023-03-25,Mumbai,Clothing,49,35574,1,Weekend
2023-03-25,Mumbai,Groceries,62,5828,0,Weekend
2023-03-25,Mumbai,Furniture,7,25375,0,Weekend
2023-03-25,Mumbai,Cosmetics,25,7050,1,Weekend
2023-03-25,Bangalore,Electronics,17,38692,0,Weekend
2023-03-25,Bangalore,Clothing,28,27552,0,Weekend
2023-03-25,Bangalore,Groceries,80,6880,1,Weekend
2023-03-25,Bangalore,Furniture,14,47082,1,Weekend
2023-03-25,Bangalore,Cosmetics,29,15370,0,Weekend
2023-03-25,Hyderabad,Electronics,28,46508,1,Weekend
2023-03-25,Hyderabad,Clothing,40,44760,0,Weekend
2023-03-25,Hyderabad,Groceries,65,3705,0,Weekend
2023-03-25,Hyderabad,Furniture,9,27792,0,Weekend
2023-03-25,Hyderabad,Cosmetics,28,9688,1,Weekend
2023-03-26,Kolkata,Electronics,21,20349,0,Weekend
2023-03-26,Kolkata,Clothing,36,12492,0,Weekend
2023-03-26,Kolkata,Groceries,37,3700,0,Weekend
2023-03-26,Kolkata,Furniture,7,32298,1,Weekend
2023-03-26,Kolkata,Cosmetics,21,11697,0,Weekend
2023-03-26,Delhi,Electronics,19,34447,1,Weekend
2023-03-26,Delhi,Clothing,38,41952,0,Weekend
2023-03-26,Delhi,Groceries,66,13068,1,Weekend
2023-03-26,Delhi,Furniture,10,28000,1,Weekend
2023-03-26,Delhi,Cosmetics,23,7130,0,Weekend
2023-03-26,Mumbai,Electronics,23,20424,1,Weekend
2023-03-26,Mumbai,Clothing,35,24185,0,Weekend
2023-03-26,Mumbai,Groceries,61,10797,1,Weekend
2023-03-26,Mumbai,Furniture,9,27630,0,Weekend
2023-03-26,Mumbai,Cosmetics,26,14248,1,Weekend
2023-03-26,Bangalore,Electronics,18,18684,0,Weekend
2023-03-26,Bangalore,Clothing,35,32410,1,Weekend
2023-03-26,Bangalore,Groceries,76,9196,1,Weekend
2023-03-26,Bangalore,Furniture,7,10843,0,Weekend
2023-03-26,Bangalore,Cosmetics,28,9828,1,Weekend
2023-03-26,Hyderabad,Electronics,17,17051,0,Weekend
2023-03-26,Hyderabad,Clothing,35,25900,0,Weekend
2023-03-26,Hyderabad,Groceries,50,7700,1,Weekend
2023-03-26,Hyderabad,Furniture,10,24300,0,Weekend
2023-03-26,Hyderabad,Cosmetics,25,17575,0,Weekend
2023-03-27,Kolkata,Electronics,18,31788,0,Weekday
2023-03-27,Kolkata,Clothing,40,38120,0,Weekday
2023-03-27,Kolkata,Groceries,64,7552,0,Weekday
2023-03-27,Kolkata,Furniture,15,70470,1,Weekday
2023-03-27,Kolkata,Cosmetics,27,12393,0,Weekday
2023-03-27,Delhi,Electronics,16,26176,0,Weekday
2023-03-27,Delhi,Clothing,33,10560,0,Weekday
2023-03-27,Delhi,Groceries,59,3245,0,Weekday
2023-03-27,Delhi,Furniture,10,45200,0,Weekday
2023-03-27,Delhi,Cosmetics,19,6916,0,Weekday
2023-03-27,Mumbai,Electronics,15,12420,0,Weekday
2023-03-27,Mumbai,Clothing,38,37050,0,Weekday
2023-03-27,Mumbai,Groceries,52,2860,1,Weekday
2023-03-27,Mumbai,Furniture,8,37944,0,Weekday
2023-03-27,Mumbai,Cosmetics,29,22591,1,Weekday
2023-03-27,Bangalore,Electronics,24,47496,0,Weekday
2023-03-27,Bangalore,Clothing,24,8352,0,Weekday
2023-03-27,Bangalore,Groceries,61,4087,0,Weekday
2023-03-27,Bangalore,Furniture,9,52686,0,Weekday
2023-03-27,Bangalore,Cosmetics,27,19494,0,Weekday
2023-03-27,Hyderabad,Electronics,20,42640,1,Weekday
2023-03-27,Hyderabad,Clothing,49,58702,1,Weekday
2023-03-27,Hyderabad,Groceries,54,7506,0,Weekday
2023-03-27,Hyderabad,Furniture,11,21967,0,Weekday
2023-03-27,Hyderabad,Cosmetics,25,13375,0,Weekday
2023-03-28,Kolkata,Electronics,18,22482,0,Weekday
2023-03-28,Kolkata,Clothing,33,20130,0,Weekday
2023-03-28,Kolkata,Groceries,69,4830,0,Weekday
2023-03-28,Kolkata,Furniture,9,28404,0,Weekday
2023-03-28,Kolkata,Cosmetics,29,14355,1,Weekday
2023-03-28,Delhi,Electronics,22,41426,0,Weekday
2023-03-28,Delhi,Clothing,33,11616,0,Weekday
2023-03-28,Delhi,Groceries,63,8820,0,Weekday
2023-03-28,Delhi,Furniture,10,34470,0,Weekday
2023-03-28,Delhi,Cosmetics,26,8684,0,Weekday
2023-03-28,Mumbai,Electronics,17,18836,0,Weekday
2023-03-28,Mumbai,Clothing,33,13431,1,Weekday
2023-03-28,Mumbai,Groceries,55,9240,0,Weekday
2023-03-28,Mumbai,Furniture,10,37240,0,Weekday
2023-03-28,Mumbai,Cosmetics,30,12270,0,Weekday
2023-03-28,Bangalore,Electronics,22,35134,0,Weekday
2023-03-28,Bangalore,Clothing,38,14364,0,Weekday
2023-03-28,Bangalore,Groceries,57,4731,0,Weekday
2023-03-28,Bangalore,Furniture,16,95984,1,Weekday
2023-03-28,Bangalore,Cosmetics,22,13684,0,Weekday
2023-03-28,Hyderabad,Electronics,20,19600,0,Weekday
2023-03-28,Hyderabad,Clothing,28,26096,0,Weekday
2023-03-28,Hyderabad,Groceries,71,10792,0,Weekday
2023-03-28,Hyderabad,Furniture,10,44320,0,Weekday
2023-03-28,Hyderabad,Cosmetics,21,6195,0,Weekday
2023-03-29,Kolkata,Electronics,16,29696,0,Weekday
2023-03-29,Kolkata,Clothing,38,16264,1,Weekday
2023-03-29,Kolkata,Groceries,70,12040,0,Weekday
2023-03-29,Kolkata,Furniture,7,23219,0,Weekday
2023-03-29,Kolkata,Cosmetics,27,11340,0,Weekday
2023-03-29,Delhi,Electronics,22,37928,0,Weekday
2023-03-29,Delhi,Clothing,35,38430,0,Weekday
2023-03-29,Delhi,Groceries,53,7367,0,Weekday
2023-03-29,Delhi,Furniture,8,33216,0,Weekday
2023-03-29,Delhi,Cosmetics,21,6657,0,Weekday
2023-03-29,Mumbai,Electronics,21,37002,1,Weekday
2023-03-29,Mumbai,Clothing,38,28348,0,Weekday
2023-03-29,Mumbai,Groceries,78,4914,1,Weekday
2023-03-29,Mumbai,Furniture,12,62184,0,Weekday
2023-03-29,Mumbai,Cosmetics,19,7220,0,Weekday
2023-03-29,Bangalore,Electronics,19,17841,0,Weekday
2023-03-29,Bangalore,Clothing,40,18440,0,Weekday
2023-03-29,Bangalore,Groceries,60,10200,1,Weekday
2023-03-29,Bangalore,Furniture,9,32076,0,Weekday
2023-03-29,Bangalore,Cosmetics,25,9850,0,Weekday
2023-03-29,Hyderabad,Electronics,19,41610,1,Weekday
2023-03-29,Hyderabad,Clothing,45,18630,0,Weekday
2023-03-29,Hyderabad,Groceries,66,4488,0,Weekday
2023-03-29,Hyderabad,Furniture,10,27440,1,Weekday
2023-03-29,Hyderabad,Cosmetics,20,7040,0,Weekday
2023-03-30,Kolkata,Electronics,20,37760,0,Weekday
2023-03-30,Kolkata,Clothing,31,31186,0,Weekday
2023-03-30,Kolkata,Groceries,71,4828,0,Weekday
2023-03-30,Kolkata,Furniture,10,26120,0,Weekday
2023-03-30,Kolkata,Cosmetics,24,16008,0,Weekday
2023-03-30,Delhi,Electronics,20,44480,1,Weekday
2023-03-30,Delhi,Clothing,37,25715,0,Weekday
2023-03-30,Delhi,Groceries,45,6165,0,Weekday
2023-03-30,Delhi,Furniture,9,27909,0,Weekday
2023-03-30,Delhi,Cosmetics,24,9480,0,Weekday
2023-03-30,Mumbai,Electronics,18,27828,0,Weekday
2023-03-30,Mumbai,Clothing,50,52050,1,Weekday
2023-03-30,Mumbai,Groceries,55,8305,0,Weekday
2023-03-30,Mumbai,Furniture,9,22671,0,Weekday
2023-03-30,Mumbai,Cosmetics,30,23550,0,Weekday
2023-03-30,Bangalore,Electronics,22,35112,0,Weekday
2023-03-30,Bangalore,Clothing,49,26509,1,Weekday
2023-03-30,Bangalore,Groceries,63,10962,0,Weekday
2023-03-30,Bangalore,Furniture,8,12896,0,Weekday
2023-03-30,Bangalore,Cosmetics,24,6552,0,Weekday
2023-03-30,Hyderabad,Electronics,21,44961,0,Weekday
2023-03-30,Hyderabad,Clothing,29,27753,0,Weekday
2023-03-30,Hyderabad,Groceries,45,3780,0,Weekday
2023-03-30,Hyderabad,Furniture,13,70525,0,Weekday
2023-03-30,Hyderabad,Cosmetics,25,16675,0,Weekday
2023-03-31,Kolkata,Electronics,14,17612,0,Weekday
2023-03-31,Kolkata,Clothing,27,17685,0,Weekday
2023-03-31,Kolkata,Groceries,61,6222,0,Weekday
2023-03-31,Kolkata,Furniture,8,28392,0,Weekday
2023-03-31,Kolkata,Cosmetics,21,6825,0,Weekday
2023-03-31,Delhi,Electronics,18,30492,0,Weekday
2023-03-31,Delhi,Clothing,38,21964,0,Weekday
2023-03-31,Delhi,Groceries,64,12160,0,Weekday
2023-03-31,Delhi,Furniture,8,18952,0,Weekday
2023-03-31,Delhi,Cosmetics,30,4830,1,Weekday
2023-03-31,Mumbai,Electronics,28,51464,1,Weekday
2023-03-31,Mumbai,Clothing,40,23960,0,Weekday
2023-03-31,Mumbai,Groceries,66,9636,0,Weekday
2023-03-31,Mumbai,Furniture,10,46370,0,Weekday
2023-03-31,Mumbai,Cosmetics,30,11010,1,Weekday
2023-03-31,Bangalore,Electronics,17,41208,0,Weekday
2023-03-31,Bangalore,Clothing,33,36696,0,Weekday
2023-03-31,Bangalore,Groceries,84,6804,1,Weekday
2023-03-31,Bangalore,Furniture,10,35790,1,Weekday
2023-03-31,Bangalore,Cosmetics,33,12573,0,Weekday
2023-03-31,Hyderabad,Electronics,22,26906,1,Weekday
2023-03-31,Hyderabad,Clothing,45,42795,1,Weekday
2023-03-31,Hyderabad,Groceries,76,11552,0,Weekday
2023-03-31,Hyderabad,Furniture,10,31070,0,Weekday
2023-03-31,Hyderabad,Cosmetics,22,7150,0,Weekday
2023-04-01,Kolkata,Electronics,17,20434,0,Weekend
2023-04-01,Kolkata,Clothing,34,23528,1,Weekend
2023-04-01,Kolkata,Groceries,66,10164,1,Weekend
2023-04-01,Kolkata,Furniture,10,19220,1,Weekend
2023-04-01,Kolkata,Cosmetics,23,15640,0,Weekend
2023-04-01,Delhi,Electronics,24,44424,1,Weekend
2023-04-01,Delhi,Clothing,41,16359,1,Weekend
2023-04-01,Delhi,Groceries,63,6993,0,Weekend
2023-04-01,Delhi,Furniture,9,32886,0,Weekend
2023-04-01,Delhi,Cosmetics,17,8840,0,Weekend
2023-04-01,Mumbai,Electronics,25,43300,1,Weekend
2023-04-01,Mumbai,Clothing,29,30160,0,Weekend
2023-04-01,Mumbai,Groceries,86,11524,1,Weekend
2023-04-01,Mumbai,Furniture,12,39576,0,Weekend
2023-04-01,Mumbai,Cosmetics,24,17664,0,Weekend
2023-04-01,Bangalore,Electronics,25,37475,1,Weekend
2023-04-01,Bangalore,Clothing,34,31314,1,Weekend
2023-04-01,Bangalore,Groceries,64,4608,0,Weekend
2023-04-01,Bangalore,Furniture,11,25960,0,Weekend
2023-04-01,Bangalore,Cosmetics,17,7242,0,Weekend
2023-04-01,Hyderabad,Electronics,21,30555,1,Weekend
2023-04-01,Hyderabad,Clothing,31,30628,1,Weekend
2023-04-01,Hyderabad,Groceries,42,5040,0,Weekend
2023-04-01,Hyderabad,Furniture,9,51993,0,Weekend
2023-04-01,Hyderabad,Cosmetics,26,19604,0,Weekend
2023-04-02,Kolkata,Electronics,19,27892,1,Weekend
2023-04-02,Kolkata,Clothing,41,42927,0,Weekend
2023-04-02,Kolkata,Groceries,85,12325,1,Weekend
2023-04-02,Kolkata,Furniture,11,25465,0,Weekend
2023-04-02,Kolkata,Cosmetics,33,15609,0,Weekend
2023-04-02,Delhi,Electronics,26,33306,1,Weekend
2023-04-02,Delhi,Clothing,39,26910,1,Weekend
2023-04-02,Delhi,Groceries,47,7708,1,Weekend
2023-04-02,Delhi,Furniture,13,27872,1,Weekend
2023-04-02,Delhi,Cosmetics,26,12142,0,Weekend
2023-04-02,Mumbai,Electronics,23,26059,1,Weekend
2023-04-02,Mumbai,Clothing,40,30120,0,Weekend
2023-04-02,Mumbai,Groceries,78,5070,1,Weekend
2023-04-02,Mumbai,Furniture,11,53042,1,Weekend
2023-04-02,Mumbai,Cosmetics,24,9456,0,Weekend
2023-04-02,Bangalore,Electronics,18,31914,0,Weekend
2023-04-02,Bangalore,Clothing,37,33004,0,Weekend
2023-04-02,Bangalore,Groceries,65,3640,1,Weekend
2023-04-02,Bangalore,Furniture,11,17666,1,Weekend
2023-04-02,Bangalore,Cosmetics,21,11214,0,Weekend
2023-04-02,Hyderabad,Electronics,17,39593,0,Weekend
2023-04-02,Hyderabad,Clothing,38,12540,1,Weekend
2023-04-02,Hyderabad,Groceries,51,2652,0,Weekend
2023-04-02,Hyderabad,Furniture,11,19679,1,Weekend
2023-04-02,Hyderabad,Cosmetics,27,15687,0,Weekend
2023-04-03,Kolkata,Electronics,21,46914,0,Weekday
2023-04-03,Kolkata,Clothing,38,32984,0,Weekday
2023-04-03,Kolkata,Groceries,54,8802,0,Weekday
2023-04-03,Kolkata,Furniture,8,23328,0,Weekday
2023-04-03,Kolkata,Cosmetics,28,20832,0,Weekday
2023-04-03,Delhi,Electronics,12,14388,0,Weekday
2023-04-03,Delhi,Clothing,33,10824,0,Weekday
2023-04-03,Delhi,Groceries,69,10971,0,Weekday
2023-04-03,Delhi,Furniture,16,77664,1,Weekday
2023-04-03,Delhi,Cosmetics,32,22176,1,Weekday
2023-04-03,Mumbai,Electronics,22,49434,0,Weekday
2023-04-03,Mumbai,Clothing,43,44118,1,Weekday
2023-04-03,Mumbai,Groceries,53,3604,0,Weekday
2023-04-03,Mumbai,Furniture,8,24232,0,Weekday
2023-04-03,Mumbai,Cosmetics,28,5236,1,Weekday
2023-04-03,Bangalore,Electronics,19,46436,0,Weekday
2023-04-03,Bangalore,Clothing,36,37944,0,Weekday
2023-04-03,Bangalore,Groceries,61,9821,0,Weekday
2023-04-03,Bangalore,Furniture,9,22275,0,Weekday
2023-04-03,Bangalore,Cosmetics,23,16284,0,Weekday
2023-04-03,Hyderabad,Electronics,20,20300,0,Weekday
2023-04-03,Hyderabad,Clothing,30,21690,0,Weekday
2023-04-03,Hyderabad,Groceries,60,10500,0,Weekday
2023-04-03,Hyderabad,Furniture,9,14778,1,Weekday
2023-04-03,Hyderabad,Cosmetics,18,4536,0,Weekday
2023-04-04,Kolkata,Electronics,26,48438,1,Weekday
2023-04-04,Kolkata,Clothing,35,28420,1,Weekday
2023-04-04,Kolkata,Groceries,66,10890,0,Weekday
2023-04-04,Kolkata,Furniture,11,61908,1,Weekday
2023-04-04,Kolkata,Cosmetics,25,18250,1,Weekday
2023-04-04,Delhi,Electronics,19,43130,0,Weekday
2023-04-04,Delhi,Clothing,38,33136,0,Weekday
2023-04-04,Delhi,Groceries,55,7480,0,Weekday
2023-04-04,Delhi,Furniture,11,65934,0,Weekday
2023-04-04,Delhi,Cosmetics,24,10008,0,Weekday
2023-04-04,Mumbai,Electronics,22,34342,1,Weekday
2023-04-04,Mumbai,Clothing,39,14664,1,Weekday
2023-04-04,Mumbai,Groceries,76,6840,1,Weekday
2023-04-04,Mumbai,Furniture,10,36800,0,Weekday
2023-04-04,Mumbai,Cosmetics,25,15050,0,Weekday
2023-04-04,Bangalore,Electronics,21,43323,1,Weekday
2023-04-04,Bangalore,Clothing,42,17010,1,Weekday
2023-04-04,Bangalore,Groceries,63,12096,0,Weekday
2023-04-04,Bangalore,Furniture,8,45848,0,Weekday
2023-04-04,Bangalore,Cosmetics,28,4648,0,Weekday
2023-04-04,Hyderabad,Electronics,25,36150,0,Weekday
2023-04-04,Hyderabad,Clothing,43,34271,0,Weekday
2023-04-04,Hyderabad,Groceries,58,5394,0,Weekday
2023-04-04,Hyderabad,Furniture,8,20424,0,Weekday
2023-04-04,Hyderabad,Cosmetics,23,16974,1,Weekday
2023-04-05,Kolkata,Electronics,20,48540,0,Weekday
2023-04-05,Kolkata,Clothing,32,25312,0,Weekday
2023-04-05,Kolkata,Groceries,59,11210,0,Weekday
2023-04-05,Kolkata,Furniture,10,49580,0,Weekday
2023-04-05,Kolkata,Cosmetics,23,11224,1,Weekday
2023-04-05,Delhi,Electronics,21,34461,0,Weekday
2023-04-05,Delhi,Clothing,42,16758,0,Weekday
2023-04-05,Delhi,Groceries,48,3072,0,Weekday
2023-04-05,Delhi,Furniture,7,16527,0,Weekday
2023-04-05,Delhi,Cosmetics,17,9163,0,Weekday
2023-04-05,Mumbai,Electronics,23,53659,0,Weekday
2023-04-05,Mumbai,Clothing,18,8604,0,Weekday
2023-04-05,Mumbai,Groceries,79,8848,1,Weekday
2023-04-05,Mumbai,Furniture,10,38690,0,Weekday
2023-04-05,Mumbai,Cosmetics,26,5304,1,Weekday
2023-04-05,Bangalore,Electronics,18,38196,0,Weekday
2023-04-05,Bangalore,Clothing,27,31752,0,Weekday
2023-04-05,Bangalore,Groceries,39,3588,0,Weekday
2023-04-05,Bangalore,Furniture,11,58707,0,Weekday
2023-04-05,Bangalore,Cosmetics,32,23328,1,Weekday
2023-04-05,Hyderabad,Electronics,24,38928,0,Weekday
2023-04-05,Hyderabad,Clothing,30,9060,0,Weekday
2023-04-05,Hyderabad,Groceries,70,6160,0,Weekday
2023-04-05,Hyderabad,Furniture,9,40176,0,Weekday
2023-04-05,Hyderabad,Cosmetics,25,8125,0,Weekday
2023-04-06,Kolkata,Electronics,16,34432,1,Weekday
2023-04-06,Kolkata,Clothing,39,30264,0,Weekday
2023-04-06,Kolkata,Groceries,58,10846,0,Weekday
2023-04-06,Kolkata,Furniture,11,19833,0,Weekday
2023-04-06,Kolkata,Cosmetics,24,7056,0,Weekday
2023-04-06,Delhi,Electronics,11,12980,0,Weekday
2023-04-06,Delhi,Clothing,35,41230,0,Weekday
2023-04-06,Delhi,Groceries,61,7808,0,Weekday
2023-04-06,Delhi,Furniture,8,26072,0,Weekday
2023-04-06,Delhi,Cosmetics,32,15712,0,Weekday
2023-04-06,Mumbai,Electronics,20,28820,0,Weekday
2023-04-06,Mumbai,Clothing,32,32480,0,Weekday
2023-04-06,Mumbai,Groceries,54,7182,0,Weekday
2023-04-06,Mumbai,Furniture,11,29689,1,Weekday
2023-04-06,Mumbai,Cosmetics,24,16008,0,Weekday
2023-04-06,Bangalore,Electronics,21,38451,1,Weekday
2023-04-06,Bangalore,Clothing,39,15093,1,Weekday
2023-04-06,Bangalore,Groceries,55,6600,0,Weekday
2023-04-06,Bangalore,Furniture,8,26424,0,Weekday
2023-04-06,Bangalore,Cosmetics,31,20274,1,Weekday
2023-04-06,Hyderabad,Electronics,23,41262,0,Weekday
2023-04-06,Hyderabad,Clothing,37,12247,0,Weekday
2023-04-06,Hyderabad,Groceries,56,3136,0,Weekday
2023-04-06,Hyderabad,Furniture,11,36157,0,Weekday
2023-04-06,Hyderabad,Cosmetics,24,16824,1,Weekday
2023-04-07,Kolkata,Electronics,19,24016,0,Weekday
2023-04-07,Kolkata,Clothing,32,31296,0,Weekday
2023-04-07,Kolkata,Groceries,54,6966,0,Weekday
2023-04-07,Kolkata,Furniture,10,47060,0,Weekday
2023-04-07,Kolkata,Cosmetics,24,5040,0,Weekday
2023-04-07,Delhi,Electronics,14,18522,0,Weekday
2023-04-07,Delhi,Clothing,24,14040,0,Weekday
2023-04-07,Delhi,Groceries,54,3348,0,Weekday
2023-04-07,Delhi,Furniture,8,38768,1,Weekday
2023-04-07,Delhi,Cosmetics,23,14444,0,Weekday
2023-04-07,Mumbai,Electronics,25,42875,0,Weekday
2023-04-07,Mumbai,Clothing,31,33573,1,Weekday
2023-04-07,Mumbai,Groceries,65,6955,1,Weekday
2023-04-07,Mumbai,Furniture,10,23630,0,Weekday
2023-04-07,Mumbai,Cosmetics,23,17158,0,Weekday
2023-04-07,Bangalore,Electronics,22,34122,1,Weekday
2023-04-07,Bangalore,Clothing,36,21708,0,Weekday
2023-04-07,Bangalore,Groceries,70,12600,1,Weekday
2023-04-07,Bangalore,Furniture,10,32600,1,Weekday
2023-04-07,Bangalore,Cosmetics,30,12030,1,Weekday
2023-04-07,Hyderabad,Electronics,22,25806,1,Weekday
2023-04-07,Hyderabad,Clothing,27,18819,0,Weekday
2023-04-07,Hyderabad,Groceries,65,6240,0,Weekday
2023-04-07,Hyderabad,Furniture,8,20552,0,Weekday
2023-04-07,Hyderabad,Cosmetics,20,5740,0,Weekday
2023-04-08,Kolkata,Electronics,23,38755,0,Weekend
2023-04-08,Kolkata,Clothing,39,24141,1,Weekend
2023-04-08,Kolkata,Groceries,53,8427,0,Weekend
2023-04-08,Kolkata,Furniture,9,34389,1,Weekend
2023-04-08,Kolkata,Cosmetics,23,9637,1,Weekend
2023-04-08,Delhi,Electronics,17,24531,0,Weekend
2023-04-08,Delhi,Clothing,41,25420,1,Weekend
2023-04-08,Delhi,Groceries,54,3888,0,Weekend
2023-04-08,Delhi,Furniture,8,36432,1,Weekend
2023-04-08,Delhi,Cosmetics,32,20416,1,Weekend
2023-04-08,Mumbai,Electronics,14,15330,0,Weekend
2023-04-08,Mumbai,Clothing,35,29750,0,Weekend
2023-04-08,Mumbai,Groceries,42,3486,0,Weekend
2023-04-08,Mumbai,Furniture,11,45529,1,Weekend
2023-04-08,Mumbai,Cosmetics,25,14425,0,Weekend
2023-04-08,Bangalore,Electronics,21,48111,0,Weekend
2023-04-08,Bangalore,Clothing,45,46710,1,Weekend
2023-04-08,Bangalore,Groceries,49,2695,0,Weekend
2023-04-08,Bangalore,Furniture,10,19480,0,Weekend
2023-04-08,Bangalore,Cosmetics,23,5152,0,Weekend
2023-04-08,Hyderabad,Electronics,24,22584,0,Weekend
2023-04-08,Hyderabad,Clothing,46,16606,1,Weekend
2023-04-08,Hyderabad,Groceries,56,6720,0,Weekend
2023-04-08,Hyderabad,Furniture,11,62667,1,Weekend
2023-04-08,Hyderabad,Cosmetics,23,10327,1,Weekend
2023-04-09,Kolkata,Electronics,18,28404,0,Weekend
2023-04-09,Kolkata,Clothing,34,35972,0,Weekend
2023-04-09,Kolkata,Groceries,46,3312,0,Weekend
2023-04-09,Kolkata,Furniture,11,44748,0,Weekend
2023-04-09,Kolkata,Cosmetics,28,9128,0,Weekend
2023-04-09,Delhi,Electronics,18,28494,0,Weekend
2023-04-09,Delhi,Clothing,30,26760,1,Weekend
2023-04-09,Delhi,Groceries,86,16684,1,Weekend
2023-04-09,Delhi,Furniture,9,21384,0,Weekend
2023-04-09,Delhi,Cosmetics,27,5265,0,Weekend
2023-04-09,Mumbai,Electronics,27,60993,1,Weekend
2023-04-09,Mumbai,Clothing,45,14535,1,Weekend
2023-04-09,Mumbai,Groceries,40,2880,0,Weekend
2023-04-09,Mumbai,Furniture,10,58670,1,Weekend
2023-04-09,Mumbai,Cosmetics,25,12050,1,Weekend
2023-04-09,Bangalore,Electronics,18,37548,0,Weekend
2023-04-09,Bangalore,Clothing,33,39006,0,Weekend
2023-04-09,Bangalore,Groceries,64,6272,0,Weekend
2023-04-09,Bangalore,Furniture,12,46272,0,Weekend
2023-04-09,Bangalore,Cosmetics,25,16375,0,Weekend
2023-04-09,Hyderabad,Electronics,26,27872,1,Weekend
2023-04-09,Hyderabad,Clothing,35,21315,0,Weekend
2023-04-09,Hyderabad,Groceries,51,5763,1,Weekend
2023-04-09,Hyderabad,Furniture,12,25872,0,Weekend
2023-04-09,Hyderabad,Cosmetics,23,3657,0,Weekend
2023-04-10,Kolkata,Electronics,21,32487,0,Weekday
2023-04-10,Kolkata,Clothing,28,16268,0,Weekday
2023-04-10,Kolkata,Groceries,65,10985,1,Weekday
2023-04-10,Kolkata,Furniture,9,30330,0,Weekday
2023-04-10,Kolkata,Cosmetics,27,13041,1,Weekday
2023-04-10,Delhi,Electronics,16,30656,0,Weekday
2023-04-10,Delhi,Clothing,35,10500,0,Weekday
2023-04-10,Delhi,Groceries,63,10017,0,Weekday
2023-04-10,Delhi,Furniture,7,14756,0,Weekday
2023-04-10,Delhi,Cosmetics,25,18475,0,Weekday
2023-04-10,Mumbai,Electronics,13,23465,0,Weekday
2023-04-10,Mumbai,Clothing,36,12708,0,Weekday
2023-04-10,Mumbai,Groceries,65,6760,0,Weekday
2023-04-10,Mumbai,Furniture,12,61824,1,Weekday
2023-04-10,Mumbai,Cosmetics,26,17186,0,Weekday
2023-04-10,Bangalore,Electronics,21,29274,0,Weekday
2023-04-10,Bangalore,Clothing,36,38952,0,Weekday
2023-04-10,Bangalore,Groceries,51,8160,0,Weekday
2023-04-10,Bangalore,Furniture,7,22897,0,Weekday
2023-04-10,Bangalore,Cosmetics,23,14490,0,Weekday
2023-04-10,Hyderabad,Electronics,19,21432,1,Weekday
2023-04-10,Hyderabad,Clothing,49,16905,0,Weekday
2023-04-10,Hyderabad,Groceries,49,5047,0,Weekday
2023-04-10,Hyderabad,Furniture,10,26010,0,Weekday
2023-04-10,Hyderabad,Cosmetics,30,17070,0,Weekday
2023-04-11,Kolkata,Electronics,26,48022,1,Weekday
2023-04-11,Kolkata,Clothing,39,35451,1,Weekday
2023-04-11,Kolkata,Groceries,67,7906,0,Weekday
2023-04-11,Kolkata,Furniture,9,28242,1,Weekday
2023-04-11,Kolkata,Cosmetics,26,9776,1,Weekday
2023-04-11,Delhi,Electronics,13,14508,0,Weekday
2023-04-11,Delhi,Clothing,45,30330,0,Weekday
2023-04-11,Delhi,Groceries,56,8344,0,Weekday
2023-04-11,Delhi,Furniture,8,19216,0,Weekday
2023-04-11,Delhi,Cosmetics,27,8343,0,Weekday
2023-04-11,Mumbai,Electronics,16,20480,0,Weekday
2023-04-11,Mumbai,Clothing,36,34164,0,Weekday
2023-04-11,Mumbai,Groceries,61,9821,0,Weekday
2023-04-11,Mumbai,Furniture,11,26543,0,Weekday
2023-04-11,Mumbai,Cosmetics,27,4887,0,Weekday
2023-04-11,Bangalore,Electronics,18,35208,1,Weekday
2023-04-11,Bangalore,Clothing,37,25382,0,Weekday
2023-04-11,Bangalore,Groceries,56,9352,0,Weekday
2023-04-11,Bangalore,Furniture,13,24453,1,Weekday
2023-04-11,Bangalore,Cosmetics,24,15816,0,Weekday
2023-04-11,Hyderabad,Electronics,22,29612,0,Weekday
2023-04-11,Hyderabad,Clothing,27,11745,0,Weekday
2023-04-11,Hyderabad,Groceries,50,3150,0,Weekday
2023-04-11,Hyderabad,Furniture,14,65268,1,Weekday
2023-04-11,Hyderabad,Cosmetics,32,10208,1,Weekday
2023-04-12,Kolkata,Electronics,25,54225,1,Weekday
2023-04-12,Kolkata,Clothing,41,47027,0,Weekday
2023-04-12,Kolkata,Groceries,37,3663,0,Weekday
2023-04-12,Kolkata,Furniture,8,19200,0,Weekday
2023-04-12,Kolkata,Cosmetics,28,10332,0,Weekday
2023-04-12,Delhi,Electronics,22,41558,1,Weekday
2023-04-12,Delhi,Clothing,35,23870,0,Weekday
2023-04-12,Delhi,Groceries,52,9204,0,Weekday
2023-04-12,Delhi,Furniture,8,14864,0,Weekday
2023-04-12,Delhi,Cosmetics,25,16450,0,Weekday
2023-04-12,Mumbai,Electronics,16,31440,0,Weekday
2023-04-12,Mumbai,Clothing,32,22880,0,Weekday
2023-04-12,Mumbai,Groceries,51,8364,0,Weekday
2023-04-12,Mumbai,Furniture,11,17182,1,Weekday
2023-04-12,Mumbai,Cosmetics,32,5280,1,Weekday
2023-04-12,Bangalore,Electronics,14,19656,0,Weekday
2023-04-12,Bangalore,Clothing,39,22659,0,Weekday
2023-04-12,Bangalore,Groceries,68,5032,0,Weekday
2023-04-12,Bangalore,Furniture,10,49290,0,Weekday
2023-04-12,Bangalore,Cosmetics,27,16362,0,Weekday
2023-04-12,Hyderabad,Electronics,20,37620,1,Weekday
2023-04-12,Hyderabad,Clothing,30,28200,0,Weekday
2023-04-12,Hyderabad,Groceries,60,4200,0,Weekday
2023-04-12,Hyderabad,Furniture,10,54960,1,Weekday
2023-04-12,Hyderabad,Cosmetics,27,16254,0,Weekday
2023-04-13,Kolkata,Electronics,20,40180,0,Weekday
2023-04-13,Kolkata,Clothing,31,12710,0,Weekday
2023-04-13,Kolkata,Groceries,47,7614,0,Weekday
2023-04-13,Kolkata,Furniture,7,37121,0,Weekday
2023-04-13,Kolkata,Cosmetics,20,6860,0,Weekday
2023-04-13,Delhi,Electronics,19,32509,1,Weekday
2023-04-13,Delhi,Clothing,27,11907,0,Weekday
2023-04-13,Delhi,Groceries,53,4611,0,Weekday
2023-04-13,Delhi,Furniture,13,23842,1,Weekday
2023-04-13,Delhi,Cosmetics,22,8976,0,Weekday
2023-04-13,Mumbai,Electronics,19,39159,0,Weekday
2023-04-13,Mumbai,Clothing,46,19136,1,Weekday
2023-04-13,Mumbai,Groceries,77,5929,1,Weekday
2023-04-13,Mumbai,Furniture,12,47136,1,Weekday
2023-04-13,Mumbai,Cosmetics,26,8424,0,Weekday
2023-04-13,Bangalore,Electronics,26,44772,0,Weekday
2023-04-13,Bangalore,Clothing,33,29238,0,Weekday
2023-04-13,Bangalore,Groceries,57,10716,0,Weekday
2023-04-13,Bangalore,Furniture,9,32418,0,Weekday
2023-04-13,Bangalore,Cosmetics,25,16150,0,Weekday
2023-04-13,Hyderabad,Electronics,21,21525,0,Weekday
2023-04-13,Hyderabad,Clothing,41,36572,1,Weekday
2023-04-13,Hyderabad,Groceries,53,4081,0,Weekday
2023-04-13,Hyderabad,Furniture,9,45576,0,Weekday
2023-04-13,Hyderabad,Cosmetics,25,10375,0,Weekday
2023-04-14,Kolkata,Electronics,19,18715,0,Weekday
2023-04-14,Kolkata,Clothing,35,38325,0,Weekday
2023-04-14,Kolkata,Groceries,59,3835,0,Weekday
2023-04-14,Kolkata,Furniture,10,38550,1,Weekday
2023-04-14,Kolkata,Cosmetics,25,9950,0,Weekday
2023-04-14,Delhi,Electronics,18,29340,0,Weekday
2023-04-14,Delhi,Clothing,29,25317,0,Weekday
2023-04-14,Delhi,Groceries,68,7208,0,Weekday
2023-04-14,Delhi,Furniture,7,26453,0,Weekday
2023-04-14,Delhi,Cosmetics,30,11640,0,Weekday
2023-04-14,Mumbai,Electronics,20,18240,0,Weekday
2023-04-14,Mumbai,Clothing,35,39200,0,Weekday
2023-04-14,Mumbai,Groceries,81,12717,1,Weekday
2023-04-14,Mumbai,Furniture,10,25690,0,Weekday
2023-04-14,Mumbai,Cosmetics,20,10680,0,Weekday
2023-04-14,Bangalore,Electronics,16,36368,0,Weekday
2023-04-14,Bangalore,Clothing,44,31504,1,Weekday
2023-04-14,Bangalore,Groceries,69,7107,1,Weekday
2023-04-14,Bangalore,Furniture,11,50952,0,Weekday
2023-04-14,Bangalore,Cosmetics,33,15873,1,Weekday
2023-04-14,Hyderabad,Electronics,20,31520,0,Weekday
2023-04-14,Hyderabad,Clothing,40,28760,0,Weekday
2023-04-14,Hyderabad,Groceries,63,5859,0,Weekday
2023-04-14,Hyderabad,Furniture,11,58498,0,Weekday
2023-04-14,Hyderabad,Cosmetics,29,17777,0,Weekday
2023-04-15,Kolkata,Electronics,20,24660,1,Weekend
2023-04-15,Kolkata,Clothing,31,27311,0,Weekend
2023-04-15,Kolkata,Groceries,42,6762,0,Weekend
2023-04-15,Kolkata,Furniture,8,36088,1,Weekend
2023-04-15,Kolkata,Cosmetics,19,2850,0,Weekend
2023-04-15,Delhi,Electronics,22,49962,1,Weekend
2023-04-15,Delhi,Clothing,47,50431,0,Weekend
2023-04-15,Delhi,Groceries,71,4047,0,Weekend
2023-04-15,Delhi,Furniture,9,27819,0,Weekend
2023-04-15,Delhi,Cosmetics,19,13813,1,Weekend
2023-04-15,Mumbai,Electronics,25,26075,1,Weekend
2023-04-15,Mumbai,Clothing,39,35568,1,Weekend
2023-04-15,Mumbai,Groceries,63,7497,0,Weekend
2023-04-15,Mumbai,Furniture,8,38040,0,Weekend
2023-04-15,Mumbai,Cosmetics,22,9504,0,Weekend
2023-04-15,Bangalore,Electronics,25,26825,1,Weekend
2023-04-15,Bangalore,Clothing,33,15675,0,Weekend
2023-04-15,Bangalore,Groceries,59,10148,1,Weekend
2023-04-15,Bangalore,Furniture,10,40760,0,Weekend
2023-04-15,Bangalore,Cosmetics,29,16327,0,Weekend
2023-04-15,Hyderabad,Electronics,20,48840,0,Weekend
2023-04-15,Hyderabad,Clothing,46,27646,1,Weekend
2023-04-15,Hyderabad,Groceries,55,8250,0,Weekend
2023-04-15,Hyderabad,Furniture,7,29967,1,Weekend
2023-04-15,Hyderabad,Cosmetics,35,11725,1,Weekend
2023-04-16,Kolkata,Electronics,19,23408,0,Weekend
2023-04-16,Kolkata,Clothing,28,26236,0,Weekend
2023-04-16,Kolkata,Groceries,67,12998,0,Weekend
2023-04-16,Kolkata,Furniture,10,41870,0,Weekend
2023-04-16,Kolkata,Cosmetics,20,13820,0,Weekend
2023-04-16,Delhi,Electronics,25,43575,1,Weekend
2023-04-16,Delhi,Clothing,36,19404,0,Weekend
2023-04-16,Delhi,Groceries,52,7072,0,Weekend
2023-04-16,Delhi,Furniture,8,40112,0,Weekend
2023-04-16,Delhi,Cosmetics,21,8757,1,Weekend
2023-04-16,Mumbai,Electronics,22,48906,1,Weekend
2023-04-16,Mumbai,Clothing,49,17297,1,Weekend
2023-04-16,Mumbai,Groceries,50,5150,0,Weekend
2023-04-16,Mumbai,Furniture,14,39942,1,Weekend
2023-04-16,Mumbai,Cosmetics,26,9568,0,Weekend
2023-04-16,Bangalore,Electronics,24,35760,0,Weekend
2023-04-16,Bangalore,Clothing,34,35564,0,Weekend
2023-04-16,Bangalore,Groceries,57,8778,0,Weekend
2023-04-16,Bangalore,Furniture,14,70448,0,Weekend
2023-04-16,Bangalore,Cosmetics,24,11736,0,Weekend
2023-04-16,Hyderabad,Electronics,21,19047,0,Weekend
2023-04-16,Hyderabad,Clothing,32,16160,1,Weekend
2023-04-16,Hyderabad,Groceries,56,6888,1,Weekend
2023-04-16,Hyderabad,Furniture,11,23474,0,Weekend
2023-04-16,Hyderabad,Cosmetics,29,10672,1,Weekend
2023-04-17,Kolkata,Electronics,18,40554,0,Weekday
2023-04-17,Kolkata,Clothing,29,26361,0,Weekday
2023-04-17,Kolkata,Groceries,49,9555,0,Weekday
2023-04-17,Kolkata,Furniture,8,20584,0,Weekday
2023-04-17,Kolkata,Cosmetics,24,16416,0,Weekday
2023-04-17,Delhi,Electronics,19,35796,0,Weekday
2023-04-17,Delhi,Clothing,31,27094,0,Weekday
2023-04-17,Delhi,Groceries,51,7395,1,Weekday
2023-04-17,Delhi,Furniture,9,35892,0,Weekday
2023-04-17,Delhi,Cosmetics,22,13904,0,Weekday
2023-04-17,Mumbai,Electronics,20,30820,0,Weekday
2023-04-17,Mumbai,Clothing,26,20956,0,Weekday
2023-04-17,Mumbai,Groceries,99,17721,1,Weekday
2023-04-17,Mumbai,Furniture,8,42728,0,Weekday
2023-04-17,Mumbai,Cosmetics,36,9540,1,Weekday
2023-04-17,Bangalore,Electronics,20,37100,0,Weekday
2023-04-17,Bangalore,Clothing,25,9600,0,Weekday
2023-04-17,Bangalore,Groceries,65,4680,0,Weekday
2023-04-17,Bangalore,Furniture,10,20420,0,Weekday
2023-04-17,Bangalore,Cosmetics,25,18600,0,Weekday
2023-04-17,Hyderabad,Electronics,20,47920,0,Weekday
2023-04-17,Hyderabad,Clothing,27,26406,0,Weekday
2023-04-17,Hyderabad,Groceries,72,6264,0,Weekday
2023-04-17,Hyderabad,Furniture,9,52506,0,Weekday
2023-04-17,Hyderabad,Cosmetics,26,19006,0,Weekday
2023-04-18,Kolkata,Electronics,21,43134,0,Weekday
2023-04-18,Kolkata,Clothing,33,31482,0,Weekday
2023-04-18,Kolkata,Groceries,68,3400,0,Weekday
2023-04-18,Kolkata,Furniture,9,46125,0,Weekday
2023-04-18,Kolkata,Cosmetics,29,15080,0,Weekday
2023-04-18,Delhi,Electronics,21,32949,0,Weekday
2023-04-18,Delhi,Clothing,35,41090,0,Weekday
2023-04-18,Delhi,Groceries,65,11895,0,Weekday
2023-04-18,Delhi,Furniture,12,62844,1,Weekday
2023-04-18,Delhi,Cosmetics,18,4356,1,Weekday
2023-04-18,Mumbai,Electronics,19,42693,0,Weekday
2023-04-18,Mumbai,Clothing,37,25567,0,Weekday
2023-04-18,Mumbai,Groceries,64,5440,0,Weekday
2023-04-18,Mumbai,Furniture,9,38538,1,Weekday
2023-04-18,Mumbai,Cosmetics,24,4872,1,Weekday
2023-04-18,Bangalore,Electronics,18,44748,0,Weekday
2023-04-18,Bangalore,Clothing,32,37056,0,Weekday
2023-04-18,Bangalore,Groceries,50,7250,1,Weekday
2023-04-18,Bangalore,Furniture,9,20025,1,Weekday
2023-04-18,Bangalore,Cosmetics,37,26048,1,Weekday
2023-04-18,Hyderabad,Electronics,25,52100,0,Weekday
2023-04-18,Hyderabad,Clothing,27,11934,0,Weekday
2023-04-18,Hyderabad,Groceries,70,7490,0,Weekday
2023-04-18,Hyderabad,Furniture,11,52701,0,Weekday
2023-04-18,Hyderabad,Cosmetics,26,19422,0,Weekday
2023-04-19,Kolkata,Electronics,21,29988,0,Weekday
2023-04-19,Kolkata,Clothing,38,44004,0,Weekday
2023-04-19,Kolkata,Groceries,56,10304,1,Weekday
2023-04-19,Kolkata,Furniture,10,15890,0,Weekday
2023-04-19,Kolkata,Cosmetics,20,10820,0,Weekday
2023-04-19,Delhi,Electronics,23,49818,0,Weekday
2023-04-19,Delhi,Clothing,45,23220,1,Weekday
2023-04-19,Delhi,Groceries,73,10293,0,Weekday
2023-04-19,Delhi,Furniture,8,38584,0,Weekday
2023-04-19,Delhi,Cosmetics,28,11844,0,Weekday
2023-04-19,Mumbai,Electronics,17,19703,0,Weekday
2023-04-19,Mumbai,Clothing,31,15066,0,Weekday
2023-04-19,Mumbai,Groceries,55,3630,0,Weekday
2023-04-19,Mumbai,Furniture,12,56460,0,Weekday
2023-04-19,Mumbai,Cosmetics,24,9984,0,Weekday
2023-04-19,Bangalore,Electronics,20,23280,0,Weekday
2023-04-19,Bangalore,Clothing,38,41952,0,Weekday
2023-04-19,Bangalore,Groceries,75,6225,0,Weekday
2023-04-19,Bangalore,Furniture,10,20540,1,Weekday
2023-04-19,Bangalore,Cosmetics,27,8532,0,Weekday
2023-04-19,Hyderabad,Electronics,23,53475,0,Weekday
2023-04-19,Hyderabad,Clothing,50,43750,1,Weekday
2023-04-19,Hyderabad,Groceries,34,3366,0,Weekday
2023-04-19,Hyderabad,Furniture,11,65164,1,Weekday
2023-04-19,Hyderabad,Cosmetics,25,13975,1,Weekday
2023-04-20,Kolkata,Electronics,18,16326,0,Weekday
2023-04-20,Kolkata,Clothing,28,24444,0,Weekday
2023-04-20,Kolkata,Groceries,75,5325,0,Weekday
2023-04-20,Kolkata,Furniture,11,27390,1,Weekday
2023-04-20,Kolkata,Cosmetics,25,7750,1,Weekday
2023-04-20,Delhi,Electronics,18,40842,0,Weekday
2023-04-20,Delhi,Clothing,42,35784,0,Weekday
2023-04-20,Delhi,Groceries,58,6670,0,Weekday
2023-04-20,Delhi,Furniture,8,27584,0,Weekday
2023-04-20,Delhi,Cosmetics,24,5016,0,Weekday
2023-04-20,Mumbai,Electronics,22,46772,0,Weekday
2023-04-20,Mumbai,Clothing,33,32901,0,Weekday
2023-04-20,Mumbai,Groceries,65,4940,0,Weekday
2023-04-20,Mumbai,Furniture,8,12240,0,Weekday
2023-04-20,Mumbai,Cosmetics,28,5768,0,Weekday
2023-04-20,Bangalore,Electronics,22,33682,0,Weekday
2023-04-20,Bangalore,Clothing,38,40508,0,Weekday
2023-04-20,Bangalore,Groceries,56,3080,0,Weekday
2023-04-20,Bangalore,Furniture,12,70392,1,Weekday
2023-04-20,Bangalore,Cosmetics,20,3080,0,Weekday
2023-04-20,Hyderabad,Electronics,22,48114,0,Weekday
2023-04-20,Hyderabad,Clothing,31,15438,0,Weekday
2023-04-20,Hyderabad,Groceries,49,8183,0,Weekday
2023-04-20,Hyderabad,Furniture,11,20559,1,Weekday
2023-04-20,Hyderabad,Cosmetics,23,11270,0,Weekday
2023-04-21,Kolkata,Electronics,19,35112,0,Weekday
2023-04-21,Kolkata,Clothing,36,21384,0,Weekday
2023-04-21,Kolkata,Groceries,61,12017,1,Weekday
2023-04-21,Kolkata,Furniture,9,29781,0,Weekday
2023-04-21,Kolkata,Cosmetics,25,8550,0,Weekday
2023-04-21,Delhi,Electronics,23,31418,0,Weekday
2023-04-21,Delhi,Clothing,37,12691,0,Weekday
2023-04-21,Delhi,Groceries,59,9971,0,Weekday
2023-04-21,Delhi,Furniture,11,58454,0,Weekday
2023-04-21,Delhi,Cosmetics,30,20430,0,Weekday
2023-04-21,Mumbai,Electronics,17,35071,0,Weekday
2023-04-21,Mumbai,Clothing,34,14688,0,Weekday
2023-04-21,Mumbai,Groceries,77,3850,1,Weekday
2023-04-21,Mumbai,Furniture,11,28424,0,Weekday
2023-04-21,Mumbai,Cosmetics,22,16434,0,Weekday
2023-04-21,Bangalore,Electronics,21,28350,1,Weekday
2023-04-21,Bangalore,Clothing,54,49140,1,Weekday
2023-04-21,Bangalore,Groceries,64,10752,0,Weekday
2023-04-21,Bangalore,Furniture,13,59020,0,Weekday
2023-04-21,Bangalore,Cosmetics,29,7917,0,Weekday
2023-04-21,Hyderabad,Electronics,25,42650,0,Weekday
2023-04-21,Hyderabad,Clothing,38,23978,0,Weekday
2023-04-21,Hyderabad,Groceries,68,7208,0,Weekday
2023-04-21,Hyderabad,Furniture,10,25770,0,Weekday
2023-04-21,Hyderabad,Cosmetics,26,16900,0,Weekday
2023-04-22,Kolkata,Electronics,20,43200,0,Weekend
2023-04-22,Kolkata,Clothing,37,42402,0,Weekend
2023-04-22,Kolkata,Groceries,65,3835,1,Weekend
2023-04-22,Kolkata,Furniture,10,23260,0,Weekend
2023-04-22,Kolkata,Cosmetics,33,17589,1,Weekend
2023-04-22,Delhi,Electronics,26,26078,1,Weekend
2023-04-22,Delhi,Clothing,44,17732,1,Weekend
2023-04-22,Delhi,Groceries,58,9048,0,Weekend
2023-04-22,Delhi,Furniture,8,15448,0,Weekend
2023-04-22,Delhi,Cosmetics,23,5842,0,Weekend
2023-04-22,Mumbai,Electronics,22,47168,0,Weekend
2023-04-22,Mumbai,Clothing,35,10990,0,Weekend
2023-04-22,Mumbai,Groceries,96,6528,1,Weekend
2023-04-22,Mumbai,Furniture,9,18072,0,Weekend
2023-04-22,Mumbai,Cosmetics,21,8757,1,Weekend
2023-04-22,Bangalore,Electronics,18,34776,0,Weekend
2023-04-22,Bangalore,Clothing,35,20895,0,Weekend
2023-04-22,Bangalore,Groceries,57,3534,0,Weekend
2023-04-22,Bangalore,Furniture,13,65000,1,Weekend
2023-04-22,Bangalore,Cosmetics,30,5700,1,Weekend
2023-04-22,Hyderabad,Electronics,17,32300,0,Weekend
2023-04-22,Hyderabad,Clothing,38,26334,0,Weekend
2023-04-22,Hyderabad,Groceries,51,7905,0,Weekend
2023-04-22,Hyderabad,Furniture,8,21352,1,Weekend
2023-04-22,Hyderabad,Cosmetics,20,6240,0,Weekend
2023-04-23,Kolkata,Electronics,29,54259,1,Weekend
2023-04-23,Kolkata,Clothing,35,19425,0,Weekend
2023-04-23,Kolkata,Groceries,67,7303,0,Weekend
2023-04-23,Kolkata,Furniture,10,39920,0,Weekend
2023-04-23,Kolkata,Cosmetics,33,8613,1,Weekend
2023-04-23,Delhi,Electronics,14,17052,0,Weekend
2023-04-23,Delhi,Clothing,35,21105,0,Weekend
2023-04-23,Delhi,Groceries,50,5550,0,Weekend
2023-04-23,Delhi,Furniture,12,19632,1,Weekend
2023-04-23,Delhi,Cosmetics,22,15158,1,Weekend
2023-04-23,Mumbai,Electronics,20,45580,0,Weekend
2023-04-23,Mumbai,Clothing,34,20536,0,Weekend
2023-04-23,Mumbai,Groceries,72,8568,1,Weekend
2023-04-23,Mumbai,Furniture,10,54020,1,Weekend
2023-04-23,Mumbai,Cosmetics,22,7832,0,Weekend
2023-04-23,Bangalore,Electronics,23,53038,1,Weekend
2023-04-23,Bangalore,Clothing,42,50316,1,Weekend
2023-04-23,Bangalore,Groceries,84,10080,1,Weekend
2023-04-23,Bangalore,Furniture,11,56496,0,Weekend
2023-04-23,Bangalore,Cosmetics,29,20619,0,Weekend
2023-04-23,Hyderabad,Electronics,22,42900,1,Weekend
2023-04-23,Hyderabad,Clothing,42,31164,1,Weekend
2023-04-23,Hyderabad,Groceries,62,5208,0,Weekend
2023-04-23,Hyderabad,Furniture,12,31932,1,Weekend
2023-04-23,Hyderabad,Cosmetics,26,16432,1,Weekend
2023-04-24,Kolkata,Electronics,17,18547,0,Weekday
2023-04-24,Kolkata,Clothing,50,15650,1,Weekday
2023-04-24,Kolkata,Groceries,61,8845,0,Weekday
2023-04-24,Kolkata,Furniture,13,43225,1,Weekday
2023-04-24,Kolkata,Cosmetics,27,14499,0,Weekday
2023-04-24,Delhi,Electronics,25,46950,1,Weekday
2023-04-24,Delhi,Clothing,41,26158,0,Weekday
2023-04-24,Delhi,Groceries,40,5160,0,Weekday
2023-04-24,Delhi,Furniture,11,30767,1,Weekday
2023-04-24,Delhi,Cosmetics,26,10140,0,Weekday
2023-04-24,Mumbai,Electronics,16,13488,0,Weekday
2023-04-24,Mumbai,Clothing,42,34062,0,Weekday
2023-04-24,Mumbai,Groceries,81,4779,0,Weekday
2023-04-24,Mumbai,Furniture,12,35076,1,Weekday
2023-04-24,Mumbai,Cosmetics,29,15051,0,Weekday
2023-04-24,Bangalore,Electronics,24,57000,1,Weekday
2023-04-24,Bangalore,Clothing,46,53038,1,Weekday
2023-04-24,Bangalore,Groceries,72,11952,1,Weekday
2023-04-24,Bangalore,Furniture,13,42887,0,Weekday
2023-04-24,Bangalore,Cosmetics,25,7925,0,Weekday
2023-04-24,Hyderabad,Electronics,18,24696,0,Weekday
2023-04-24,Hyderabad,Clothing,37,34299,0,Weekday
2023-04-24,Hyderabad,Groceries,63,12159,0,Weekday
2023-04-24,Hyderabad,Furniture,10,15760,0,Weekday
2023-04-24,Hyderabad,Cosmetics,28,5292,0,Weekday
2023-04-25,Kolkata,Electronics,17,32113,0,Weekday
2023-04-25,Kolkata,Clothing,28,20216,0,Weekday
2023-04-25,Kolkata,Groceries,76,7600,1,Weekday
2023-04-25,Kolkata,Furniture,12,21792,1,Weekday
2023-04-25,Kolkata,Cosmetics,26,11154,0,Weekday
2023-04-25,Delhi,Electronics,21,35322,1,Weekday
2023-04-25,Delhi,Clothing,38,12502,0,Weekday
2023-04-25,Delhi,Groceries,75,14925,1,Weekday
2023-04-25,Delhi,Furniture,12,38976,0,Weekday
2023-04-25,Delhi,Cosmetics,29,12325,0,Weekday
2023-04-25,Mumbai,Electronics,27,51165,1,Weekday
2023-04-25,Mumbai,Clothing,37,42587,0,Weekday
2023-04-25,Mumbai,Groceries,63,9198,1,Weekday
2023-04-25,Mumbai,Furniture,11,63866,0,Weekday
2023-04-25,Mumbai,Cosmetics,27,12393,0,Weekday
2023-04-25,Bangalore,Electronics,21,21399,0,Weekday
2023-04-25,Bangalore,Clothing,38,41914,0,Weekday
2023-04-25,Bangalore,Groceries,52,8476,0,Weekday
2023-04-25,Bangalore,Furniture,13,52741,0,Weekday
2023-04-25,Bangalore,Cosmetics,27,9666,0,Weekday
2023-04-25,Hyderabad,Electronics,20,41640,0,Weekday
2023-04-25,Hyderabad,Clothing,32,28544,0,Weekday
2023-04-25,Hyderabad,Groceries,77,6853,1,Weekday
2023-04-25,Hyderabad,Furniture,11,36102,1,Weekday
2023-04-25,Hyderabad,Cosmetics,18,13680,0,Weekday
2023-04-26,Kolkata,Electronics,20,42360,0,Weekday
2023-04-26,Kolkata,Clothing,27,25407,0,Weekday
2023-04-26,Kolkata,Groceries,77,8778,0,Weekday
2023-04-26,Kolkata,Furniture,12,36684,1,Weekday
2023-04-26,Kolkata,Cosmetics,27,21357,1,Weekday
2023-04-26,Delhi,Electronics,21,27846,0,Weekday
2023-04-26,Delhi,Clothing,21,6909,0,Weekday
2023-04-26,Delhi,Groceries,48,5808,0,Weekday
2023-04-26,Delhi,Furniture,10,24640,0,Weekday
2023-04-26,Delhi,Cosmetics,24,15000,0,Weekday
2023-04-26,Mumbai,Electronics,23,44091,1,Weekday
2023-04-26,Mumbai,Clothing,49,30919,1,Weekday
2023-04-26,Mumbai,Groceries,53,3551,0,Weekday
2023-04-26,Mumbai,Furniture,10,39320,0,Weekday
2023-04-26,Mumbai,Cosmetics,23,14927,0,Weekday
2023-04-26,Bangalore,Electronics,17,31093,0,Weekday
2023-04-26,Bangalore,Clothing,38,34580,0,Weekday
2023-04-26,Bangalore,Groceries,53,8851,0,Weekday
2023-04-26,Bangalore,Furniture,14,57960,1,Weekday
2023-04-26,Bangalore,Cosmetics,21,12747,0,Weekday
2023-04-26,Hyderabad,Electronics,17,17357,0,Weekday
2023-04-26,Hyderabad,Clothing,33,25509,1,Weekday
2023-04-26,Hyderabad,Groceries,65,12675,0,Weekday
2023-04-26,Hyderabad,Furniture,12,69468,1,Weekday
2023-04-26,Hyderabad,Cosmetics,24,15096,1,Weekday
2023-04-27,Kolkata,Electronics,22,48598,0,Weekday
2023-04-27,Kolkata,Clothing,25,10725,0,Weekday
2023-04-27,Kolkata,Groceries,62,9114,0,Weekday
2023-04-27,Kolkata,Furniture,10,49190,0,Weekday
2023-04-27,Kolkata,Cosmetics,16,4736,0,Weekday
2023-04-27,Delhi,Electronics,21,25998,0,Weekday
2023-04-27,Delhi,Clothing,37,27306,0,Weekday
2023-04-27,Delhi,Groceries,65,7800,0,Weekday
2023-04-27,Delhi,Furniture,12,45924,1,Weekday
2023-04-27,Delhi,Cosmetics,27,6237,0,Weekday
2023-04-27,Mumbai,Electronics,21,47166,1,Weekday
2023-04-27,Mumbai,Clothing,44,29656,0,Weekday
2023-04-27,Mumbai,Groceries,60,3360,0,Weekday
2023-04-27,Mumbai,Furniture,13,70447,0,Weekday
2023-04-27,Mumbai,Cosmetics,23,15272,0,Weekday
2023-04-27,Bangalore,Electronics,21,50799,1,Weekday
2023-04-27,Bangalore,Clothing,41,13899,0,Weekday
2023-04-27,Bangalore,Groceries,65,3380,1,Weekday
2023-04-27,Bangalore,Furniture,14,34874,1,Weekday
2023-04-27,Bangalore,Cosmetics,29,4669,0,Weekday
2023-04-27,Hyderabad,Electronics,17,31076,0,Weekday
2023-04-27,Hyderabad,Clothing,34,29274,0,Weekday
2023-04-27,Hyderabad,Groceries,70,8610,0,Weekday
2023-04-27,Hyderabad,Furniture,10,42280,1,Weekday
2023-04-27,Hyderabad,Cosmetics,26,8034,0,Weekday
2023-04-28,Kolkata,Electronics,13,20709,0,Weekday
2023-04-28,Kolkata,Clothing,42,18186,0,Weekday
2023-04-28,Kolkata,Groceries,57,11286,1,Weekday
2023-04-28,Kolkata,Furniture,11,43813,0,Weekday
2023-04-28,Kolkata,Cosmetics,26,19786,0,Weekday
2023-04-28,Delhi,Electronics,23,32821,1,Weekday
2023-04-28,Delhi,Clothing,35,41860,0,Weekday
2023-04-28,Delhi,Groceries,73,12191,1,Weekday
2023-04-28,Delhi,Furniture,12,27408,1,Weekday
2023-04-28,Delhi,Cosmetics,26,6526,0,Weekday
2023-04-28,Mumbai,Electronics,21,36330,1,Weekday
2023-04-28,Mumbai,Clothing,33,10263,0,Weekday
2023-04-28,Mumbai,Groceries,75,8700,0,Weekday
2023-04-28,Mumbai,Furniture,10,56340,0,Weekday
2023-04-28,Mumbai,Cosmetics,23,3795,0,Weekday
2023-04-28,Bangalore,Electronics,10,9640,0,Weekday
2023-04-28,Bangalore,Clothing,33,33495,0,Weekday
2023-04-28,Bangalore,Groceries,40,7160,0,Weekday
2023-04-28,Bangalore,Furniture,12,19056,1,Weekday
2023-04-28,Bangalore,Cosmetics,26,10790,0,Weekday
2023-04-28,Hyderabad,Electronics,15,17385,0,Weekday
2023-04-28,Hyderabad,Clothing,42,18984,1,Weekday
2023-04-28,Hyderabad,Groceries,62,12276,1,Weekday
2023-04-28,Hyderabad,Furniture,9,19989,0,Weekday
2023-04-28,Hyderabad,Cosmetics,31,15035,1,Weekday
2023-04-29,Kolkata,Electronics,19,44175,0,Weekend
2023-04-29,Kolkata,Clothing,38,21470,0,Weekend
2023-04-29,Kolkata,Groceries,62,11408,0,Weekend
2023-04-29,Kolkata,Furniture,9,52119,1,Weekend
2023-04-29,Kolkata,Cosmetics,20,6280,0,Weekend
2023-04-29,Delhi,Electronics,20,46200,1,Weekend
2023-04-29,Delhi,Clothing,32,31104,0,Weekend
2023-04-29,Delhi,Groceries,93,15717,1,Weekend
2023-04-29,Delhi,Furniture,8,18720,0,Weekend
2023-04-29,Delhi,Cosmetics,21,6930,1,Weekend
2023-04-29,Mumbai,Electronics,22,38896,0,Weekend
2023-04-29,Mumbai,Clothing,42,13356,0,Weekend
2023-04-29,Mumbai,Groceries,81,8910,1,Weekend
2023-04-29,Mumbai,Furniture,9,39690,0,Weekend
2023-04-29,Mumbai,Cosmetics,29,21576,0,Weekend
2023-04-29,Bangalore,Electronics,17,16677,0,Weekend
2023-04-29,Bangalore,Clothing,37,13653,0,Weekend
2023-04-29,Bangalore,Groceries,57,6612,0,Weekend
2023-04-29,Bangalore,Furniture,13,67821,1,Weekend
2023-04-29,Bangalore,Cosmetics,22,9636,0,Weekend
2023-04-29,Hyderabad,Electronics,17,21964,1,Weekend
2023-04-29,Hyderabad,Clothing,34,22542,1,Weekend
2023-04-29,Hyderabad,Groceries,47,8131,0,Weekend
2023-04-29,Hyderabad,Furniture,7,32529,0,Weekend
2023-04-29,Hyderabad,Cosmetics,25,4125,0,Weekend
2023-04-30,Kolkata,Electronics,21,32655,1,Weekend
2023-04-30,Kolkata,Clothing,41,31201,1,Weekend
2023-04-30,Kolkata,Groceries,45,5940,0,Weekend
2023-04-30,Kolkata,Furniture,10,42280,0,Weekend
2023-04-30,Kolkata,Cosmetics,20,6240,1,Weekend
2023-04-30,Delhi,Electronics,18,44964,0,Weekend
2023-04-30,Delhi,Clothing,34,16898,0,Weekend
2023-04-30,Delhi,Groceries,71,6816,1,Weekend
2023-04-30,Delhi,Furniture,7,30177,0,Weekend
2023-04-30,Delhi,Cosmetics,28,11368,1,Weekend
2023-04-30,Mumbai,Electronics,18,28008,0,Weekend
2023-04-30,Mumbai,Clothing,32,22208,0,Weekend
2023-04-30,Mumbai,Groceries,48,4032,0,Weekend
2023-04-30,Mumbai,Furniture,9,41148,0,Weekend
2023-04-30,Mumbai,Cosmetics,26,10192,0,Weekend
2023-04-30,Bangalore,Electronics,21,46179,1,Weekend
2023-04-30,Bangalore,Clothing,45,20925,0,Weekend
2023-04-30,Bangalore,Groceries,44,6952,0,Weekend
2023-04-30,Bangalore,Furniture,14,74578,1,Weekend
2023-04-30,Bangalore,Cosmetics,21,3612,0,Weekend
2023-04-30,Hyderabad,Electronics,20,28020,1,Weekend
2023-04-30,Hyderabad,Clothing,29,20474,0,Weekend
2023-04-30,Hyderabad,Groceries,72,5256,0,Weekend
2023-04-30,Hyderabad,Furniture,11,32098,1,Weekend
2023-04-30,Hyderabad,Cosmetics,23,15456,1,Weekend
2023-05-01,Kolkata,Electronics,22,49764,0,Weekday
2023-05-01,Kolkata,Clothing,40,31480,0,Weekday
2023-05-01,Kolkata,Groceries,58,5220,0,Weekday
2023-05-01,Kolkata,Furniture,10,26160,0,Weekday
2023-05-01,Kolkata,Cosmetics,21,4872,0,Weekday
2023-05-01,Delhi,Electronics,16,39584,0,Weekday
2023-05-01,Delhi,Clothing,51,31365,1,Weekday
2023-05-01,Delhi,Groceries,67,10184,0,Weekday
2023-05-01,Delhi,Furniture,11,24871,0,Weekday
2023-05-01,Delhi,Cosmetics,25,9025,0,Weekday
2023-05-01,Mumbai,Electronics,24,38184,1,Weekday
2023-05-01,Mumbai,Clothing,33,24750,0,Weekday
2023-05-01,Mumbai,Groceries,54,3510,0,Weekday
2023-05-01,Mumbai,Furniture,10,45900,1,Weekday
2023-05-01,Mumbai,Cosmetics,21,15876,1,Weekday
2023-05-01,Bangalore,Electronics,24,59256,0,Weekday
2023-05-01,Bangalore,Clothing,47,21808,1,Weekday
2023-05-01,Bangalore,Groceries,53,8533,0,Weekday
2023-05-01,Bangalore,Furniture,8,26488,0,Weekday
2023-05-01,Bangalore,Cosmetics,25,18975,0,Weekday
2023-05-01,Hyderabad,Electronics,15,23445,0,Weekday
2023-05-01,Hyderabad,Clothing,35,22715,0,Weekday
2023-05-01,Hyderabad,Groceries,59,3304,0,Weekday
2023-05-01,Hyderabad,Furniture,10,56740,0,Weekday
2023-05-01,Hyderabad,Cosmetics,16,6096,0,Weekday
2023-05-02,Kolkata,Electronics,20,42340,0,Weekday
2023-05-02,Kolkata,Clothing,34,26214,0,Weekday
2023-05-02,Kolkata,Groceries,55,10450,0,Weekday
2023-05-02,Kolkata,Furniture,12,28500,0,Weekday
2023-05-02,Kolkata,Cosmetics,22,12166,0,Weekday
2023-05-02,Delhi,Electronics,27,45576,1,Weekday
2023-05-02,Delhi,Clothing,25,15700,0,Weekday
2023-05-02,Delhi,Groceries,58,4060,0,Weekday
2023-05-02,Delhi,Furniture,9,25884,0,Weekday
2023-05-02,Delhi,Cosmetics,30,8880,0,Weekday
2023-05-02,Mumbai,Electronics,21,33495,0,Weekday
2023-05-02,Mumbai,Clothing,39,40248,1,Weekday
2023-05-02,Mumbai,Groceries,57,5643,0,Weekday
2023-05-02,Mumbai,Furniture,8,24448,0,Weekday
2023-05-02,Mumbai,Cosmetics,23,7222,0,Weekday
2023-05-02,Bangalore,Electronics,19,22705,0,Weekday
2023-05-02,Bangalore,Clothing,34,23664,0,Weekday
2023-05-02,Bangalore,Groceries,61,6588,0,Weekday
2023-05-02,Bangalore,Furniture,8,34704,0,Weekday
2023-05-02,Bangalore,Cosmetics,17,10642,1,Weekday
2023-05-02,Hyderabad,Electronics,17,32504,0,Weekday
2023-05-02,Hyderabad,Clothing,41,35957,1,Weekday
2023-05-02,Hyderabad,Groceries,79,5135,0,Weekday
2023-05-02,Hyderabad,Furniture,11,53163,0,Weekday
2023-05-02,Hyderabad,Cosmetics,21,14826,0,Weekday
2023-05-03,Kolkata,Electronics,15,33705,1,Weekday
2023-05-03,Kolkata,Clothing,35,33530,1,Weekday
2023-05-03,Kolkata,Groceries,57,4275,0,Weekday
2023-05-03,Kolkata,Furniture,9,22860,0,Weekday
2023-05-03,Kolkata,Cosmetics,23,14858,0,Weekday
2023-05-03,Delhi,Electronics,18,44604,0,Weekday
2023-05-03,Delhi,Clothing,35,20755,0,Weekday
2023-05-03,Delhi,Groceries,73,13067,0,Weekday
2023-05-03,Delhi,Furniture,9,30321,0,Weekday
2023-05-03,Delhi,Cosmetics,33,23133,1,Weekday
2023-05-03,Mumbai,Electronics,23,46414,1,Weekday
2023-05-03,Mumbai,Clothing,31,14384,0,Weekday
2023-05-03,Mumbai,Groceries,51,3774,0,Weekday
2023-05-03,Mumbai,Furniture,9,17316,0,Weekday
2023-05-03,Mumbai,Cosmetics,30,19620,1,Weekday
2023-05-03,Bangalore,Electronics,23,46414,0,Weekday
2023-05-03,Bangalore,Clothing,31,13888,0,Weekday
2023-05-03,Bangalore,Groceries,64,10304,0,Weekday
2023-05-03,Bangalore,Furniture,10,30590,0,Weekday
2023-05-03,Bangalore,Cosmetics,30,8370,0,Weekday
2023-05-03,Hyderabad,Electronics,24,24696,1,Weekday
2023-05-03,Hyderabad,Clothing,37,24642,1,Weekday
2023-05-03,Hyderabad,Groceries,51,6324,0,Weekday
2023-05-03,Hyderabad,Furniture,9,52920,0,Weekday
2023-05-03,Hyderabad,Cosmetics,23,5152,0,Weekday
2023-05-04,Kolkata,Electronics,27,49842,1,Weekday
2023-05-04,Kolkata,Clothing,35,23835,0,Weekday
2023-05-04,Kolkata,Groceries,56,5544,0,Weekday
2023-05-04,Kolkata,Furniture,9,30384,1,Weekday
2023-05-04,Kolkata,Cosmetics,26,14092,0,Weekday
2023-05-04,Delhi,Electronics,20,47460,0,Weekday
2023-05-04,Delhi,Clothing,45,30465,1,Weekday
2023-05-04,Delhi,Groceries,57,4617,0,Weekday
2023-05-04,Delhi,Furniture,12,33180,0,Weekday
2023-05-04,Delhi,Cosmetics,22,11924,1,Weekday
2023-05-04,Mumbai,Electronics,18,38304,0,Weekday
2023-05-04,Mumbai,Clothing,42,14364,0,Weekday
2023-05-04,Mumbai,Groceries,60,4620,0,Weekday
2023-05-04,Mumbai,Furniture,9,50175,0,Weekday
2023-05-04,Mumbai,Cosmetics,17,4947,0,Weekday
2023-05-04,Bangalore,Electronics,22,37994,0,Weekday
2023-05-04,Bangalore,Clothing,34,23834,0,Weekday
2023-05-04,Bangalore,Groceries,76,13908,0,Weekday
2023-05-04,Bangalore,Furniture,10,53850,0,Weekday
2023-05-04,Bangalore,Cosmetics,21,10920,1,Weekday
2023-05-04,Hyderabad,Electronics,21,17640,0,Weekday
2023-05-04,Hyderabad,Clothing,39,19812,0,Weekday
2023-05-04,Hyderabad,Groceries,57,8037,0,Weekday
2023-05-04,Hyderabad,Furniture,11,56485,0,Weekday
2023-05-04,Hyderabad,Cosmetics,34,8194,1,Weekday
2023-05-05,Kolkata,Electronics,20,30360,0,Weekday
2023-05-05,Kolkata,Clothing,34,24922,0,Weekday
2023-05-05,Kolkata,Groceries,51,6018,0,Weekday
2023-05-05,Kolkata,Furniture,10,49670,0,Weekday
2023-05-05,Kolkata,Cosmetics,30,9750,1,Weekday
2023-05-05,Delhi,Electronics,16,39056,0,Weekday
2023-05-05,Delhi,Clothing,34,36040,0,Weekday
2023-05-05,Delhi,Groceries,54,4266,0,Weekday
2023-05-05,Delhi,Furniture,13,60840,1,Weekday
2023-05-05,Delhi,Cosmetics,21,4095,0,Weekday
2023-05-05,Mumbai,Electronics,23,31556,0,Weekday
2023-05-05,Mumbai,Clothing,37,20165,1,Weekday
2023-05-05,Mumbai,Groceries,74,14060,1,Weekday
2023-05-05,Mumbai,Furniture,11,49401,0,Weekday
2023-05-05,Mumbai,Cosmetics,33,24651,1,Weekday
2023-05-05,Bangalore,Electronics,19,27474,0,Weekday
2023-05-05,Bangalore,Clothing,36,28296,0,Weekday
2023-05-05,Bangalore,Groceries,54,3834,0,Weekday
2023-05-05,Bangalore,Furniture,9,28305,0,Weekday
2023-05-05,Bangalore,Cosmetics,28,14280,0,Weekday
2023-05-05,Hyderabad,Electronics,19,30476,0,Weekday
2023-05-05,Hyderabad,Clothing,32,31744,0,Weekday
2023-05-05,Hyderabad,Groceries,69,10281,1,Weekday
2023-05-05,Hyderabad,Furniture,7,35959,0,Weekday
2023-05-05,Hyderabad,Cosmetics,35,8120,1,Weekday
2023-05-06,Kolkata,Electronics,22,26686,1,Weekend
2023-05-06,Kolkata,Clothing,25,12650,0,Weekend
2023-05-06,Kolkata,Groceries,64,8768,0,Weekend
2023-05-06,Kolkata,Furniture,10,47160,0,Weekend
2023-05-06,Kolkata,Cosmetics,26,19968,0,Weekend
2023-05-06,Delhi,Electronics,17,32215,0,Weekend
2023-05-06,Delhi,Clothing,38,14972,0,Weekend
2023-05-06,Delhi,Groceries,68,7140,1,Weekend
2023-05-06,Delhi,Furniture,11,40623,1,Weekend
2023-05-06,Delhi,Cosmetics,34,6970,1,Weekend
2023-05-06,Mumbai,Electronics,23,21413,1,Weekend
2023-05-06,Mumbai,Clothing,40,36440,1,Weekend
2023-05-06,Mumbai,Groceries,60,9900,1,Weekend
2023-05-06,Mumbai,Furniture,14,51688,1,Weekend
2023-05-06,Mumbai,Cosmetics,28,22092,0,Weekend
2023-05-06,Bangalore,Electronics,21,25158,0,Weekend
2023-05-06,Bangalore,Clothing,34,35496,0,Weekend
2023-05-06,Bangalore,Groceries,67,5762,1,Weekend
2023-05-06,Bangalore,Furniture,9,42399,1,Weekend
2023-05-06,Bangalore,Cosmetics,24,16272,1,Weekend
2023-05-06,Hyderabad,Electronics,23,23713,0,Weekend
2023-05-06,Hyderabad,Clothing,50,44100,1,Weekend
2023-05-06,Hyderabad,Groceries,56,3976,1,Weekend
2023-05-06,Hyderabad,Furniture,7,27055,0,Weekend
2023-05-06,Hyderabad,Cosmetics,30,12930,1,Weekend
2023-05-07,Kolkata,Electronics,21,17661,0,Weekend
2023-05-07,Kolkata,Clothing,38,13566,0,Weekend
2023-05-07,Kolkata,Groceries,61,9760,0,Weekend
2023-05-07,Kolkata,Furniture,9,25407,0,Weekend
2023-05-07,Kolkata,Cosmetics,30,11850,1,Weekend
2023-05-07,Delhi,Electronics,20,22180,0,Weekend
2023-05-07,Delhi,Clothing,40,27240,1,Weekend
2023-05-07,Delhi,Groceries,58,8178,0,Weekend
2023-05-07,Delhi,Furniture,9,14022,0,Weekend
2023-05-07,Delhi,Cosmetics,25,12100,0,Weekend
2023-05-07,Mumbai,Electronics,15,31230,0,Weekend
2023-05-07,Mumbai,Clothing,57,31578,1,Weekend
2023-05-07,Mumbai,Groceries,49,2499,0,Weekend
2023-05-07,Mumbai,Furniture,13,46280,1,Weekend
2023-05-07,Mumbai,Cosmetics,24,16416,0,Weekend
2023-05-07,Bangalore,Electronics,22,26004,1,Weekend
2023-05-07,Bangalore,Clothing,35,39865,0,Weekend
2023-05-07,Bangalore,Groceries,58,7540,0,Weekend
2023-05-07,Bangalore,Furniture,9,49059,0,Weekend
2023-05-07,Bangalore,Cosmetics,39,16575,1,Weekend
2023-05-07,Hyderabad,Electronics,22,49588,0,Weekend
2023-05-07,Hyderabad,Clothing,32,35552,1,Weekend
2023-05-07,Hyderabad,Groceries,75,5250,0,Weekend
2023-05-07,Hyderabad,Furniture,15,52695,0,Weekend
2023-05-07,Hyderabad,Cosmetics,29,16240,1,Weekend
2023-05-08,Kolkata,Electronics,18,22266,0,Weekday
2023-05-08,Kolkata,Clothing,41,45223,1,Weekday
2023-05-08,Kolkata,Groceries,79,11060,0,Weekday
2023-05-08,Kolkata,Furniture,12,49440,0,Weekday
2023-05-08,Kolkata,Cosmetics,25,13350,0,Weekday
2023-05-08,Delhi,Electronics,18,37026,0,Weekday
2023-05-08,Delhi,Clothing,36,22968,0,Weekday
2023-05-08,Delhi,Groceries,56,6944,0,Weekday
2023-05-08,Delhi,Furniture,12,57624,0,Weekday
2023-05-08,Delhi,Cosmetics,27,6453,0,Weekday
2023-05-08,Mumbai,Electronics,13,10790,0,Weekday
2023-05-08,Mumbai,Clothing,38,29108,0,Weekday
2023-05-08,Mumbai,Groceries,70,11270,1,Weekday
2023-05-08,Mumbai,Furniture,10,57780,0,Weekday
2023-05-08,Mumbai,Cosmetics,26,12142,0,Weekday
2023-05-08,Bangalore,Electronics,20,43320,0,Weekday
2023-05-08,Bangalore,Clothing,44,22088,0,Weekday
2023-05-08,Bangalore,Groceries,50,5300,0,Weekday
2023-05-08,Bangalore,Furniture,10,58610,0,Weekday
2023-05-08,Bangalore,Cosmetics,20,8060,0,Weekday
2023-05-08,Hyderabad,Electronics,19,17214,0,Weekday
2023-05-08,Hyderabad,Clothing,39,15639,0,Weekday
2023-05-08,Hyderabad,Groceries,68,13532,0,Weekday
2023-05-08,Hyderabad,Furniture,8,46328,0,Weekday
2023-05-08,Hyderabad,Cosmetics,25,14300,0,Weekday
2023-05-09,Kolkata,Electronics,25,44925,0,Weekday
2023-05-09,Kolkata,Clothing,37,32079,0,Weekday
2023-05-09,Kolkata,Groceries,52,7644,0,Weekday
2023-05-09,Kolkata,Furniture,9,25335,0,Weekday
2023-05-09,Kolkata,Cosmetics,35,26880,0,Weekday
2023-05-09,Delhi,Electronics,16,34048,1,Weekday
2023-05-09,Delhi,Clothing,41,31816,1,Weekday
2023-05-09,Delhi,Groceries,79,4661,0,Weekday
2023-05-09,Delhi,Furniture,9,31257,0,Weekday
2023-05-09,Delhi,Cosmetics,27,7992,1,Weekday
2023-05-09,Mumbai,Electronics,16,28736,0,Weekday
2023-05-09,Mumbai,Clothing,23,15962,0,Weekday
2023-05-09,Mumbai,Groceries,68,11424,0,Weekday
2023-05-09,Mumbai,Furniture,12,30840,1,Weekday
2023-05-09,Mumbai,Cosmetics,28,17108,1,Weekday
2023-05-09,Bangalore,Electronics,18,28350,1,Weekday
2023-05-09,Bangalore,Clothing,40,17800,0,Weekday
2023-05-09,Bangalore,Groceries,55,10010,0,Weekday
2023-05-09,Bangalore,Furniture,12,64416,1,Weekday
2023-05-09,Bangalore,Cosmetics,24,11568,0,Weekday
2023-05-09,Hyderabad,Electronics,22,35134,0,Weekday
2023-05-09,Hyderabad,Clothing,28,14588,0,Weekday
2023-05-09,Hyderabad,Groceries,74,5624,1,Weekday
2023-05-09,Hyderabad,Furniture,8,14720,0,Weekday
2023-05-09,Hyderabad,Cosmetics,30,8070,1,Weekday
2023-05-10,Kolkata,Electronics,22,49280,0,Weekday
2023-05-10,Kolkata,Clothing,41,12587,0,Weekday
2023-05-10,Kolkata,Groceries,51,6885,0,Weekday
2023-05-10,Kolkata,Furniture,8,27920,0,Weekday
2023-05-10,Kolkata,Cosmetics,33,25443,1,Weekday
2023-05-10,Delhi,Electronics,20,37000,1,Weekday
2023-05-10,Delhi,Clothing,41,14268,0,Weekday
2023-05-10,Delhi,Groceries,40,3120,0,Weekday
2023-05-10,Delhi,Furniture,10,28650,0,Weekday
2023-05-10,Delhi,Cosmetics,28,5656,1,Weekday
2023-05-10,Mumbai,Electronics,24,42840,1,Weekday
2023-05-10,Mumbai,Clothing,31,25451,0,Weekday
2023-05-10,Mumbai,Groceries,42,7056,0,Weekday
2023-05-10,Mumbai,Furniture,9,42930,0,Weekday
2023-05-10,Mumbai,Cosmetics,22,6226,0,Weekday
2023-05-10,Bangalore,Electronics,13,29172,0,Weekday
2023-05-10,Bangalore,Clothing,28,9800,0,Weekday
2023-05-10,Bangalore,Groceries,77,13090,1,Weekday
2023-05-10,Bangalore,Furniture,12,21816,0,Weekday
2023-05-10,Bangalore,Cosmetics,31,18321,0,Weekday
2023-05-10,Hyderabad,Electronics,15,12360,1,Weekday
2023-05-10,Hyderabad,Clothing,32,13056,0,Weekday
2023-05-10,Hyderabad,Groceries,56,3192,0,Weekday
2023-05-10,Hyderabad,Furniture,11,53031,1,Weekday
2023-05-10,Hyderabad,Cosmetics,28,12908,0,Weekday
2023-05-11,Kolkata,Electronics,17,25381,0,Weekday
2023-05-11,Kolkata,Clothing,33,32736,0,Weekday
2023-05-11,Kolkata,Groceries,65,12480,1,Weekday
2023-05-11,Kolkata,Furniture,9,40464,0,Weekday
2023-05-11,Kolkata,Cosmetics,26,9828,1,Weekday
2023-05-11,Delhi,Electronics,20,29820,0,Weekday
2023-05-11,Delhi,Clothing,27,26055,0,Weekday
2023-05-11,Delhi,Groceries,76,8360,0,Weekday
2023-05-11,Delhi,Furniture,9,45981,0,Weekday
2023-05-11,Delhi,Cosmetics,27,6669,0,Weekday
2023-05-11,Mumbai,Electronics,20,22480,0,Weekday
2023-05-11,Mumbai,Clothing,30,14190,0,Weekday
2023-05-11,Mumbai,Groceries,49,8134,0,Weekday
2023-05-11,Mumbai,Furniture,9,25155,0,Weekday
2023-05-11,Mumbai,Cosmetics,28,19404,0,Weekday
2023-05-11,Bangalore,Electronics,25,48325,1,Weekday
2023-05-11,Bangalore,Clothing,26,19760,0,Weekday
2023-05-11,Bangalore,Groceries,60,10740,0,Weekday
2023-05-11,Bangalore,Furniture,7,40565,0,Weekday
2023-05-11,Bangalore,Cosmetics,27,13500,0,Weekday
2023-05-11,Hyderabad,Electronics,15,36375,0,Weekday
2023-05-11,Hyderabad,Clothing,38,12388,1,Weekday
2023-05-11,Hyderabad,Groceries,56,4088,0,Weekday
2023-05-11,Hyderabad,Furniture,11,37477,0,Weekday
2023-05-11,Hyderabad,Cosmetics,32,13696,0,Weekday
2023-05-12,Kolkata,Electronics,19,39254,0,Weekday
2023-05-12,Kolkata,Clothing,42,45066,0,Weekday
2023-05-12,Kolkata,Groceries,45,3735,0,Weekday
2023-05-12,Kolkata,Furniture,11,36091,0,Weekday
2023-05-12,Kolkata,Cosmetics,31,4650,0,Weekday
2023-05-12,Delhi,Electronics,10,13060,0,Weekday
2023-05-12,Delhi,Clothing,36,28656,0,Weekday
2023-05-12,Delhi,Groceries,69,7728,1,Weekday
2023-05-12,Delhi,Furniture,9,48285,0,Weekday
2023-05-12,Delhi,Cosmetics,24,6984,0,Weekday
2023-05-12,Mumbai,Electronics,21,33369,0,Weekday
2023-05-12,Mumbai,Clothing,27,8694,0,Weekday
2023-05-12,Mumbai,Groceries,39,3978,0,Weekday
2023-05-12,Mumbai,Furniture,12,29616,0,Weekday
2023-05-12,Mumbai,Cosmetics,24,7968,0,Weekday
2023-05-12,Bangalore,Electronics,17,35819,0,Weekday
2023-05-12,Bangalore,Clothing,39,22620,1,Weekday
2023-05-12,Bangalore,Groceries,54,9180,0,Weekday
2023-05-12,Bangalore,Furniture,9,46512,0,Weekday
2023-05-12,Bangalore,Cosmetics,27,12393,1,Weekday
2023-05-12,Hyderabad,Electronics,21,17325,0,Weekday
2023-05-12,Hyderabad,Clothing,41,19803,0,Weekday
2023-05-12,Hyderabad,Groceries,57,4617,0,Weekday
2023-05-12,Hyderabad,Furniture,13,32734,0,Weekday
2023-05-12,Hyderabad,Cosmetics,30,18450,0,Weekday
2023-05-13,Kolkata,Electronics,25,56050,1,Weekend
2023-05-13,Kolkata,Clothing,38,22230,0,Weekend
2023-05-13,Kolkata,Groceries,69,8142,1,Weekend
2023-05-13,Kolkata,Furniture,9,21870,0,Weekend
2023-05-13,Kolkata,Cosmetics,33,22737,1,Weekend
2023-05-13,Delhi,Electronics,21,17892,1,Weekend
2023-05-13,Delhi,Clothing,26,17446,0,Weekend
2023-05-13,Delhi,Groceries,61,10309,0,Weekend
2023-05-13,Delhi,Furniture,10,34890,0,Weekend
2023-05-13,Delhi,Cosmetics,19,9272,0,Weekend
2023-05-13,Mumbai,Electronics,22,53812,0,Weekend
2023-05-13,Mumbai,Clothing,29,9483,1,Weekend
2023-05-13,Mumbai,Groceries,62,6014,1,Weekend
2023-05-13,Mumbai,Furniture,10,20220,0,Weekend
2023-05-13,Mumbai,Cosmetics,27,18333,0,Weekend
2023-05-13,Bangalore,Electronics,19,42959,0,Weekend
2023-05-13,Bangalore,Clothing,41,44485,1,Weekend
2023-05-13,Bangalore,Groceries,65,7215,1,Weekend
2023-05-13,Bangalore,Furniture,9,34677,1,Weekend
2023-05-13,Bangalore,Cosmetics,25,5875,0,Weekend
2023-05-13,Hyderabad,Electronics,20,47720,0,Weekend
2023-05-13,Hyderabad,Clothing,31,27900,0,Weekend
2023-05-13,Hyderabad,Groceries,85,10965,1,Weekend
2023-05-13,Hyderabad,Furniture,7,16177,0,Weekend
2023-05-13,Hyderabad,Cosmetics,28,16268,1,Weekend
2023-05-14,Kolkata,Electronics,17,34323,0,Weekend
2023-05-14,Kolkata,Clothing,43,33540,0,Weekend
2023-05-14,Kolkata,Groceries,35,5915,0,Weekend
2023-05-14,Kolkata,Furniture,8,46696,1,Weekend
2023-05-14,Kolkata,Cosmetics,26,11700,0,Weekend
2023-05-14,Delhi,Electronics,17,24072,0,Weekend
2023-05-14,Delhi,Clothing,37,31339,1,Weekend
2023-05-14,Delhi,Groceries,84,16632,1,Weekend
2023-05-14,Delhi,Furniture,10,49590,0,Weekend
2023-05-14,Delhi,Cosmetics,24,6840,0,Weekend
2023-05-14,Mumbai,Electronics,26,57642,0,Weekend
2023-05-14,Mumbai,Clothing,36,34020,0,Weekend
2023-05-14,Mumbai,Groceries,64,7360,0,Weekend
2023-05-14,Mumbai,Furniture,11,31999,0,Weekend
2023-05-14,Mumbai,Cosmetics,20,4220,0,Weekend
2023-05-14,Bangalore,Electronics,21,31605,0,Weekend
2023-05-14,Bangalore,Clothing,31,14508,0,Weekend
2023-05-14,Bangalore,Groceries,74,10952,1,Weekend
2023-05-14,Bangalore,Furniture,13,31798,1,Weekend
2023-05-14,Bangalore,Cosmetics,21,5775,1,Weekend
2023-05-14,Hyderabad,Electronics,20,44100,1,Weekend
2023-05-14,Hyderabad,Clothing,44,34892,1,Weekend
2023-05-14,Hyderabad,Groceries,57,8379,1,Weekend
2023-05-14,Hyderabad,Furniture,8,42472,0,Weekend
2023-05-14,Hyderabad,Cosmetics,41,29766,0,Weekend
2023-05-15,Kolkata,Electronics,25,45275,1,Weekday
2023-05-15,Kolkata,Clothing,47,27260,1,Weekday
2023-05-15,Kolkata,Groceries,65,4160,0,Weekday
2023-05-15,Kolkata,Furniture,14,23352,1,Weekday
2023-05-15,Kolkata,Cosmetics,37,23088,1,Weekday
2023-05-15,Delhi,Electronics,23,55361,0,Weekday
2023-05-15,Delhi,Clothing,37,27269,1,Weekday
2023-05-15,Delhi,Groceries,58,7018,0,Weekday
2023-05-15,Delhi,Furniture,11,64537,0,Weekday
2023-05-15,Delhi,Cosmetics,29,11629,0,Weekday
2023-05-15,Mumbai,Electronics,15,15495,0,Weekday
2023-05-15,Mumbai,Clothing,38,12616,0,Weekday
2023-05-15,Mumbai,Groceries,46,3588,0,Weekday
2023-05-15,Mumbai,Furniture,9,35865,0,Weekday
2023-05-15,Mumbai,Cosmetics,27,17631,0,Weekday
2023-05-15,Bangalore,Electronics,20,23120,0,Weekday
2023-05-15,Bangalore,Clothing,34,14348,1,Weekday
2023-05-15,Bangalore,Groceries,60,10800,0,Weekday
2023-05-15,Bangalore,Furniture,8,25776,0,Weekday
2023-05-15,Bangalore,Cosmetics,27,12501,0,Weekday
2023-05-15,Hyderabad,Electronics,19,35093,0,Weekday
2023-05-15,Hyderabad,Clothing,39,24531,0,Weekday
2023-05-15,Hyderabad,Groceries,50,3550,0,Weekday
2023-05-15,Hyderabad,Furniture,8,15128,0,Weekday
2023-05-15,Hyderabad,Cosmetics,27,5022,0,Weekday
2023-05-16,Kolkata,Electronics,16,23840,0,Weekday
2023-05-16,Kolkata,Clothing,36,24660,0,Weekday
2023-05-16,Kolkata,Groceries,66,11682,0,Weekday
2023-05-16,Kolkata,Furniture,10,25070,1,Weekday
2023-05-16,Kolkata,Cosmetics,28,22120,0,Weekday
2023-05-16,Delhi,Electronics,18,18792,0,Weekday
2023-05-16,Delhi,Clothing,26,29926,0,Weekday
2023-05-16,Delhi,Groceries,63,9072,0,Weekday
2023-05-16,Delhi,Furniture,12,21924,0,Weekday
2023-05-16,Delhi,Cosmetics,26,7670,0,Weekday
2023-05-16,Mumbai,Electronics,19,44194,0,Weekday
2023-05-16,Mumbai,Clothing,36,25704,0,Weekday
2023-05-16,Mumbai,Groceries,64,6848,0,Weekday
2023-05-16,Mumbai,Furniture,9,19584,0,Weekday
2023-05-16,Mumbai,Cosmetics,27,19008,1,Weekday
2023-05-16,Bangalore,Electronics,23,37053,0,Weekday
2023-05-16,Bangalore,Clothing,32,35136,0,Weekday
2023-05-16,Bangalore,Groceries,50,2750,1,Weekday
2023-05-16,Bangalore,Furniture,10,28800,0,Weekday
2023-05-16,Bangalore,Cosmetics,20,11060,0,Weekday
2023-05-16,Hyderabad,Electronics,18,27756,0,Weekday
2023-05-16,Hyderabad,Clothing,33,16005,0,Weekday
2023-05-16,Hyderabad,Groceries,51,6069,0,Weekday
2023-05-16,Hyderabad,Furniture,8,44072,1,Weekday
2023-05-16,Hyderabad,Cosmetics,27,10368,0,Weekday
2023-05-17,Kolkata,Electronics,22,23518,0,Weekday
2023-05-17,Kolkata,Clothing,32,27616,0,Weekday
2023-05-17,Kolkata,Groceries,62,4030,1,Weekday
2023-05-17,Kolkata,Furniture,10,58970,0,Weekday
2023-05-17,Kolkata,Cosmetics,27,6831,1,Weekday
2023-05-17,Delhi,Electronics,22,47674,0,Weekday
2023-05-17,Delhi,Clothing,34,25670,0,Weekday
2023-05-17,Delhi,Groceries,67,3551,0,Weekday
2023-05-17,Delhi,Furniture,8,40672,0,Weekday
2023-05-17,Delhi,Cosmetics,21,5187,0,Weekday
2023-05-17,Mumbai,Electronics,27,34506,1,Weekday
2023-05-17,Mumbai,Clothing,40,21320,0,Weekday
2023-05-17,Mumbai,Groceries,71,9869,0,Weekday
2023-05-17,Mumbai,Furniture,11,37169,0,Weekday
2023-05-17,Mumbai,Cosmetics,26,12454,0,Weekday
2023-05-17,Bangalore,Electronics,23,21850,0,Weekday
2023-05-17,Bangalore,Clothing,33,20295,0,Weekday
2023-05-17,Bangalore,Groceries,57,2907,0,Weekday
2023-05-17,Bangalore,Furniture,9,39492,0,Weekday
2023-05-17,Bangalore,Cosmetics,24,10872,0,Weekday
2023-05-17,Hyderabad,Electronics,16,34128,0,Weekday
2023-05-17,Hyderabad,Clothing,43,40291,1,Weekday
2023-05-17,Hyderabad,Groceries,49,5488,0,Weekday
2023-05-17,Hyderabad,Furniture,10,15350,0,Weekday
2023-05-17,Hyderabad,Cosmetics,23,4278,0,Weekday
2023-05-18,Kolkata,Electronics,15,21435,0,Weekday
2023-05-18,Kolkata,Clothing,45,35505,1,Weekday
2023-05-18,Kolkata,Groceries,70,4270,0,Weekday
2023-05-18,Kolkata,Furniture,10,17520,0,Weekday
2023-05-18,Kolkata,Cosmetics,22,10384,0,Weekday
2023-05-18,Delhi,Electronics,20,44860,0,Weekday
2023-05-18,Delhi,Clothing,38,20368,0,Weekday
2023-05-18,Delhi,Groceries,57,4218,0,Weekday
2023-05-18,Delhi,Furniture,7,35427,0,Weekday
2023-05-18,Delhi,Cosmetics,23,11914,0,Weekday
2023-05-18,Mumbai,Electronics,16,28560,0,Weekday
2023-05-18,Mumbai,Clothing,36,37440,0,Weekday
2023-05-18,Mumbai,Groceries,66,9570,1,Weekday
2023-05-18,Mumbai,Furniture,11,48444,0,Weekday
2023-05-18,Mumbai,Cosmetics,26,14898,0,Weekday
2023-05-18,Bangalore,Electronics,19,28842,0,Weekday
2023-05-18,Bangalore,Clothing,38,26448,0,Weekday
2023-05-18,Bangalore,Groceries,66,13134,1,Weekday
2023-05-18,Bangalore,Furniture,10,39460,1,Weekday
2023-05-18,Bangalore,Cosmetics,15,2760,0,Weekday
2023-05-18,Hyderabad,Electronics,25,41125,1,Weekday
2023-05-18,Hyderabad,Clothing,35,15750,0,Weekday
2023-05-18,Hyderabad,Groceries,47,7567,0,Weekday
2023-05-18,Hyderabad,Furniture,9,22176,0,Weekday
2023-05-18,Hyderabad,Cosmetics,25,10425,0,Weekday
2023-05-19,Kolkata,Electronics,20,18320,0,Weekday
2023-05-19,Kolkata,Clothing,25,25775,0,Weekday
2023-05-19,Kolkata,Groceries,69,8004,1,Weekday
2023-05-19,Kolkata,Furniture,9,23265,0,Weekday
2023-05-19,Kolkata,Cosmetics,27,9342,1,Weekday
2023-05-19,Delhi,Electronics,28,63812,1,Weekday
2023-05-19,Delhi,Clothing,47,39527,1,Weekday
2023-05-19,Delhi,Groceries,58,4524,0,Weekday
2023-05-19,Delhi,Furniture,10,23530,0,Weekday
2023-05-19,Delhi,Cosmetics,27,21249,0,Weekday
2023-05-19,Mumbai,Electronics,22,18700,0,Weekday
2023-05-19,Mumbai,Clothing,41,23165,0,Weekday
2023-05-19,Mumbai,Groceries,50,4000,1,Weekday
2023-05-19,Mumbai,Furniture,10,31250,0,Weekday
2023-05-19,Mumbai,Cosmetics,21,14133,0,Weekday
2023-05-19,Bangalore,Electronics,19,44308,0,Weekday
2023-05-19,Bangalore,Clothing,40,22480,1,Weekday
2023-05-19,Bangalore,Groceries,55,6105,1,Weekday
2023-05-19,Bangalore,Furniture,12,63216,0,Weekday
2023-05-19,Bangalore,Cosmetics,25,4275,0,Weekday
2023-05-19,Hyderabad,Electronics,21,46683,0,Weekday
2023-05-19,Hyderabad,Clothing,47,27777,0,Weekday
2023-05-19,Hyderabad,Groceries,68,10812,1,Weekday
2023-05-19,Hyderabad,Furniture,11,43153,1,Weekday
2023-05-19,Hyderabad,Cosmetics,23,17894,0,Weekday
2023-05-20,Kolkata,Electronics,18,41454,0,Weekend
2023-05-20,Kolkata,Clothing,37,12173,1,Weekend
2023-05-20,Kolkata,Groceries,48,6432,0,Weekend
2023-05-20,Kolkata,Furniture,10,25110,1,Weekend
2023-05-20,Kolkata,Cosmetics,27,4914,0,Weekend
2023-05-20,Delhi,Electronics,27,64233,1,Weekend
2023-05-20,Delhi,Clothing,31,11718,0,Weekend
2023-05-20,Delhi,Groceries,66,9702,0,Weekend
2023-05-20,Delhi,Furniture,12,38448,0,Weekend
2023-05-20,Delhi,Cosmetics,28,19096,1,Weekend
2023-05-20,Mumbai,Electronics,24,25128,0,Weekend
2023-05-20,Mumbai,Clothing,35,13650,0,Weekend
2023-05-20,Mumbai,Groceries,66,9504,1,Weekend
2023-05-20,Mumbai,Furniture,12,43080,1,Weekend
2023-05-20,Mumbai,Cosmetics,33,13629,1,Weekend
2023-05-20,Bangalore,Electronics,21,45780,0,Weekend
2023-05-20,Bangalore,Clothing,39,24921,1,Weekend
2023-05-20,Bangalore,Groceries,70,8050,0,Weekend
2023-05-20,Bangalore,Furniture,12,35652,0,Weekend
2023-05-20,Bangalore,Cosmetics,15,4320,0,Weekend
2023-05-20,Hyderabad,Electronics,24,38592,1,Weekend
2023-05-20,Hyderabad,Clothing,34,13668,0,Weekend
2023-05-20,Hyderabad,Groceries,63,12033,0,Weekend
2023-05-20,Hyderabad,Furniture,15,85905,1,Weekend
2023-05-20,Hyderabad,Cosmetics,27,12015,1,Weekend
2023-05-21,Kolkata,Electronics,19,36556,1,Weekend
2023-05-21,Kolkata,Clothing,30,25950,0,Weekend
2023-05-21,Kolkata,Groceries,92,12512,1,Weekend
2023-05-21,Kolkata,Furniture,13,73957,0,Weekend
2023-05-21,Kolkata,Cosmetics,25,16850,0,Weekend
2023-05-21,Delhi,Electronics,15,29670,0,Weekend
2023-05-21,Delhi,Clothing,23,19527,0,Weekend
2023-05-21,Delhi,Groceries,42,6342,1,Weekend
2023-05-21,Delhi,Furniture,13,24674,1,Weekend
2023-05-21,Delhi,Cosmetics,26,13676,1,Weekend
2023-05-21,Mumbai,Electronics,17,40902,0,Weekend
2023-05-21,Mumbai,Clothing,42,42168,1,Weekend
2023-05-21,Mumbai,Groceries,73,13505,0,Weekend
2023-05-21,Mumbai,Furniture,14,41650,1,Weekend
2023-05-21,Mumbai,Cosmetics,19,14174,0,Weekend
2023-05-21,Bangalore,Electronics,23,40273,0,Weekend
2023-05-21,Bangalore,Clothing,37,25678,0,Weekend
2023-05-21,Bangalore,Groceries,66,9372,1,Weekend
2023-05-21,Bangalore,Furniture,11,22869,0,Weekend
2023-05-21,Bangalore,Cosmetics,27,16254,0,Weekend
2023-05-21,Hyderabad,Electronics,18,23508,1,Weekend
2023-05-21,Hyderabad,Clothing,35,33390,0,Weekend
2023-05-21,Hyderabad,Groceries,54,4320,0,Weekend
2023-05-21,Hyderabad,Furniture,11,61083,0,Weekend
2023-05-21,Hyderabad,Cosmetics,20,11020,0,Weekend
2023-05-22,Kolkata,Electronics,16,20336,0,Weekday
2023-05-22,Kolkata,Clothing,35,20965,0,Weekday
2023-05-22,Kolkata,Groceries,47,5640,0,Weekday
2023-05-22,Kolkata,Furniture,13,50154,0,Weekday
2023-05-22,Kolkata,Cosmetics,30,11310,0,Weekday
2023-05-22,Delhi,Electronics,20,46240,0,Weekday
2023-05-22,Delhi,Clothing,40,12600,0,Weekday
2023-05-22,Delhi,Groceries,44,7480,0,Weekday
2023-05-22,Delhi,Furniture,8,35096,0,Weekday
2023-05-22,Delhi,Cosmetics,27,15552,0,Weekday
2023-05-22,Mumbai,Electronics,20,31720,0,Weekday
2023-05-22,Mumbai,Clothing,28,14392,0,Weekday
2023-05-22,Mumbai,Groceries,58,11078,0,Weekday
2023-05-22,Mumbai,Furniture,9,23553,1,Weekday
2023-05-22,Mumbai,Cosmetics,25,18375,0,Weekday
2023-05-22,Bangalore,Electronics,19,19095,1,Weekday
2023-05-22,Bangalore,Clothing,36,13896,0,Weekday
2023-05-22,Bangalore,Groceries,52,4680,0,Weekday
2023-05-22,Bangalore,Furniture,8,19384,1,Weekday
2023-05-22,Bangalore,Cosmetics,25,15075,0,Weekday
2023-05-22,Hyderabad,Electronics,19,42807,1,Weekday
2023-05-22,Hyderabad,Clothing,35,10885,0,Weekday
2023-05-22,Hyderabad,Groceries,80,4080,0,Weekday
2023-05-22,Hyderabad,Furniture,10,49020,0,Weekday
2023-05-22,Hyderabad,Cosmetics,23,8441,0,Weekday
2023-05-23,Kolkata,Electronics,17,41616,0,Weekday
2023-05-23,Kolkata,Clothing,33,14520,0,Weekday
2023-05-23,Kolkata,Groceries,42,8022,0,Weekday
2023-05-23,Kolkata,Furniture,8,33016,1,Weekday
2023-05-23,Kolkata,Cosmetics,23,9200,0,Weekday
2023-05-23,Delhi,Electronics,20,23080,0,Weekday
2023-05-23,Delhi,Clothing,40,17240,1,Weekday
2023-05-23,Delhi,Groceries,53,3816,1,Weekday
2023-05-23,Delhi,Furniture,10,27850,0,Weekday
2023-05-23,Delhi,Cosmetics,26,13416,0,Weekday
2023-05-23,Mumbai,Electronics,21,35070,0,Weekday
2023-05-23,Mumbai,Clothing,28,16184,0,Weekday
2023-05-23,Mumbai,Groceries,67,11792,0,Weekday
2023-05-23,Mumbai,Furniture,8,47000,0,Weekday
2023-05-23,Mumbai,Cosmetics,17,11339,0,Weekday
2023-05-23,Bangalore,Electronics,20,24500,0,Weekday
2023-05-23,Bangalore,Clothing,32,13824,0,Weekday
2023-05-23,Bangalore,Groceries,66,9834,0,Weekday
2023-05-23,Bangalore,Furniture,10,42860,0,Weekday
2023-05-23,Bangalore,Cosmetics,27,8046,0,Weekday
2023-05-23,Hyderabad,Electronics,25,39175,1,Weekday
2023-05-23,Hyderabad,Clothing,40,34800,1,Weekday
2023-05-23,Hyderabad,Groceries,74,11692,1,Weekday
2023-05-23,Hyderabad,Furniture,10,59850,0,Weekday
2023-05-23,Hyderabad,Cosmetics,30,6300,0,Weekday
2023-05-24,Kolkata,Electronics,23,20930,1,Weekday
2023-05-24,Kolkata,Clothing,23,13478,0,Weekday
2023-05-24,Kolkata,Groceries,57,11001,0,Weekday
2023-05-24,Kolkata,Furniture,10,42960,1,Weekday
2023-05-24,Kolkata,Cosmetics,20,4040,0,Weekday
2023-05-24,Delhi,Electronics,20,22880,0,Weekday
2023-05-24,Delhi,Clothing,27,31347,0,Weekday
2023-05-24,Delhi,Groceries,72,7920,0,Weekday
2023-05-24,Delhi,Furniture,10,18330,1,Weekday
2023-05-24,Delhi,Cosmetics,23,7498,0,Weekday
2023-05-24,Mumbai,Electronics,17,27812,1,Weekday
2023-05-24,Mumbai,Clothing,40,13720,0,Weekday
2023-05-24,Mumbai,Groceries,76,11400,1,Weekday
2023-05-24,Mumbai,Furniture,10,30590,0,Weekday
2023-05-24,Mumbai,Cosmetics,24,15840,0,Weekday
2023-05-24,Bangalore,Electronics,20,22800,0,Weekday
2023-05-24,Bangalore,Clothing,37,27491,0,Weekday
2023-05-24,Bangalore,Groceries,55,7370,0,Weekday
2023-05-24,Bangalore,Furniture,11,40733,0,Weekday
2023-05-24,Bangalore,Cosmetics,28,13216,1,Weekday
2023-05-24,Hyderabad,Electronics,25,57775,0,Weekday
2023-05-24,Hyderabad,Clothing,29,10179,0,Weekday
2023-05-24,Hyderabad,Groceries,66,12144,0,Weekday
2023-05-24,Hyderabad,Furniture,11,51568,0,Weekday
2023-05-24,Hyderabad,Cosmetics,21,16065,0,Weekday
2023-05-25,Kolkata,Electronics,20,21200,0,Weekday
2023-05-25,Kolkata,Clothing,34,39882,0,Weekday
2023-05-25,Kolkata,Groceries,63,11403,0,Weekday
2023-05-25,Kolkata,Furniture,10,28360,0,Weekday
2023-05-25,Kolkata,Cosmetics,21,12243,0,Weekday
2023-05-25,Delhi,Electronics,23,34638,0,Weekday
2023-05-25,Delhi,Clothing,37,11618,0,Weekday
2023-05-25,Delhi,Groceries,68,4964,0,Weekday
2023-05-25,Delhi,Furniture,12,25740,1,Weekday
2023-05-25,Delhi,Cosmetics,20,7580,0,Weekday
2023-05-25,Mumbai,Electronics,21,35028,0,Weekday
2023-05-25,Mumbai,Clothing,29,34191,0,Weekday
2023-05-25,Mumbai,Groceries,57,10089,0,Weekday
2023-05-25,Mumbai,Furniture,9,38709,0,Weekday
2023-05-25,Mumbai,Cosmetics,24,6312,1,Weekday
2023-05-25,Bangalore,Electronics,21,18102,0,Weekday
2023-05-25,Bangalore,Clothing,42,23856,0,Weekday
2023-05-25,Bangalore,Groceries,58,9164,0,Weekday
2023-05-25,Bangalore,Furniture,8,41096,0,Weekday
2023-05-25,Bangalore,Cosmetics,20,10100,1,Weekday
2023-05-25,Hyderabad,Electronics,21,25788,1,Weekday
2023-05-25,Hyderabad,Clothing,38,31008,0,Weekday
2023-05-25,Hyderabad,Groceries,84,15540,0,Weekday
2023-05-25,Hyderabad,Furniture,11,46145,0,Weekday
2023-05-25,Hyderabad,Cosmetics,24,6624,0,Weekday
2023-05-26,Kolkata,Electronics,20,37340,0,Weekday
2023-05-26,Kolkata,Clothing,33,37521,0,Weekday
2023-05-26,Kolkata,Groceries,59,5310,0,Weekday
2023-05-26,Kolkata,Furniture,9,24048,0,Weekday
2023-05-26,Kolkata,Cosmetics,26,10712,1,Weekday
2023-05-26,Delhi,Electronics,25,41875,0,Weekday
2023-05-26,Delhi,Clothing,38,30438,1,Weekday
2023-05-26,Delhi,Groceries,65,9685,0,Weekday
2023-05-26,Delhi,Furniture,9,28665,0,Weekday
2023-05-26,Delhi,Cosmetics,23,13455,0,Weekday
2023-05-26,Mumbai,Electronics,18,29106,0,Weekday
2023-05-26,Mumbai,Clothing,37,22311,0,Weekday
2023-05-26,Mumbai,Groceries,75,9750,1,Weekday
2023-05-26,Mumbai,Furniture,10,46370,0,Weekday
2023-05-26,Mumbai,Cosmetics,27,9477,1,Weekday
2023-05-26,Bangalore,Electronics,15,33930,0,Weekday
2023-05-26,Bangalore,Clothing,34,10778,0,Weekday
2023-05-26,Bangalore,Groceries,60,9240,1,Weekday
2023-05-26,Bangalore,Furniture,12,23904,0,Weekday
2023-05-26,Bangalore,Cosmetics,27,14526,1,Weekday
2023-05-26,Hyderabad,Electronics,18,35190,0,Weekday
2023-05-26,Hyderabad,Clothing,42,31290,1,Weekday
2023-05-26,Hyderabad,Groceries,53,9699,0,Weekday
2023-05-26,Hyderabad,Furniture,7,13349,0,Weekday
2023-05-26,Hyderabad,Cosmetics,24,10128,1,Weekday
2023-05-27,Kolkata,Electronics,31,57505,1,Weekend
2023-05-27,Kolkata,Clothing,47,50102,1,Weekend
2023-05-27,Kolkata,Groceries,71,13845,0,Weekend
2023-05-27,Kolkata,Furniture,12,71880,1,Weekend
2023-05-27,Kolkata,Cosmetics,22,8316,0,Weekend
2023-05-27,Delhi,Electronics,17,29410,0,Weekend
2023-05-27,Delhi,Clothing,36,22536,0,Weekend
2023-05-27,Delhi,Groceries,70,5040,1,Weekend
2023-05-27,Delhi,Furniture,9,51642,0,Weekend
2023-05-27,Delhi,Cosmetics,32,5696,1,Weekend
2023-05-27,Mumbai,Electronics,17,29665,1,Weekend
2023-05-27,Mumbai,Clothing,29,29493,0,Weekend
2023-05-27,Mumbai,Groceries,80,12240,1,Weekend
2023-05-27,Mumbai,Furniture,10,35960,0,Weekend
2023-05-27,Mumbai,Cosmetics,19,8227,0,Weekend
2023-05-27,Bangalore,Electronics,21,25872,1,Weekend
2023-05-27,Bangalore,Clothing,33,18711,1,Weekend
2023-05-27,Bangalore,Groceries,76,7904,0,Weekend
2023-05-27,Bangalore,Furniture,11,64394,1,Weekend
2023-05-27,Bangalore,Cosmetics,26,9360,0,Weekend
2023-05-27,Hyderabad,Electronics,22,26466,1,Weekend
2023-05-27,Hyderabad,Clothing,38,15200,1,Weekend
2023-05-27,Hyderabad,Groceries,68,9384,1,Weekend
2023-05-27,Hyderabad,Furniture,12,45672,0,Weekend
2023-05-27,Hyderabad,Cosmetics,27,19440,0,Weekend
2023-05-28,Kolkata,Electronics,21,39753,1,Weekend
2023-05-28,Kolkata,Clothing,36,12348,1,Weekend
2023-05-28,Kolkata,Groceries,86,10062,1,Weekend
2023-05-28,Kolkata,Furniture,10,40010,0,Weekend
2023-05-28,Kolkata,Cosmetics,21,11235,0,Weekend
2023-05-28,Delhi,Electronics,29,24679,1,Weekend
2023-05-28,Delhi,Clothing,33,35277,0,Weekend
2023-05-28,Delhi,Groceries,53,8162,0,Weekend
2023-05-28,Delhi,Furniture,9,22356,0,Weekend
2023-05-28,Delhi,Cosmetics,32,6304,1,Weekend
2023-05-28,Mumbai,Electronics,19,19608,0,Weekend
2023-05-28,Mumbai,Clothing,42,26166,0,Weekend
2023-05-28,Mumbai,Groceries,76,6004,1,Weekend
2023-05-28,Mumbai,Furniture,10,53740,1,Weekend
2023-05-28,Mumbai,Cosmetics,24,11448,1,Weekend
2023-05-28,Bangalore,Electronics,19,37753,0,Weekend
2023-05-28,Bangalore,Clothing,35,30940,0,Weekend
2023-05-28,Bangalore,Groceries,57,9120,0,Weekend
2023-05-28,Bangalore,Furniture,11,37631,0,Weekend
2023-05-28,Bangalore,Cosmetics,27,14526,0,Weekend
2023-05-28,Hyderabad,Electronics,15,31635,0,Weekend
2023-05-28,Hyderabad,Clothing,33,37719,1,Weekend
2023-05-28,Hyderabad,Groceries,63,4410,0,Weekend
2023-05-28,Hyderabad,Furniture,14,23506,1,Weekend
2023-05-28,Hyderabad,Cosmetics,24,16248,0,Weekend
2023-05-29,Kolkata,Electronics,18,17118,1,Weekday
2023-05-29,Kolkata,Clothing,33,24354,0,Weekday
2023-05-29,Kolkata,Groceries,55,9735,0,Weekday
2023-05-29,Kolkata,Furniture,10,33400,0,Weekday
2023-05-29,Kolkata,Cosmetics,28,11956,0,Weekday
2023-05-29,Delhi,Electronics,20,28740,1,Weekday
2023-05-29,Delhi,Clothing,33,33264,0,Weekday
2023-05-29,Delhi,Groceries,70,11060,1,Weekday
2023-05-29,Delhi,Furniture,10,25110,0,Weekday
2023-05-29,Delhi,Cosmetics,26,7332,0,Weekday
2023-05-29,Mumbai,Electronics,20,43320,1,Weekday
2023-05-29,Mumbai,Clothing,41,20377,1,Weekday
2023-05-29,Mumbai,Groceries,69,13110,0,Weekday
2023-05-29,Mumbai,Furniture,12,30828,1,Weekday
2023-05-29,Mumbai,Cosmetics,21,11193,0,Weekday
2023-05-29,Bangalore,Electronics,25,32725,0,Weekday
2023-05-29,Bangalore,Clothing,36,11448,0,Weekday
2023-05-29,Bangalore,Groceries,65,3510,0,Weekday
2023-05-29,Bangalore,Furniture,8,27824,0,Weekday
2023-05-29,Bangalore,Cosmetics,24,8112,0,Weekday
2023-05-29,Hyderabad,Electronics,18,32364,0,Weekday
2023-05-29,Hyderabad,Clothing,43,14448,0,Weekday
2023-05-29,Hyderabad,Groceries,57,4959,0,Weekday
2023-05-29,Hyderabad,Furniture,8,42312,0,Weekday
2023-05-29,Hyderabad,Cosmetics,24,17784,0,Weekday
2023-05-30,Kolkata,Electronics,19,21451,1,Weekday
2023-05-30,Kolkata,Clothing,42,48468,0,Weekday
2023-05-30,Kolkata,Groceries,63,9702,0,Weekday
2023-05-30,Kolkata,Furniture,9,31464,0,Weekday
2023-05-30,Kolkata,Cosmetics,26,10478,1,Weekday
2023-05-30,Delhi,Electronics,22,43318,1,Weekday
2023-05-30,Delhi,Clothing,39,43446,0,Weekday
2023-05-30,Delhi,Groceries,36,2700,0,Weekday
2023-05-30,Delhi,Furniture,9,20430,0,Weekday
2023-05-30,Delhi,Cosmetics,27,14580,0,Weekday
2023-05-30,Mumbai,Electronics,18,16434,1,Weekday
2023-05-30,Mumbai,Clothing,45,43695,1,Weekday
2023-05-30,Mumbai,Groceries,89,5162,1,Weekday
2023-05-30,Mumbai,Furniture,7,31409,0,Weekday
2023-05-30,Mumbai,Cosmetics,24,10920,0,Weekday
2023-05-30,Bangalore,Electronics,20,46480,0,Weekday
2023-05-30,Bangalore,Clothing,39,34008,0,Weekday
2023-05-30,Bangalore,Groceries,69,3657,0,Weekday
2023-05-30,Bangalore,Furniture,9,43650,0,Weekday
2023-05-30,Bangalore,Cosmetics,25,9650,0,Weekday
2023-05-30,Hyderabad,Electronics,21,49476,0,Weekday
2023-05-30,Hyderabad,Clothing,36,42372,0,Weekday
2023-05-30,Hyderabad,Groceries,71,7668,0,Weekday
2023-05-30,Hyderabad,Furniture,13,44681,1,Weekday
2023-05-30,Hyderabad,Cosmetics,27,8667,0,Weekday
2023-05-31,Kolkata,Electronics,19,30628,0,Weekday
2023-05-31,Kolkata,Clothing,37,35076,1,Weekday
2023-05-31,Kolkata,Groceries,59,4425,0,Weekday
2023-05-31,Kolkata,Furniture,11,46618,0,Weekday
2023-05-31,Kolkata,Cosmetics,30,4620,0,Weekday
2023-05-31,Delhi,Electronics,18,38826,0,Weekday
2023-05-31,Delhi,Clothing,37,12173,0,Weekday
2023-05-31,Delhi,Groceries,71,12496,1,Weekday
2023-05-31,Delhi,Furniture,12,28284,0,Weekday
2023-05-31,Delhi,Cosmetics,23,11638,0,Weekday
2023-05-31,Mumbai,Electronics,22,28798,1,Weekday
2023-05-31,Mumbai,Clothing,41,47888,0,Weekday
2023-05-31,Mumbai,Groceries,57,3705,0,Weekday
2023-05-31,Mumbai,Furniture,12,63036,0,Weekday
2023-05-31,Mumbai,Cosmetics,25,5350,0,Weekday
2023-05-31,Bangalore,Electronics,22,30844,1,Weekday
2023-05-31,Bangalore,Clothing,45,18450,1,Weekday
2023-05-31,Bangalore,Groceries,61,5063,1,Weekday
2023-05-31,Bangalore,Furniture,11,60643,1,Weekday
2023-05-31,Bangalore,Cosmetics,24,16824,0,Weekday
2023-05-31,Hyderabad,Electronics,16,20144,0,Weekday
2023-05-31,Hyderabad,Clothing,36,32328,0,Weekday
2023-05-31,Hyderabad,Groceries,57,5700,1,Weekday
2023-05-31,Hyderabad,Furniture,13,31200,1,Weekday
2023-05-31,Hyderabad,Cosmetics,27,21006,1,Weekday
2023-06-01,Kolkata,Electronics,23,30130,0,Weekday
2023-06-01,Kolkata,Clothing,48,29856,1,Weekday
2023-06-01,Kolkata,Groceries,58,5162,0,Weekday
2023-06-01,Kolkata,Furniture,12,19416,0,Weekday
2023-06-01,Kolkata,Cosmetics,30,19860,0,Weekday
2023-06-01,Delhi,Electronics,25,46500,1,Weekday
2023-06-01,Delhi,Clothing,32,28000,0,Weekday
2023-06-01,Delhi,Groceries,83,10375,0,Weekday
2023-06-01,Delhi,Furniture,13,51298,0,Weekday
2023-06-01,Delhi,Cosmetics,25,4450,0,Weekday
2023-06-01,Mumbai,Electronics,21,20139,0,Weekday
2023-06-01,Mumbai,Clothing,48,30816,0,Weekday
2023-06-01,Mumbai,Groceries,68,11492,0,Weekday
2023-06-01,Mumbai,Furniture,10,28520,0,Weekday
2023-06-01,Mumbai,Cosmetics,37,11692,0,Weekday
2023-06-01,Bangalore,Electronics,26,48854,1,Weekday
2023-06-01,Bangalore,Clothing,39,18486,0,Weekday
2023-06-01,Bangalore,Groceries,65,4160,0,Weekday
2023-06-01,Bangalore,Furniture,11,46101,1,Weekday
2023-06-01,Bangalore,Cosmetics,23,13662,0,Weekday
2023-06-01,Hyderabad,Electronics,18,34308,1,Weekday
2023-06-01,Hyderabad,Clothing,42,41916,1,Weekday
2023-06-01,Hyderabad,Groceries,65,9880,0,Weekday
2023-06-01,Hyderabad,Furniture,10,43070,0,Weekday
2023-06-01,Hyderabad,Cosmetics,25,19850,0,Weekday
2023-06-02,Kolkata,Electronics,23,23552,1,Weekday
2023-06-02,Kolkata,Clothing,28,14000,0,Weekday
2023-06-02,Kolkata,Groceries,70,8190,0,Weekday
2023-06-02,Kolkata,Furniture,10,54780,0,Weekday
2023-06-02,Kolkata,Cosmetics,28,4620,0,Weekday
2023-06-02,Delhi,Electronics,19,28918,0,Weekday
2023-06-02,Delhi,Clothing,32,30400,0,Weekday
2023-06-02,Delhi,Groceries,57,7809,0,Weekday
2023-06-02,Delhi,Furniture,12,54492,0,Weekday
2023-06-02,Delhi,Cosmetics,28,11844,0,Weekday
2023-06-02,Mumbai,Electronics,25,20400,0,Weekday
2023-06-02,Mumbai,Clothing,38,42560,0,Weekday
2023-06-02,Mumbai,Groceries,58,9802,0,Weekday
2023-06-02,Mumbai,Furniture,12,34584,0,Weekday
2023-06-02,Mumbai,Cosmetics,37,16946,1,Weekday
2023-06-02,Bangalore,Electronics,29,54085,0,Weekday
2023-06-02,Bangalore,Clothing,35,39445,0,Weekday
2023-06-02,Bangalore,Groceries,62,11718,0,Weekday
2023-06-02,Bangalore,Furniture,10,51650,0,Weekday
2023-06-02,Bangalore,Cosmetics,41,25461,1,Weekday
2023-06-02,Hyderabad,Electronics,25,40025,0,Weekday
2023-06-02,Hyderabad,Clothing,30,34470,0,Weekday
2023-06-02,Hyderabad,Groceries,63,5481,0,Weekday
2023-06-02,Hyderabad,Furniture,13,65455,1,Weekday
2023-06-02,Hyderabad,Cosmetics,35,14385,1,Weekday
2023-06-03,Kolkata,Electronics,20,44060,0,Weekend
2023-06-03,Kolkata,Clothing,40,33920,0,Weekend
2023-06-03,Kolkata,Groceries,50,3100,0,Weekend
2023-06-03,Kolkata,Furniture,11,29755,1,Weekend
2023-06-03,Kolkata,Cosmetics,30,11280,0,Weekend
2023-06-03,Delhi,Electronics,24,59640,1,Weekend
2023-06-03,Delhi,Clothing,35,32445,0,Weekend
2023-06-03,Delhi,Groceries,62,7936,0,Weekend
2023-06-03,Delhi,Furniture,13,42835,0,Weekend
2023-06-03,Delhi,Cosmetics,36,21312,1,Weekend
2023-06-03,Mumbai,Electronics,30,29040,1,Weekend
2023-06-03,Mumbai,Clothing,50,59300,1,Weekend
2023-06-03,Mumbai,Groceries,51,5814,0,Weekend
2023-06-03,Mumbai,Furniture,13,29679,0,Weekend
2023-06-03,Mumbai,Cosmetics,35,20720,1,Weekend
2023-06-03,Bangalore,Electronics,25,33525,0,Weekend
2023-06-03,Bangalore,Clothing,39,12597,0,Weekend
2023-06-03,Bangalore,Groceries,80,15040,0,Weekend
2023-06-03,Bangalore,Furniture,11,58311,0,Weekend
2023-06-03,Bangalore,Cosmetics,39,12207,1,Weekend
2023-06-03,Hyderabad,Electronics,22,49082,0,Weekend
2023-06-03,Hyderabad,Clothing,42,24318,1,Weekend
2023-06-03,Hyderabad,Groceries,63,5670,1,Weekend
2023-06-03,Hyderabad,Furniture,13,32448,1,Weekend
2023-06-03,Hyderabad,Cosmetics,24,10080,0,Weekend
2023-06-04,Kolkata,Electronics,21,27447,0,Weekend
2023-06-04,Kolkata,Clothing,44,43824,1,Weekend
2023-06-04,Kolkata,Groceries,74,9176,0,Weekend
2023-06-04,Kolkata,Furniture,10,56790,1,Weekend
2023-06-04,Kolkata,Cosmetics,24,9480,1,Weekend
2023-06-04,Delhi,Electronics,26,47216,1,Weekend
2023-06-04,Delhi,Clothing,48,53040,1,Weekend
2023-06-04,Delhi,Groceries,65,6175,0,Weekend
2023-06-04,Delhi,Furniture,10,27740,0,Weekend
2023-06-04,Delhi,Cosmetics,26,15236,1,Weekend
2023-06-04,Mumbai,Electronics,22,49280,0,Weekend
2023-06-04,Mumbai,Clothing,39,37947,1,Weekend
2023-06-04,Mumbai,Groceries,77,3927,1,Weekend
2023-06-04,Mumbai,Furniture,8,34416,0,Weekend
2023-06-04,Mumbai,Cosmetics,32,15360,1,Weekend
2023-06-04,Bangalore,Electronics,21,47187,0,Weekend
2023-06-04,Bangalore,Clothing,36,28188,0,Weekend
2023-06-04,Bangalore,Groceries,61,4209,0,Weekend
2023-06-04,Bangalore,Furniture,10,41480,0,Weekend
2023-06-04,Bangalore,Cosmetics,30,17490,0,Weekend
2023-06-04,Hyderabad,Electronics,23,38318,1,Weekend
2023-06-04,Hyderabad,Clothing,31,23033,1,Weekend
2023-06-04,Hyderabad,Groceries,75,7650,1,Weekend
2023-06-04,Hyderabad,Furniture,10,33660,1,Weekend
2023-06-04,Hyderabad,Cosmetics,27,12690,0,Weekend
2023-06-05,Kolkata,Electronics,18,42282,0,Weekday
2023-06-05,Kolkata,Clothing,36,34344,0,Weekday
2023-06-05,Kolkata,Groceries,68,8500,0,Weekday
2023-06-05,Kolkata,Furniture,11,40931,1,Weekday
2023-06-05,Kolkata,Cosmetics,29,6670,1,Weekday
2023-06-05,Delhi,Electronics,28,41132,0,Weekday
2023-06-05,Delhi,Clothing,41,30463,0,Weekday
2023-06-05,Delhi,Groceries,74,8436,1,Weekday
2023-06-05,Delhi,Furniture,9,34344,0,Weekday
2023-06-05,Delhi,Cosmetics,24,6288,0,Weekday
2023-06-05,Mumbai,Electronics,22,52184,0,Weekday
2023-06-05,Mumbai,Clothing,52,42640,1,Weekday
2023-06-05,Mumbai,Groceries,92,6440,1,Weekday
2023-06-05,Mumbai,Furniture,11,32340,0,Weekday
2023-06-05,Mumbai,Cosmetics,28,19460,0,Weekday
2023-06-05,Bangalore,Electronics,14,26502,0,Weekday
2023-06-05,Bangalore,Clothing,37,38332,0,Weekday
2023-06-05,Bangalore,Groceries,66,11748,0,Weekday
2023-06-05,Bangalore,Furniture,10,55720,0,Weekday
2023-06-05,Bangalore,Cosmetics,29,4930,0,Weekday
2023-06-05,Hyderabad,Electronics,30,57390,1,Weekday
2023-06-05,Hyderabad,Clothing,40,46000,1,Weekday
2023-06-05,Hyderabad,Groceries,94,13442,1,Weekday
2023-06-05,Hyderabad,Furniture,11,61688,0,Weekday
2023-06-05,Hyderabad,Cosmetics,28,11704,0,Weekday
2023-06-06,Kolkata,Electronics,20,48300,0,Weekday
2023-06-06,Kolkata,Clothing,33,31086,0,Weekday
2023-06-06,Kolkata,Groceries,64,9728,0,Weekday
2023-06-06,Kolkata,Furniture,9,16353,0,Weekday
2023-06-06,Kolkata,Cosmetics,34,5610,0,Weekday
2023-06-06,Delhi,Electronics,22,22022,1,Weekday
2023-06-06,Delhi,Clothing,42,32256,0,Weekday
2023-06-06,Delhi,Groceries,78,13182,0,Weekday
2023-06-06,Delhi,Furniture,10,53110,0,Weekday
2023-06-06,Delhi,Cosmetics,31,7874,0,Weekday
2023-06-06,Mumbai,Electronics,20,46600,0,Weekday
2023-06-06,Mumbai,Clothing,41,35957,0,Weekday
2023-06-06,Mumbai,Groceries,76,13300,0,Weekday
2023-06-06,Mumbai,Furniture,12,46440,1,Weekday
2023-06-06,Mumbai,Cosmetics,30,10350,0,Weekday
2023-06-06,Bangalore,Electronics,26,36972,0,Weekday
2023-06-06,Bangalore,Clothing,43,25972,0,Weekday
2023-06-06,Bangalore,Groceries,73,11023,0,Weekday
2023-06-06,Bangalore,Furniture,10,21930,0,Weekday
2023-06-06,Bangalore,Cosmetics,25,19400,0,Weekday
2023-06-06,Hyderabad,Electronics,34,51782,1,Weekday
2023-06-06,Hyderabad,Clothing,34,29342,0,Weekday
2023-06-06,Hyderabad,Groceries,69,13593,0,Weekday
2023-06-06,Hyderabad,Furniture,12,57516,0,Weekday
2023-06-06,Hyderabad,Cosmetics,32,18880,0,Weekday
2023-06-07,Kolkata,Electronics,24,40632,0,Weekday
2023-06-07,Kolkata,Clothing,52,26728,1,Weekday
2023-06-07,Kolkata,Groceries,54,3294,0,Weekday
2023-06-07,Kolkata,Furniture,11,58300,0,Weekday
2023-06-07,Kolkata,Cosmetics,26,6396,0,Weekday
2023-06-07,Delhi,Electronics,36,57996,1,Weekday
2023-06-07,Delhi,Clothing,42,19488,0,Weekday
2023-06-07,Delhi,Groceries,66,7128,0,Weekday
2023-06-07,Delhi,Furniture,10,47820,0,Weekday
2023-06-07,Delhi,Cosmetics,27,15336,0,Weekday
2023-06-07,Mumbai,Electronics,18,15840,0,Weekday
2023-06-07,Mumbai,Clothing,37,26566,0,Weekday
2023-06-07,Mumbai,Groceries,60,5580,0,Weekday
2023-06-07,Mumbai,Furniture,12,37416,1,Weekday
2023-06-07,Mumbai,Cosmetics,34,9860,1,Weekday
2023-06-07,Bangalore,Electronics,30,30840,1,Weekday
2023-06-07,Bangalore,Clothing,41,23411,0,Weekday
2023-06-07,Bangalore,Groceries,78,7956,0,Weekday
2023-06-07,Bangalore,Furniture,11,48818,0,Weekday
2023-06-07,Bangalore,Cosmetics,32,18560,1,Weekday
2023-06-07,Hyderabad,Electronics,23,51359,0,Weekday
2023-06-07,Hyderabad,Clothing,43,26961,0,Weekday
2023-06-07,Hyderabad,Groceries,79,9322,0,Weekday
2023-06-07,Hyderabad,Furniture,12,32760,1,Weekday
2023-06-07,Hyderabad,Cosmetics,34,23222,0,Weekday
2023-06-08,Kolkata,Electronics,18,24642,0,Weekday
2023-06-08,Kolkata,Clothing,39,38844,0,Weekday
2023-06-08,Kolkata,Groceries,73,4380,0,Weekday
2023-06-08,Kolkata,Furniture,15,60495,1,Weekday
2023-06-08,Kolkata,Cosmetics,25,8525,0,Weekday
2023-06-08,Delhi,Electronics,19,38836,0,Weekday
2023-06-08,Delhi,Clothing,45,14490,0,Weekday
2023-06-08,Delhi,Groceries,69,6693,1,Weekday
2023-06-08,Delhi,Furniture,12,58284,0,Weekday
2023-06-08,Delhi,Cosmetics,34,16320,1,Weekday
2023-06-08,Mumbai,Electronics,22,30734,0,Weekday
2023-06-08,Mumbai,Clothing,49,51205,0,Weekday
2023-06-08,Mumbai,Groceries,60,9840,0,Weekday
2023-06-08,Mumbai,Furniture,10,26960,0,Weekday
2023-06-08,Mumbai,Cosmetics,23,12489,0,Weekday
2023-06-08,Bangalore,Electronics,26,36504,0,Weekday
2023-06-08,Bangalore,Clothing,32,27552,0,Weekday
2023-06-08,Bangalore,Groceries,59,7257,0,Weekday
2023-06-08,Bangalore,Furniture,12,40320,0,Weekday
2023-06-08,Bangalore,Cosmetics,17,6324,0,Weekday
2023-06-08,Hyderabad,Electronics,19,30134,0,Weekday
2023-06-08,Hyderabad,Clothing,41,38868,0,Weekday
2023-06-08,Hyderabad,Groceries,71,8307,0,Weekday
2023-06-08,Hyderabad,Furniture,13,68744,0,Weekday
2023-06-08,Hyderabad,Cosmetics,32,5760,0,Weekday
2023-06-09,Kolkata,Electronics,18,39006,0,Weekday
2023-06-09,Kolkata,Clothing,48,24768,0,Weekday
2023-06-09,Kolkata,Groceries,94,10058,1,Weekday
2023-06-09,Kolkata,Furniture,11,24662,1,Weekday
2023-06-09,Kolkata,Cosmetics,32,8224,0,Weekday
2023-06-09,Delhi,Electronics,31,70649,1,Weekday
2023-06-09,Delhi,Clothing,35,25060,0,Weekday
2023-06-09,Delhi,Groceries,62,8556,0,Weekday
2023-06-09,Delhi,Furniture,14,62846,1,Weekday
2023-06-09,Delhi,Cosmetics,34,11560,0,Weekday
2023-06-09,Mumbai,Electronics,29,53911,1,Weekday
2023-06-09,Mumbai,Clothing,45,26775,1,Weekday
2023-06-09,Mumbai,Groceries,70,9380,1,Weekday
2023-06-09,Mumbai,Furniture,17,87091,0,Weekday
2023-06-09,Mumbai,Cosmetics,24,11760,0,Weekday
2023-06-09,Bangalore,Electronics,24,33384,1,Weekday
2023-06-09,Bangalore,Clothing,35,34195,0,Weekday
2023-06-09,Bangalore,Groceries,68,9792,0,Weekday
2023-06-09,Bangalore,Furniture,12,29964,0,Weekday
2023-06-09,Bangalore,Cosmetics,35,7105,0,Weekday
2023-06-09,Hyderabad,Electronics,18,41382,0,Weekday
2023-06-09,Hyderabad,Clothing,39,45240,0,Weekday
2023-06-09,Hyderabad,Groceries,63,3906,0,Weekday
2023-06-09,Hyderabad,Furniture,14,31850,1,Weekday
2023-06-09,Hyderabad,Cosmetics,28,14028,0,Weekday
2023-06-10,Kolkata,Electronics,20,42460,0,Weekend
2023-06-10,Kolkata,Clothing,35,14035,1,Weekend
2023-06-10,Kolkata,Groceries,73,7957,0,Weekend
2023-06-10,Kolkata,Furniture,14,46732,1,Weekend
2023-06-10,Kolkata,Cosmetics,38,15504,1,Weekend
2023-06-10,Delhi,Electronics,23,37352,0,Weekend
2023-06-10,Delhi,Clothing,40,20920,0,Weekend
2023-06-10,Delhi,Groceries,86,14276,1,Weekend
2023-06-10,Delhi,Furniture,9,26190,0,Weekend
2023-06-10,Delhi,Cosmetics,24,8424,0,Weekend
2023-06-10,Mumbai,Electronics,24,22008,1,Weekend
2023-06-10,Mumbai,Clothing,46,30912,0,Weekend
2023-06-10,Mumbai,Groceries,76,9348,1,Weekend
2023-06-10,Mumbai,Furniture,11,22583,1,Weekend
2023-06-10,Mumbai,Cosmetics,28,21140,0,Weekend
2023-06-10,Bangalore,Electronics,20,20400,0,Weekend
2023-06-10,Bangalore,Clothing,27,13338,0,Weekend
2023-06-10,Bangalore,Groceries,66,7128,1,Weekend
2023-06-10,Bangalore,Furniture,10,16750,1,Weekend
2023-06-10,Bangalore,Cosmetics,27,15849,1,Weekend
2023-06-10,Hyderabad,Electronics,22,42020,0,Weekend
2023-06-10,Hyderabad,Clothing,37,13727,0,Weekend
2023-06-10,Hyderabad,Groceries,68,5848,0,Weekend
2023-06-10,Hyderabad,Furniture,16,38672,0,Weekend
2023-06-10,Hyderabad,Cosmetics,25,14575,0,Weekend
2023-06-11,Kolkata,Electronics,26,50700,1,Weekend
2023-06-11,Kolkata,Clothing,36,22068,0,Weekend
2023-06-11,Kolkata,Groceries,54,7992,0,Weekend
2023-06-11,Kolkata,Furniture,10,26180,0,Weekend
2023-06-11,Kolkata,Cosmetics,24,4224,1,Weekend
2023-06-11,Delhi,Electronics,19,46189,0,Weekend
2023-06-11,Delhi,Clothing,41,14022,0,Weekend
2023-06-11,Delhi,Groceries,70,10080,0,Weekend
2023-06-11,Delhi,Furniture,10,31710,0,Weekend
2023-06-11,Delhi,Cosmetics,25,17200,0,Weekend
2023-06-11,Mumbai,Electronics,31,72230,1,Weekend
2023-06-11,Mumbai,Clothing,42,15750,1,Weekend
2023-06-11,Mumbai,Groceries,82,6314,0,Weekend
2023-06-11,Mumbai,Furniture,8,25840,0,Weekend
2023-06-11,Mumbai,Cosmetics,26,12298,0,Weekend
2023-06-11,Bangalore,Electronics,20,25980,0,Weekend
2023-06-11,Bangalore,Clothing,35,25935,1,Weekend
2023-06-11,Bangalore,Groceries,41,8159,0,Weekend
2023-06-11,Bangalore,Furniture,9,13725,0,Weekend
2023-06-11,Bangalore,Cosmetics,33,21846,0,Weekend
2023-06-11,Hyderabad,Electronics,26,54886,0,Weekend
2023-06-11,Hyderabad,Clothing,39,41301,0,Weekend
2023-06-11,Hyderabad,Groceries,80,5680,0,Weekend
2023-06-11,Hyderabad,Furniture,10,38640,1,Weekend
2023-06-11,Hyderabad,Cosmetics,26,4966,0,Weekend
2023-06-12,Kolkata,Electronics,24,41448,0,Weekday
2023-06-12,Kolkata,Clothing,27,24003,0,Weekday
2023-06-12,Kolkata,Groceries,51,10098,0,Weekday
2023-06-12,Kolkata,Furniture,12,19920,0,Weekday
2023-06-12,Kolkata,Cosmetics,34,23154,0,Weekday
2023-06-12,Delhi,Electronics,19,47443,0,Weekday
2023-06-12,Delhi,Clothing,41,45510,0,Weekday
2023-06-12,Delhi,Groceries,85,11815,0,Weekday
2023-06-12,Delhi,Furniture,12,44196,0,Weekday
2023-06-12,Delhi,Cosmetics,37,18167,1,Weekday
2023-06-12,Mumbai,Electronics,20,44900,0,Weekday
2023-06-12,Mumbai,Clothing,49,45619,0,Weekday
2023-06-12,Mumbai,Groceries,57,4275,0,Weekday
2023-06-12,Mumbai,Furniture,9,31743,0,Weekday
2023-06-12,Mumbai,Cosmetics,28,16324,0,Weekday
2023-06-12,Bangalore,Electronics,20,18720,0,Weekday
2023-06-12,Bangalore,Clothing,32,28096,0,Weekday
2023-06-12,Bangalore,Groceries,73,9563,0,Weekday
2023-06-12,Bangalore,Furniture,11,47564,0,Weekday
2023-06-12,Bangalore,Cosmetics,31,4929,0,Weekday
2023-06-12,Hyderabad,Electronics,24,57840,0,Weekday
2023-06-12,Hyderabad,Clothing,35,24465,0,Weekday
2023-06-12,Hyderabad,Groceries,67,8308,0,Weekday
2023-06-12,Hyderabad,Furniture,13,62751,0,Weekday
2023-06-12,Hyderabad,Cosmetics,35,23380,1,Weekday
2023-06-13,Kolkata,Electronics,24,46704,0,Weekday
2023-06-13,Kolkata,Clothing,39,38610,0,Weekday
2023-06-13,Kolkata,Groceries,61,9211,1,Weekday
2023-06-13,Kolkata,Furniture,11,61435,0,Weekday
2023-06-13,Kolkata,Cosmetics,25,9550,0,Weekday
2023-06-13,Delhi,Electronics,20,26300,0,Weekday
2023-06-13,Delhi,Clothing,38,20140,0,Weekday
2023-06-13,Delhi,Groceries,72,13824,0,Weekday
2023-06-13,Delhi,Furniture,13,29601,0,Weekday
2023-06-13,Delhi,Cosmetics,27,20952,0,Weekday
2023-06-13,Mumbai,Electronics,30,44670,1,Weekday
2023-06-13,Mumbai,Clothing,36,36900,0,Weekday
2023-06-13,Mumbai,Groceries,72,12240,0,Weekday
2023-06-13,Mumbai,Furniture,11,61039,0,Weekday
2023-06-13,Mumbai,Cosmetics,29,21025,1,Weekday
2023-06-13,Bangalore,Electronics,19,45410,1,Weekday
2023-06-13,Bangalore,Clothing,52,33748,1,Weekday
2023-06-13,Bangalore,Groceries,69,8763,0,Weekday
2023-06-13,Bangalore,Furniture,10,25070,1,Weekday
2023-06-13,Bangalore,Cosmetics,30,5760,0,Weekday
2023-06-13,Hyderabad,Electronics,30,54840,1,Weekday
2023-06-13,Hyderabad,Clothing,30,17970,0,Weekday
2023-06-13,Hyderabad,Groceries,75,12675,0,Weekday
2023-06-13,Hyderabad,Furniture,9,51201,0,Weekday
2023-06-13,Hyderabad,Cosmetics,24,8832,1,Weekday
2023-06-14,Kolkata,Electronics,24,50352,0,Weekday
2023-06-14,Kolkata,Clothing,42,36246,1,Weekday
2023-06-14,Kolkata,Groceries,73,10293,1,Weekday
2023-06-14,Kolkata,Furniture,12,29040,0,Weekday
2023-06-14,Kolkata,Cosmetics,24,18120,0,Weekday
2023-06-14,Delhi,Electronics,14,19894,0,Weekday
2023-06-14,Delhi,Clothing,44,40480,0,Weekday
2023-06-14,Delhi,Groceries,83,8134,0,Weekday
2023-06-14,Delhi,Furniture,12,71424,0,Weekday
2023-06-14,Delhi,Cosmetics,28,9352,0,Weekday
2023-06-14,Mumbai,Electronics,20,20180,0,Weekday
2023-06-14,Mumbai,Clothing,34,36040,0,Weekday
2023-06-14,Mumbai,Groceries,70,9730,0,Weekday
2023-06-14,Mumbai,Furniture,9,48051,0,Weekday
2023-06-14,Mumbai,Cosmetics,34,10914,1,Weekday
2023-06-14,Bangalore,Electronics,22,42922,0,Weekday
2023-06-14,Bangalore,Clothing,29,34017,0,Weekday
2023-06-14,Bangalore,Groceries,73,11753,0,Weekday
2023-06-14,Bangalore,Furniture,13,70252,0,Weekday
2023-06-14,Bangalore,Cosmetics,18,9738,0,Weekday
2023-06-14,Hyderabad,Electronics,20,20980,0,Weekday
2023-06-14,Hyderabad,Clothing,50,54950,1,Weekday
2023-06-14,Hyderabad,Groceries,77,12859,0,Weekday
2023-06-14,Hyderabad,Furniture,11,62667,0,Weekday
2023-06-14,Hyderabad,Cosmetics,30,20940,1,Weekday
2023-06-15,Kolkata,Electronics,22,21560,0,Weekday
2023-06-15,Kolkata,Clothing,47,20633,0,Weekday
2023-06-15,Kolkata,Groceries,62,4216,0,Weekday
2023-06-15,Kolkata,Furniture,11,30404,0,Weekday
2023-06-15,Kolkata,Cosmetics,25,18375,0,Weekday
2023-06-15,Delhi,Electronics,23,45632,0,Weekday
2023-06-15,Delhi,Clothing,33,25575,0,Weekday
2023-06-15,Delhi,Groceries,72,7344,0,Weekday
2023-06-15,Delhi,Furniture,13,72345,1,Weekday
2023-06-15,Delhi,Cosmetics,31,10261,0,Weekday
2023-06-15,Mumbai,Electronics,25,47525,0,Weekday
2023-06-15,Mumbai,Clothing,37,11803,0,Weekday
2023-06-15,Mumbai,Groceries,90,11070,1,Weekday
2023-06-15,Mumbai,Furniture,11,51502,0,Weekday
2023-06-15,Mumbai,Cosmetics,23,14674,0,Weekday
2023-06-15,Bangalore,Electronics,21,26523,0,Weekday
2023-06-15,Bangalore,Clothing,32,13248,1,Weekday
2023-06-15,Bangalore,Groceries,61,7930,0,Weekday
2023-06-15,Bangalore,Furniture,14,23744,0,Weekday
2023-06-15,Bangalore,Cosmetics,31,10137,0,Weekday
2023-06-15,Hyderabad,Electronics,20,44740,0,Weekday
2023-06-15,Hyderabad,Clothing,28,22484,0,Weekday
2023-06-15,Hyderabad,Groceries,66,5280,0,Weekday
2023-06-15,Hyderabad,Furniture,13,32162,1,Weekday
2023-06-15,Hyderabad,Cosmetics,28,5264,0,Weekday
2023-06-16,Kolkata,Electronics,19,31103,0,Weekday
2023-06-16,Kolkata,Clothing,37,38813,1,Weekday
2023-06-16,Kolkata,Groceries,64,12288,0,Weekday
2023-06-16,Kolkata,Furniture,10,51570,0,Weekday
2023-06-16,Kolkata,Cosmetics,25,15550,0,Weekday
2023-06-16,Delhi,Electronics,23,18446,0,Weekday
2023-06-16,Delhi,Clothing,46,45816,0,Weekday
2023-06-16,Delhi,Groceries,53,8215,1,Weekday
2023-06-16,Delhi,Furniture,9,18396,1,Weekday
2023-06-16,Delhi,Cosmetics,27,18549,0,Weekday
2023-06-16,Mumbai,Electronics,18,32652,0,Weekday
2023-06-16,Mumbai,Clothing,42,31920,0,Weekday
2023-06-16,Mumbai,Groceries,69,5106,0,Weekday
2023-06-16,Mumbai,Furniture,9,38484,1,Weekday
2023-06-16,Mumbai,Cosmetics,29,7917,0,Weekday
2023-06-16,Bangalore,Electronics,22,38346,0,Weekday
2023-06-16,Bangalore,Clothing,24,14448,0,Weekday
2023-06-16,Bangalore,Groceries,73,10074,1,Weekday
2023-06-16,Bangalore,Furniture,10,48860,0,Weekday
2023-06-16,Bangalore,Cosmetics,31,24490,0,Weekday
2023-06-16,Hyderabad,Electronics,17,33949,1,Weekday
2023-06-16,Hyderabad,Clothing,44,18436,0,Weekday
2023-06-16,Hyderabad,Groceries,75,13950,0,Weekday
2023-06-16,Hyderabad,Furniture,10,56740,0,Weekday
2023-06-16,Hyderabad,Cosmetics,22,16390,0,Weekday
2023-06-17,Kolkata,Electronics,23,30728,0,Weekend
2023-06-17,Kolkata,Clothing,37,21904,0,Weekend
2023-06-17,Kolkata,Groceries,59,7257,0,Weekend
2023-06-17,Kolkata,Furniture,11,23133,0,Weekend
2023-06-17,Kolkata,Cosmetics,32,24576,1,Weekend
2023-06-17,Delhi,Electronics,21,19425,0,Weekend
2023-06-17,Delhi,Clothing,30,33180,0,Weekend
2023-06-17,Delhi,Groceries,77,6468,0,Weekend
2023-06-17,Delhi,Furniture,8,19824,0,Weekend
2023-06-17,Delhi,Cosmetics,18,4338,1,Weekend
2023-06-17,Mumbai,Electronics,27,66204,1,Weekend
2023-06-17,Mumbai,Clothing,37,12728,0,Weekend
2023-06-17,Mumbai,Groceries,62,3844,0,Weekend
2023-06-17,Mumbai,Furniture,10,27250,1,Weekend
2023-06-17,Mumbai,Cosmetics,28,18732,1,Weekend
2023-06-17,Bangalore,Electronics,21,17934,0,Weekend
2023-06-17,Bangalore,Clothing,55,28325,1,Weekend
2023-06-17,Bangalore,Groceries,61,5246,0,Weekend
2023-06-17,Bangalore,Furniture,14,27636,0,Weekend
2023-06-17,Bangalore,Cosmetics,31,11656,0,Weekend
2023-06-17,Hyderabad,Electronics,23,50738,1,Weekend
2023-06-17,Hyderabad,Clothing,39,31629,0,Weekend
2023-06-17,Hyderabad,Groceries,72,5688,0,Weekend
2023-06-17,Hyderabad,Furniture,11,62909,0,Weekend
2023-06-17,Hyderabad,Cosmetics,41,30053,1,Weekend
2023-06-18,Kolkata,Electronics,24,57984,1,Weekend
2023-06-18,Kolkata,Clothing,43,34271,1,Weekend
2023-06-18,Kolkata,Groceries,83,6308,1,Weekend
2023-06-18,Kolkata,Furniture,15,41745,1,Weekend
2023-06-18,Kolkata,Cosmetics,27,14067,0,Weekend
2023-06-18,Delhi,Electronics,26,23972,0,Weekend
2023-06-18,Delhi,Clothing,33,14487,0,Weekend
2023-06-18,Delhi,Groceries,83,15106,0,Weekend
2023-06-18,Delhi,Furniture,10,18070,0,Weekend
2023-06-18,Delhi,Cosmetics,26,12792,1,Weekend
2023-06-18,Mumbai,Electronics,30,61620,1,Weekend
2023-06-18,Mumbai,Clothing,49,27146,1,Weekend
2023-06-18,Mumbai,Groceries,93,17112,1,Weekend
2023-06-18,Mumbai,Furniture,10,46860,0,Weekend
2023-06-18,Mumbai,Cosmetics,30,5610,1,Weekend
2023-06-18,Bangalore,Electronics,21,19005,1,Weekend
2023-06-18,Bangalore,Clothing,44,21560,0,Weekend
2023-06-18,Bangalore,Groceries,53,5035,1,Weekend
2023-06-18,Bangalore,Furniture,10,16600,0,Weekend
2023-06-18,Bangalore,Cosmetics,23,13823,0,Weekend
2023-06-18,Hyderabad,Electronics,17,35122,0,Weekend
2023-06-18,Hyderabad,Clothing,51,41412,1,Weekend
2023-06-18,Hyderabad,Groceries,67,8844,0,Weekend
2023-06-18,Hyderabad,Furniture,16,89216,1,Weekend
2023-06-18,Hyderabad,Cosmetics,32,22944,0,Weekend
2023-06-19,Kolkata,Electronics,17,20859,0,Weekday
2023-06-19,Kolkata,Clothing,43,17415,0,Weekday
2023-06-19,Kolkata,Groceries,82,14432,1,Weekday
2023-06-19,Kolkata,Furniture,10,56510,0,Weekday
2023-06-19,Kolkata,Cosmetics,21,4452,0,Weekday
2023-06-19,Delhi,Electronics,25,53075,1,Weekday
2023-06-19,Delhi,Clothing,38,30438,1,Weekday
2023-06-19,Delhi,Groceries,61,10736,0,Weekday
2023-06-19,Delhi,Furniture,12,25584,0,Weekday
2023-06-19,Delhi,Cosmetics,29,13137,0,Weekday
2023-06-19,Mumbai,Electronics,18,30024,0,Weekday
2023-06-19,Mumbai,Clothing,48,25392,1,Weekday
2023-06-19,Mumbai,Groceries,71,5751,0,Weekday
2023-06-19,Mumbai,Furniture,11,23936,0,Weekday
2023-06-19,Mumbai,Cosmetics,29,14703,0,Weekday
2023-06-19,Bangalore,Electronics,24,54984,0,Weekday
2023-06-19,Bangalore,Clothing,27,16497,0,Weekday
2023-06-19,Bangalore,Groceries,64,11968,0,Weekday
2023-06-19,Bangalore,Furniture,13,31499,1,Weekday
2023-06-19,Bangalore,Cosmetics,25,19775,0,Weekday
2023-06-19,Hyderabad,Electronics,25,60250,1,Weekday
2023-06-19,Hyderabad,Clothing,31,21359,0,Weekday
2023-06-19,Hyderabad,Groceries,75,9900,0,Weekday
2023-06-19,Hyderabad,Furniture,15,82110,1,Weekday
2023-06-19,Hyderabad,Cosmetics,35,19145,1,Weekday
2023-06-20,Kolkata,Electronics,23,25185,0,Weekday
2023-06-20,Kolkata,Clothing,50,21650,1,Weekday
2023-06-20,Kolkata,Groceries,81,13527,1,Weekday
2023-06-20,Kolkata,Furniture,10,16140,0,Weekday
2023-06-20,Kolkata,Cosmetics,32,8352,1,Weekday
2023-06-20,Delhi,Electronics,20,34940,1,Weekday
2023-06-20,Delhi,Clothing,49,54733,0,Weekday
2023-06-20,Delhi,Groceries,59,9558,0,Weekday
2023-06-20,Delhi,Furniture,8,40752,0,Weekday
2023-06-20,Delhi,Cosmetics,32,13600,0,Weekday
2023-06-20,Mumbai,Electronics,25,20775,0,Weekday
2023-06-20,Mumbai,Clothing,33,31581,0,Weekday
2023-06-20,Mumbai,Groceries,50,5600,0,Weekday
2023-06-20,Mumbai,Furniture,10,40530,0,Weekday
2023-06-20,Mumbai,Cosmetics,29,19285,0,Weekday
2023-06-20,Bangalore,Electronics,17,26588,0,Weekday
2023-06-20,Bangalore,Clothing,46,20746,0,Weekday
2023-06-20,Bangalore,Groceries,76,7448,0,Weekday
2023-06-20,Bangalore,Furniture,9,40932,0,Weekday
2023-06-20,Bangalore,Cosmetics,23,9522,0,Weekday
2023-06-20,Hyderabad,Electronics,24,55728,1,Weekday
2023-06-20,Hyderabad,Clothing,40,45200,1,Weekday
2023-06-20,Hyderabad,Groceries,77,11704,1,Weekday
2023-06-20,Hyderabad,Furniture,13,49036,1,Weekday
2023-06-20,Hyderabad,Cosmetics,22,12144,0,Weekday
2023-06-21,Kolkata,Electronics,22,52712,0,Weekday
2023-06-21,Kolkata,Clothing,40,41200,0,Weekday
2023-06-21,Kolkata,Groceries,56,5544,0,Weekday
2023-06-21,Kolkata,Furniture,10,32870,0,Weekday
2023-06-21,Kolkata,Cosmetics,33,16929,1,Weekday
2023-06-21,Delhi,Electronics,20,25080,0,Weekday
2023-06-21,Delhi,Clothing,36,38016,0,Weekday
2023-06-21,Delhi,Groceries,73,4088,1,Weekday
2023-06-21,Delhi,Furniture,11,31823,1,Weekday
2023-06-21,Delhi,Cosmetics,26,19942,0,Weekday
2023-06-21,Mumbai,Electronics,25,23325,1,Weekday
2023-06-21,Mumbai,Clothing,33,19668,0,Weekday
2023-06-21,Mumbai,Groceries,82,9840,1,Weekday
2023-06-21,Mumbai,Furniture,11,54802,1,Weekday
2023-06-21,Mumbai,Cosmetics,23,8441,0,Weekday
2023-06-21,Bangalore,Electronics,17,14569,0,Weekday
2023-06-21,Bangalore,Clothing,50,40850,1,Weekday
2023-06-21,Bangalore,Groceries,88,9504,0,Weekday
2023-06-21,Bangalore,Furniture,12,45012,0,Weekday
2023-06-21,Bangalore,Cosmetics,22,4598,0,Weekday
2023-06-21,Hyderabad,Electronics,17,37434,0,Weekday
2023-06-21,Hyderabad,Clothing,35,16625,0,Weekday
2023-06-21,Hyderabad,Groceries,59,5487,0,Weekday
2023-06-21,Hyderabad,Furniture,8,12816,1,Weekday
2023-06-21,Hyderabad,Cosmetics,28,14532,1,Weekday
2023-06-22,Kolkata,Electronics,20,49680,0,Weekday
2023-06-22,Kolkata,Clothing,37,40293,0,Weekday
2023-06-22,Kolkata,Groceries,71,7029,0,Weekday
2023-06-22,Kolkata,Furniture,10,40110,0,Weekday
2023-06-22,Kolkata,Cosmetics,22,8096,0,Weekday
2023-06-22,Delhi,Electronics,23,39560,1,Weekday
2023-06-22,Delhi,Clothing,46,30268,0,Weekday
2023-06-22,Delhi,Groceries,57,8151,0,Weekday
2023-06-22,Delhi,Furniture,13,28522,0,Weekday
2023-06-22,Delhi,Cosmetics,22,4444,0,Weekday
2023-06-22,Mumbai,Electronics,28,57036,0,Weekday
2023-06-22,Mumbai,Clothing,39,43758,0,Weekday
2023-06-22,Mumbai,Groceries,72,11304,0,Weekday
2023-06-22,Mumbai,Furniture,11,46299,1,Weekday
2023-06-22,Mumbai,Cosmetics,30,23070,1,Weekday
2023-06-22,Bangalore,Electronics,22,26862,0,Weekday
2023-06-22,Bangalore,Clothing,39,25623,0,Weekday
2023-06-22,Bangalore,Groceries,89,5518,1,Weekday
2023-06-22,Bangalore,Furniture,11,30998,0,Weekday
2023-06-22,Bangalore,Cosmetics,25,11250,0,Weekday
2023-06-22,Hyderabad,Electronics,24,39768,1,Weekday
2023-06-22,Hyderabad,Clothing,34,23426,0,Weekday
2023-06-22,Hyderabad,Groceries,66,6270,1,Weekday
2023-06-22,Hyderabad,Furniture,11,61006,0,Weekday
2023-06-22,Hyderabad,Cosmetics,35,23660,0,Weekday
2023-06-23,Kolkata,Electronics,20,18720,0,Weekday
2023-06-23,Kolkata,Clothing,36,36288,0,Weekday
2023-06-23,Kolkata,Groceries,66,5214,1,Weekday
2023-06-23,Kolkata,Furniture,15,87390,1,Weekday
2023-06-23,Kolkata,Cosmetics,23,13133,0,Weekday
2023-06-23,Delhi,Electronics,18,21114,0,Weekday
2023-06-23,Delhi,Clothing,38,35264,0,Weekday
2023-06-23,Delhi,Groceries,68,12036,0,Weekday
2023-06-23,Delhi,Furniture,9,24498,0,Weekday
2023-06-23,Delhi,Cosmetics,29,20532,0,Weekday
2023-06-23,Mumbai,Electronics,23,34201,0,Weekday
2023-06-23,Mumbai,Clothing,31,19654,0,Weekday
2023-06-23,Mumbai,Groceries,57,7923,0,Weekday
2023-06-23,Mumbai,Furniture,9,13635,0,Weekday
2023-06-23,Mumbai,Cosmetics,33,7194,0,Weekday
2023-06-23,Bangalore,Electronics,22,36212,0,Weekday
2023-06-23,Bangalore,Clothing,50,55950,1,Weekday
2023-06-23,Bangalore,Groceries,64,8960,1,Weekday
2023-06-23,Bangalore,Furniture,7,27909,0,Weekday
2023-06-23,Bangalore,Cosmetics,27,8559,1,Weekday
2023-06-23,Hyderabad,Electronics,21,16842,0,Weekday
2023-06-23,Hyderabad,Clothing,32,15456,0,Weekday
2023-06-23,Hyderabad,Groceries,84,13020,1,Weekday
2023-06-23,Hyderabad,Furniture,10,18930,0,Weekday
2023-06-23,Hyderabad,Cosmetics,24,11712,0,Weekday
2023-06-24,Kolkata,Electronics,20,24640,0,Weekend
2023-06-24,Kolkata,Clothing,41,38540,0,Weekend
2023-06-24,Kolkata,Groceries,84,6216,1,Weekend
2023-06-24,Kolkata,Furniture,11,65648,1,Weekend
2023-06-24,Kolkata,Cosmetics,26,20072,0,Weekend
2023-06-24,Delhi,Electronics,20,19700,0,Weekend
2023-06-24,Delhi,Clothing,41,35260,0,Weekend
2023-06-24,Delhi,Groceries,68,5576,1,Weekend
2023-06-24,Delhi,Furniture,11,26719,1,Weekend
2023-06-24,Delhi,Cosmetics,32,13728,1,Weekend
2023-06-24,Mumbai,Electronics,27,48492,1,Weekend
2023-06-24,Mumbai,Clothing,44,22396,1,Weekend
2023-06-24,Mumbai,Groceries,50,4350,1,Weekend
2023-06-24,Mumbai,Furniture,12,64128,1,Weekend
2023-06-24,Mumbai,Cosmetics,32,18112,0,Weekend
2023-06-24,Bangalore,Electronics,23,56189,0,Weekend
2023-06-24,Bangalore,Clothing,42,31710,1,Weekend
2023-06-24,Bangalore,Groceries,66,7920,0,Weekend
2023-06-24,Bangalore,Furniture,8,25096,0,Weekend
2023-06-24,Bangalore,Cosmetics,25,7125,0,Weekend
2023-06-24,Hyderabad,Electronics,20,40760,1,Weekend
2023-06-24,Hyderabad,Clothing,35,37765,0,Weekend
2023-06-24,Hyderabad,Groceries,45,5040,0,Weekend
2023-06-24,Hyderabad,Furniture,13,75478,1,Weekend
2023-06-24,Hyderabad,Cosmetics,29,8004,0,Weekend
2023-06-25,Kolkata,Electronics,18,34938,0,Weekend
2023-06-25,Kolkata,Clothing,33,30855,0,Weekend
2023-06-25,Kolkata,Groceries,86,14706,1,Weekend
2023-06-25,Kolkata,Furniture,11,52206,0,Weekend
2023-06-25,Kolkata,Cosmetics,36,28656,1,Weekend
2023-06-25,Delhi,Electronics,23,40572,1,Weekend
2023-06-25,Delhi,Clothing,41,13653,0,Weekend
2023-06-25,Delhi,Groceries,69,9384,1,Weekend
2023-06-25,Delhi,Furniture,13,22581,0,Weekend
2023-06-25,Delhi,Cosmetics,30,10140,0,Weekend
2023-06-25,Mumbai,Electronics,19,33174,1,Weekend
2023-06-25,Mumbai,Clothing,44,41184,1,Weekend
2023-06-25,Mumbai,Groceries,78,6942,1,Weekend
2023-06-25,Mumbai,Furniture,11,43538,1,Weekend
2023-06-25,Mumbai,Cosmetics,31,11191,0,Weekend
2023-06-25,Bangalore,Electronics,21,20391,0,Weekend
2023-06-25,Bangalore,Clothing,37,43031,1,Weekend
2023-06-25,Bangalore,Groceries,62,8928,0,Weekend
2023-06-25,Bangalore,Furniture,14,25088,1,Weekend
2023-06-25,Bangalore,Cosmetics,27,17604,1,Weekend
2023-06-25,Hyderabad,Electronics,22,44066,0,Weekend
2023-06-25,Hyderabad,Clothing,50,41450,0,Weekend
2023-06-25,Hyderabad,Groceries,78,9828,1,Weekend
2023-06-25,Hyderabad,Furniture,15,57600,1,Weekend
2023-06-25,Hyderabad,Cosmetics,25,9100,0,Weekend
2023-06-26,Kolkata,Electronics,22,22792,0,Weekday
2023-06-26,Kolkata,Clothing,29,16617,0,Weekday
2023-06-26,Kolkata,Groceries,63,12096,0,Weekday
2023-06-26,Kolkata,Furniture,12,60360,0,Weekday
2023-06-26,Kolkata,Cosmetics,19,6574,0,Weekday
2023-06-26,Delhi,Electronics,25,36925,0,Weekday
2023-06-26,Delhi,Clothing,33,23793,1,Weekday
2023-06-26,Delhi,Groceries,55,8195,0,Weekday
2023-06-26,Delhi,Furniture,13,72254,0,Weekday
2023-06-26,Delhi,Cosmetics,25,13300,0,Weekday
2023-06-26,Mumbai,Electronics,20,26460,0,Weekday
2023-06-26,Mumbai,Clothing,38,17404,0,Weekday
2023-06-26,Mumbai,Groceries,58,3944,1,Weekday
2023-06-26,Mumbai,Furniture,9,44586,0,Weekday
2023-06-26,Mumbai,Cosmetics,19,13604,1,Weekday
2023-06-26,Bangalore,Electronics,23,20033,0,Weekday
2023-06-26,Bangalore,Clothing,23,27186,0,Weekday
2023-06-26,Bangalore,Groceries,62,4340,0,Weekday
2023-06-26,Bangalore,Furniture,12,45120,1,Weekday
2023-06-26,Bangalore,Cosmetics,24,19152,0,Weekday
2023-06-26,Hyderabad,Electronics,26,47164,0,Weekday
2023-06-26,Hyderabad,Clothing,31,16399,0,Weekday
2023-06-26,Hyderabad,Groceries,57,10089,0,Weekday
2023-06-26,Hyderabad,Furniture,9,43236,0,Weekday
2023-06-26,Hyderabad,Cosmetics,30,12780,0,Weekday
2023-06-27,Kolkata,Electronics,22,42394,0,Weekday
2023-06-27,Kolkata,Clothing,37,30525,1,Weekday
2023-06-27,Kolkata,Groceries,43,5375,0,Weekday
2023-06-27,Kolkata,Furniture,12,69936,1,Weekday
2023-06-27,Kolkata,Cosmetics,29,16965,0,Weekday
2023-06-27,Delhi,Electronics,28,48720,1,Weekday
2023-06-27,Delhi,Clothing,46,39422,0,Weekday
2023-06-27,Delhi,Groceries,54,2808,0,Weekday
2023-06-27,Delhi,Furniture,9,50670,0,Weekday
2023-06-27,Delhi,Cosmetics,34,20366,0,Weekday
2023-06-27,Mumbai,Electronics,21,18795,0,Weekday
2023-06-27,Mumbai,Clothing,40,47320,0,Weekday
2023-06-27,Mumbai,Groceries,79,13193,0,Weekday
2023-06-27,Mumbai,Furniture,9,28656,0,Weekday
2023-06-27,Mumbai,Cosmetics,33,14223,0,Weekday
2023-06-27,Bangalore,Electronics,23,31441,0,Weekday
2023-06-27,Bangalore,Clothing,42,40446,0,Weekday
2023-06-27,Bangalore,Groceries,83,4565,0,Weekday
2023-06-27,Bangalore,Furniture,14,50736,0,Weekday
2023-06-27,Bangalore,Cosmetics,36,21132,1,Weekday
2023-06-27,Hyderabad,Electronics,18,37836,0,Weekday
2023-06-27,Hyderabad,Clothing,46,20378,0,Weekday
2023-06-27,Hyderabad,Groceries,57,10545,0,Weekday
2023-06-27,Hyderabad,Furniture,10,49860,0,Weekday
2023-06-27,Hyderabad,Cosmetics,35,10535,0,Weekday
2023-06-28,Kolkata,Electronics,25,38525,0,Weekday
2023-06-28,Kolkata,Clothing,40,39120,0,Weekday
2023-06-28,Kolkata,Groceries,69,8487,0,Weekday
2023-06-28,Kolkata,Furniture,9,32724,0,Weekday
2023-06-28,Kolkata,Cosmetics,29,12238,0,Weekday
2023-06-28,Delhi,Electronics,22,24596,0,Weekday
2023-06-28,Delhi,Clothing,41,24395,0,Weekday
2023-06-28,Delhi,Groceries,79,7031,1,Weekday
2023-06-28,Delhi,Furniture,14,32046,0,Weekday
2023-06-28,Delhi,Cosmetics,27,4590,1,Weekday
2023-06-28,Mumbai,Electronics,20,37180,0,Weekday
2023-06-28,Mumbai,Clothing,52,51012,1,Weekday
2023-06-28,Mumbai,Groceries,54,10692,1,Weekday
2023-06-28,Mumbai,Furniture,7,31591,0,Weekday
2023-06-28,Mumbai,Cosmetics,25,18775,0,Weekday
2023-06-28,Bangalore,Electronics,20,22640,0,Weekday
2023-06-28,Bangalore,Clothing,49,41258,1,Weekday
2023-06-28,Bangalore,Groceries,81,9963,0,Weekday
2023-06-28,Bangalore,Furniture,11,32945,0,Weekday
2023-06-28,Bangalore,Cosmetics,29,9744,0,Weekday
2023-06-28,Hyderabad,Electronics,24,57864,1,Weekday
2023-06-28,Hyderabad,Clothing,31,16616,0,Weekday
2023-06-28,Hyderabad,Groceries,73,6716,0,Weekday
2023-06-28,Hyderabad,Furniture,9,23778,0,Weekday
2023-06-28,Hyderabad,Cosmetics,30,16320,0,Weekday
2023-06-29,Kolkata,Electronics,20,42280,0,Weekday
2023-06-29,Kolkata,Clothing,44,21384,1,Weekday
2023-06-29,Kolkata,Groceries,78,8970,0,Weekday
2023-06-29,Kolkata,Furniture,10,51350,0,Weekday
2023-06-29,Kolkata,Cosmetics,24,17304,0,Weekday
2023-06-29,Delhi,Electronics,18,28566,0,Weekday
2023-06-29,Delhi,Clothing,32,33856,0,Weekday
2023-06-29,Delhi,Groceries,74,11544,1,Weekday
2023-06-29,Delhi,Furniture,8,46320,0,Weekday
2023-06-29,Delhi,Cosmetics,27,20547,0,Weekday
2023-06-29,Mumbai,Electronics,16,23664,0,Weekday
2023-06-29,Mumbai,Clothing,35,38780,0,Weekday
2023-06-29,Mumbai,Groceries,79,13904,0,Weekday
2023-06-29,Mumbai,Furniture,15,56055,1,Weekday
2023-06-29,Mumbai,Cosmetics,23,4232,0,Weekday
2023-06-29,Bangalore,Electronics,27,55107,0,Weekday
2023-06-29,Bangalore,Clothing,46,32614,1,Weekday
2023-06-29,Bangalore,Groceries,68,12988,0,Weekday
2023-06-29,Bangalore,Furniture,10,40450,0,Weekday
2023-06-29,Bangalore,Cosmetics,26,16562,0,Weekday
2023-06-29,Hyderabad,Electronics,11,9691,0,Weekday
2023-06-29,Hyderabad,Clothing,46,21620,0,Weekday
2023-06-29,Hyderabad,Groceries,76,3876,0,Weekday
2023-06-29,Hyderabad,Furniture,13,77558,1,Weekday
2023-06-29,Hyderabad,Cosmetics,32,18784,1,Weekday
2023-06-30,Kolkata,Electronics,24,24912,0,Weekday
2023-06-30,Kolkata,Clothing,40,20800,0,Weekday
2023-06-30,Kolkata,Groceries,76,8664,0,Weekday
2023-06-30,Kolkata,Furniture,12,69156,0,Weekday
2023-06-30,Kolkata,Cosmetics,19,13338,0,Weekday
2023-06-30,Delhi,Electronics,21,16905,0,Weekday
2023-06-30,Delhi,Clothing,37,19906,0,Weekday
2023-06-30,Delhi,Groceries,55,5390,0,Weekday
2023-06-30,Delhi,Furniture,12,22560,0,Weekday
2023-06-30,Delhi,Cosmetics,37,19425,1,Weekday
2023-06-30,Mumbai,Electronics,30,39210,1,Weekday
2023-06-30,Mumbai,Clothing,46,52900,1,Weekday
2023-06-30,Mumbai,Groceries,76,10564,0,Weekday
2023-06-30,Mumbai,Furniture,10,51120,0,Weekday
2023-06-30,Mumbai,Cosmetics,24,3960,0,Weekday
2023-06-30,Bangalore,Electronics,23,46161,1,Weekday
2023-06-30,Bangalore,Clothing,41,47642,0,Weekday
2023-06-30,Bangalore,Groceries,68,5644,0,Weekday
2023-06-30,Bangalore,Furniture,10,24200,0,Weekday
2023-06-30,Bangalore,Cosmetics,22,4884,0,Weekday
2023-06-30,Hyderabad,Electronics,27,41337,1,Weekday
2023-06-30,Hyderabad,Clothing,39,26871,0,Weekday
2023-06-30,Hyderabad,Groceries,84,13944,1,Weekday
2023-06-30,Hyderabad,Furniture,9,30402,0,Weekday
2023-06-30,Hyderabad,Cosmetics,35,15190,1,Weekday
2023-07-01,Kolkata,Electronics,28,65856,1,Weekend
2023-07-01,Kolkata,Clothing,35,10675,0,Weekend
2023-07-01,Kolkata,Groceries,63,10206,0,Weekend
2023-07-01,Kolkata,Furniture,12,55236,1,Weekend
2023-07-01,Kolkata,Cosmetics,23,13225,0,Weekend
2023-07-01,Delhi,Electronics,21,23058,0,Weekend
2023-07-01,Delhi,Clothing,32,34240,0,Weekend
2023-07-01,Delhi,Groceries,72,4824,1,Weekend
2023-07-01,Delhi,Furniture,12,22044,0,Weekend
2023-07-01,Delhi,Cosmetics,37,24679,1,Weekend
2023-07-01,Mumbai,Electronics,26,31720,1,Weekend
2023-07-01,Mumbai,Clothing,49,32977,0,Weekend
2023-07-01,Mumbai,Groceries,44,3740,0,Weekend
2023-07-01,Mumbai,Furniture,11,24035,0,Weekend
2023-07-01,Mumbai,Cosmetics,26,16172,0,Weekend
2023-07-01,Bangalore,Electronics,22,32230,0,Weekend
2023-07-01,Bangalore,Clothing,47,36989,0,Weekend
2023-07-01,Bangalore,Groceries,68,8636,0,Weekend
2023-07-01,Bangalore,Furniture,10,59240,0,Weekend
2023-07-01,Bangalore,Cosmetics,27,18252,1,Weekend
2023-07-01,Hyderabad,Electronics,16,33440,0,Weekend
2023-07-01,Hyderabad,Clothing,40,47440,1,Weekend
2023-07-01,Hyderabad,Groceries,55,8470,0,Weekend
2023-07-01,Hyderabad,Furniture,10,53130,0,Weekend
2023-07-01,Hyderabad,Cosmetics,25,4025,0,Weekend
2023-07-02,Kolkata,Electronics,23,30199,1,Weekend
2023-07-02,Kolkata,Clothing,43,28638,1,Weekend
2023-07-02,Kolkata,Groceries,63,3150,0,Weekend
2023-07-02,Kolkata,Furniture,10,52640,1,Weekend
2023-07-02,Kolkata,Cosmetics,27,15093,0,Weekend
2023-07-02,Delhi,Electronics,23,39192,1,Weekend
2023-07-02,Delhi,Clothing,41,18204,0,Weekend
2023-07-02,Delhi,Groceries,68,9724,0,Weekend
2023-07-02,Delhi,Furniture,10,39270,0,Weekend
2023-07-02,Delhi,Cosmetics,33,10824,0,Weekend
2023-07-02,Mumbai,Electronics,18,26370,0,Weekend
2023-07-02,Mumbai,Clothing,44,48928,0,Weekend
2023-07-02,Mumbai,Groceries,78,10374,1,Weekend
2023-07-02,Mumbai,Furniture,13,33917,1,Weekend
2023-07-02,Mumbai,Cosmetics,21,9513,0,Weekend
2023-07-02,Bangalore,Electronics,23,54533,1,Weekend
2023-07-02,Bangalore,Clothing,38,40470,0,Weekend
2023-07-02,Bangalore,Groceries,52,4368,0,Weekend
2023-07-02,Bangalore,Furniture,12,53892,0,Weekend
2023-07-02,Bangalore,Cosmetics,35,11515,1,Weekend
2023-07-02,Hyderabad,Electronics,24,53184,0,Weekend
2023-07-02,Hyderabad,Clothing,38,29754,0,Weekend
2023-07-02,Hyderabad,Groceries,66,9108,1,Weekend
2023-07-02,Hyderabad,Furniture,11,50215,1,Weekend
2023-07-02,Hyderabad,Cosmetics,26,15964,1,Weekend
2023-07-03,Kolkata,Electronics,28,53648,0,Weekday
2023-07-03,Kolkata,Clothing,39,32409,0,Weekday
2023-07-03,Kolkata,Groceries,69,4692,0,Weekday
2023-07-03,Kolkata,Furniture,11,64372,0,Weekday
2023-07-03,Kolkata,Cosmetics,30,17610,0,Weekday
2023-07-03,Delhi,Electronics,25,25775,1,Weekday
2023-07-03,Delhi,Clothing,31,19189,0,Weekday
2023-07-03,Delhi,Groceries,64,7872,0,Weekday
2023-07-03,Delhi,Furniture,11,49643,1,Weekday
2023-07-03,Delhi,Cosmetics,33,18315,0,Weekday
2023-07-03,Mumbai,Electronics,28,44296,1,Weekday
2023-07-03,Mumbai,Clothing,44,34936,0,Weekday
2023-07-03,Mumbai,Groceries,56,6160,0,Weekday
2023-07-03,Mumbai,Furniture,12,70272,1,Weekday
2023-07-03,Mumbai,Cosmetics,27,17712,0,Weekday
2023-07-03,Bangalore,Electronics,26,23842,0,Weekday
2023-07-03,Bangalore,Clothing,41,40221,0,Weekday
2023-07-03,Bangalore,Groceries,73,14235,0,Weekday
2023-07-03,Bangalore,Furniture,14,25368,0,Weekday
2023-07-03,Bangalore,Cosmetics,21,3633,0,Weekday
2023-07-03,Hyderabad,Electronics,26,40248,0,Weekday
2023-07-03,Hyderabad,Clothing,28,8876,0,Weekday
2023-07-03,Hyderabad,Groceries,57,3819,1,Weekday
2023-07-03,Hyderabad,Furniture,10,36760,0,Weekday
2023-07-03,Hyderabad,Cosmetics,27,11745,0,Weekday
2023-07-04,Kolkata,Electronics,26,43264,1,Weekday
2023-07-04,Kolkata,Clothing,29,24592,0,Weekday
2023-07-04,Kolkata,Groceries,45,8370,0,Weekday
2023-07-04,Kolkata,Furniture,12,27444,0,Weekday
2023-07-04,Kolkata,Cosmetics,24,11784,0,Weekday
2023-07-04,Delhi,Electronics,16,27760,0,Weekday
2023-07-04,Delhi,Clothing,40,18200,1,Weekday
2023-07-04,Delhi,Groceries,71,6390,0,Weekday
2023-07-04,Delhi,Furniture,11,37290,1,Weekday
2023-07-04,Delhi,Cosmetics,24,13272,0,Weekday
2023-07-04,Mumbai,Electronics,23,49358,0,Weekday
2023-07-04,Mumbai,Clothing,28,29708,0,Weekday
2023-07-04,Mumbai,Groceries,78,7176,0,Weekday
2023-07-04,Mumbai,Furniture,13,39832,0,Weekday
2023-07-04,Mumbai,Cosmetics,27,12987,0,Weekday
2023-07-04,Bangalore,Electronics,23,53866,0,Weekday
2023-07-04,Bangalore,Clothing,35,17220,0,Weekday
2023-07-04,Bangalore,Groceries,64,12480,0,Weekday
2023-07-04,Bangalore,Furniture,9,32526,0,Weekday
2023-07-04,Bangalore,Cosmetics,25,18650,0,Weekday
2023-07-04,Hyderabad,Electronics,19,36974,0,Weekday
2023-07-04,Hyderabad,Clothing,35,25865,0,Weekday
2023-07-04,Hyderabad,Groceries,54,9180,0,Weekday
2023-07-04,Hyderabad,Furniture,7,31934,0,Weekday
2023-07-04,Hyderabad,Cosmetics,30,23160,0,Weekday
2023-07-05,Kolkata,Electronics,27,39717,1,Weekday
2023-07-05,Kolkata,Clothing,41,29848,0,Weekday
2023-07-05,Kolkata,Groceries,68,13532,1,Weekday
2023-07-05,Kolkata,Furniture,12,59688,0,Weekday
2023-07-05,Kolkata,Cosmetics,20,9380,0,Weekday
2023-07-05,Delhi,Electronics,19,31255,0,Weekday
2023-07-05,Delhi,Clothing,38,36518,1,Weekday
2023-07-05,Delhi,Groceries,67,8844,0,Weekday
2023-07-05,Delhi,Furniture,14,76244,1,Weekday
2023-07-05,Delhi,Cosmetics,26,7462,0,Weekday
2023-07-05,Mumbai,Electronics,17,36363,0,Weekday
2023-07-05,Mumbai,Clothing,45,13995,0,Weekday
2023-07-05,Mumbai,Groceries,70,5180,0,Weekday
2023-07-05,Mumbai,Furniture,11,37037,0,Weekday
2023-07-05,Mumbai,Cosmetics,32,20256,0,Weekday
2023-07-05,Bangalore,Electronics,35,84035,1,Weekday
2023-07-05,Bangalore,Clothing,37,13727,0,Weekday
2023-07-05,Bangalore,Groceries,68,13532,0,Weekday
2023-07-05,Bangalore,Furniture,7,12341,0,Weekday
2023-07-05,Bangalore,Cosmetics,32,16224,1,Weekday
2023-07-05,Hyderabad,Electronics,21,23604,0,Weekday
2023-07-05,Hyderabad,Clothing,45,19260,1,Weekday
2023-07-05,Hyderabad,Groceries,69,9867,0,Weekday
2023-07-05,Hyderabad,Furniture,11,20933,0,Weekday
2023-07-05,Hyderabad,Cosmetics,26,18850,0,Weekday
2023-07-06,Kolkata,Electronics,22,36894,0,Weekday
2023-07-06,Kolkata,Clothing,49,47530,1,Weekday
2023-07-06,Kolkata,Groceries,69,5382,0,Weekday
2023-07-06,Kolkata,Furniture,10,16930,0,Weekday
2023-07-06,Kolkata,Cosmetics,28,12628,0,Weekday
2023-07-06,Delhi,Electronics,20,43660,0,Weekday
2023-07-06,Delhi,Clothing,41,34850,0,Weekday
2023-07-06,Delhi,Groceries,67,9514,0,Weekday
2023-07-06,Delhi,Furniture,12,53004,1,Weekday
2023-07-06,Delhi,Cosmetics,25,10675,0,Weekday
2023-07-06,Mumbai,Electronics,20,47580,0,Weekday
2023-07-06,Mumbai,Clothing,41,41943,1,Weekday
2023-07-06,Mumbai,Groceries,84,15960,0,Weekday
2023-07-06,Mumbai,Furniture,14,41804,1,Weekday
2023-07-06,Mumbai,Cosmetics,32,10624,1,Weekday
2023-07-06,Bangalore,Electronics,25,53775,0,Weekday
2023-07-06,Bangalore,Clothing,38,34086,0,Weekday
2023-07-06,Bangalore,Groceries,88,7832,1,Weekday
2023-07-06,Bangalore,Furniture,7,34167,0,Weekday
2023-07-06,Bangalore,Cosmetics,26,5304,0,Weekday
2023-07-06,Hyderabad,Electronics,17,16915,0,Weekday
2023-07-06,Hyderabad,Clothing,43,39001,1,Weekday
2023-07-06,Hyderabad,Groceries,82,9020,1,Weekday
2023-07-06,Hyderabad,Furniture,11,32043,1,Weekday
2023-07-06,Hyderabad,Cosmetics,24,15912,0,Weekday
2023-07-07,Kolkata,Electronics,19,38627,1,Weekday
2023-07-07,Kolkata,Clothing,45,47115,1,Weekday
2023-07-07,Kolkata,Groceries,73,7227,0,Weekday
2023-07-07,Kolkata,Furniture,11,60093,0,Weekday
2023-07-07,Kolkata,Cosmetics,26,5044,0,Weekday
2023-07-07,Delhi,Electronics,20,43100,0,Weekday
2023-07-07,Delhi,Clothing,46,39330,0,Weekday
2023-07-07,Delhi,Groceries,69,10971,0,Weekday
2023-07-07,Delhi,Furniture,9,22932,0,Weekday
2023-07-07,Delhi,Cosmetics,24,12864,0,Weekday
2023-07-07,Mumbai,Electronics,27,29916,0,Weekday
2023-07-07,Mumbai,Clothing,42,36582,0,Weekday
2023-07-07,Mumbai,Groceries,58,5568,0,Weekday
2023-07-07,Mumbai,Furniture,8,44400,0,Weekday
2023-07-07,Mumbai,Cosmetics,31,8897,0,Weekday
2023-07-07,Bangalore,Electronics,17,34578,0,Weekday
2023-07-07,Bangalore,Clothing,43,15781,0,Weekday
2023-07-07,Bangalore,Groceries,84,11592,0,Weekday
2023-07-07,Bangalore,Furniture,10,51480,0,Weekday
2023-07-07,Bangalore,Cosmetics,19,5301,0,Weekday
2023-07-07,Hyderabad,Electronics,17,20553,0,Weekday
2023-07-07,Hyderabad,Clothing,39,42003,0,Weekday
2023-07-07,Hyderabad,Groceries,70,6790,0,Weekday
2023-07-07,Hyderabad,Furniture,9,31905,0,Weekday
2023-07-07,Hyderabad,Cosmetics,25,16225,0,Weekday
2023-07-08,Kolkata,Electronics,18,39276,0,Weekend
2023-07-08,Kolkata,Clothing,34,27608,1,Weekend
2023-07-08,Kolkata,Groceries,48,5520,0,Weekend
2023-07-08,Kolkata,Furniture,11,53537,1,Weekend
2023-07-08,Kolkata,Cosmetics,24,4056,0,Weekend
2023-07-08,Delhi,Electronics,24,54720,0,Weekend
2023-07-08,Delhi,Clothing,42,32550,0,Weekend
2023-07-08,Delhi,Groceries,54,10530,0,Weekend
2023-07-08,Delhi,Furniture,13,46878,0,Weekend
2023-07-08,Delhi,Cosmetics,37,5624,1,Weekend
2023-07-08,Mumbai,Electronics,23,26335,0,Weekend
2023-07-08,Mumbai,Clothing,27,25164,0,Weekend
2023-07-08,Mumbai,Groceries,65,12870,0,Weekend
2023-07-08,Mumbai,Furniture,10,37330,0,Weekend
2023-07-08,Mumbai,Cosmetics,33,12573,0,Weekend
2023-07-08,Bangalore,Electronics,27,39906,0,Weekend
2023-07-08,Bangalore,Clothing,28,18928,0,Weekend
2023-07-08,Bangalore,Groceries,76,4484,0,Weekend
2023-07-08,Bangalore,Furniture,13,62660,1,Weekend
2023-07-08,Bangalore,Cosmetics,26,13156,1,Weekend
2023-07-08,Hyderabad,Electronics,27,50166,1,Weekend
2023-07-08,Hyderabad,Clothing,29,25056,0,Weekend
2023-07-08,Hyderabad,Groceries,77,12628,1,Weekend
2023-07-08,Hyderabad,Furniture,9,48105,0,Weekend
2023-07-08,Hyderabad,Cosmetics,28,20748,0,Weekend
2023-07-09,Kolkata,Electronics,19,35321,0,Weekend
2023-07-09,Kolkata,Clothing,41,40836,0,Weekend
2023-07-09,Kolkata,Groceries,61,8662,0,Weekend
2023-07-09,Kolkata,Furniture,13,74360,0,Weekend
2023-07-09,Kolkata,Cosmetics,26,12064,1,Weekend
2023-07-09,Delhi,Electronics,27,24867,0,Weekend
2023-07-09,Delhi,Clothing,55,28600,1,Weekend
2023-07-09,Delhi,Groceries,75,14850,1,Weekend
2023-07-09,Delhi,Furniture,11,57101,0,Weekend
2023-07-09,Delhi,Cosmetics,36,10512,1,Weekend
2023-07-09,Mumbai,Electronics,17,14501,1,Weekend
2023-07-09,Mumbai,Clothing,38,44802,0,Weekend
2023-07-09,Mumbai,Groceries,59,10384,0,Weekend
2023-07-09,Mumbai,Furniture,9,35730,0,Weekend
2023-07-09,Mumbai,Cosmetics,30,21870,0,Weekend
2023-07-09,Bangalore,Electronics,11,13596,0,Weekend
2023-07-09,Bangalore,Clothing,45,47700,0,Weekend
2023-07-09,Bangalore,Groceries,68,11356,0,Weekend
2023-07-09,Bangalore,Furniture,11,33286,0,Weekend
2023-07-09,Bangalore,Cosmetics,26,20748,0,Weekend
2023-07-09,Hyderabad,Electronics,24,23592,0,Weekend
2023-07-09,Hyderabad,Clothing,52,27664,1,Weekend
2023-07-09,Hyderabad,Groceries,74,3774,0,Weekend
2023-07-09,Hyderabad,Furniture,12,47448,1,Weekend
2023-07-09,Hyderabad,Cosmetics,23,7636,0,Weekend
2023-07-10,Kolkata,Electronics,16,25184,0,Weekday
2023-07-10,Kolkata,Clothing,46,50922,0,Weekday
2023-07-10,Kolkata,Groceries,83,10209,0,Weekday
2023-07-10,Kolkata,Furniture,8,34648,0,Weekday
2023-07-10,Kolkata,Cosmetics,24,10008,0,Weekday
2023-07-10,Delhi,Electronics,26,53040,0,Weekday
2023-07-10,Delhi,Clothing,28,13804,0,Weekday
2023-07-10,Delhi,Groceries,50,4550,0,Weekday
2023-07-10,Delhi,Furniture,11,62480,0,Weekday
2023-07-10,Delhi,Cosmetics,29,6438,0,Weekday
2023-07-10,Mumbai,Electronics,23,33925,1,Weekday
2023-07-10,Mumbai,Clothing,33,14124,0,Weekday
2023-07-10,Mumbai,Groceries,73,10585,1,Weekday
2023-07-10,Mumbai,Furniture,13,45201,0,Weekday
2023-07-10,Mumbai,Cosmetics,21,4431,0,Weekday
2023-07-10,Bangalore,Electronics,19,25650,0,Weekday
2023-07-10,Bangalore,Clothing,46,22172,1,Weekday
2023-07-10,Bangalore,Groceries,71,11147,0,Weekday
2023-07-10,Bangalore,Furniture,8,37008,0,Weekday
2023-07-10,Bangalore,Cosmetics,27,11070,0,Weekday
2023-07-10,Hyderabad,Electronics,27,65745,1,Weekday
2023-07-10,Hyderabad,Clothing,40,32640,0,Weekday
2023-07-10,Hyderabad,Groceries,73,5256,1,Weekday
2023-07-10,Hyderabad,Furniture,11,49709,0,Weekday
2023-07-10,Hyderabad,Cosmetics,35,11305,1,Weekday
2023-07-11,Kolkata,Electronics,23,42872,1,Weekday
2023-07-11,Kolkata,Clothing,37,21349,0,Weekday
2023-07-11,Kolkata,Groceries,56,5152,0,Weekday
2023-07-11,Kolkata,Furniture,10,57700,1,Weekday
2023-07-11,Kolkata,Cosmetics,33,20427,1,Weekday
2023-07-11,Delhi,Electronics,19,43453,0,Weekday
2023-07-11,Delhi,Clothing,43,24381,0,Weekday
2023-07-11,Delhi,Groceries,93,9300,1,Weekday
2023-07-11,Delhi,Furniture,10,15840,0,Weekday
2023-07-11,Delhi,Cosmetics,29,8729,0,Weekday
2023-07-11,Mumbai,Electronics,25,54775,0,Weekday
2023-07-11,Mumbai,Clothing,45,31455,0,Weekday
2023-07-11,Mumbai,Groceries,100,13200,1,Weekday
2023-07-11,Mumbai,Furniture,7,34356,0,Weekday
2023-07-11,Mumbai,Cosmetics,29,21083,0,Weekday
2023-07-11,Bangalore,Electronics,26,53274,0,Weekday
2023-07-11,Bangalore,Clothing,37,12099,1,Weekday
2023-07-11,Bangalore,Groceries,77,6853,0,Weekday
2023-07-11,Bangalore,Furniture,9,32346,0,Weekday
2023-07-11,Bangalore,Cosmetics,23,8924,0,Weekday
2023-07-11,Hyderabad,Electronics,21,44583,0,Weekday
2023-07-11,Hyderabad,Clothing,37,40219,0,Weekday
2023-07-11,Hyderabad,Groceries,63,5355,1,Weekday
2023-07-11,Hyderabad,Furniture,11,60621,0,Weekday
2023-07-11,Hyderabad,Cosmetics,31,22537,1,Weekday
2023-07-12,Kolkata,Electronics,23,42619,0,Weekday
2023-07-12,Kolkata,Clothing,44,24200,1,Weekday
2023-07-12,Kolkata,Groceries,58,7424,0,Weekday
2023-07-12,Kolkata,Furniture,10,41010,0,Weekday
2023-07-12,Kolkata,Cosmetics,34,24548,0,Weekday
2023-07-12,Delhi,Electronics,22,30360,0,Weekday
2023-07-12,Delhi,Clothing,37,24383,1,Weekday
2023-07-12,Delhi,Groceries,60,10620,0,Weekday
2023-07-12,Delhi,Furniture,13,40807,0,Weekday
2023-07-12,Delhi,Cosmetics,33,9834,0,Weekday
2023-07-12,Mumbai,Electronics,23,49703,0,Weekday
2023-07-12,Mumbai,Clothing,31,14663,0,Weekday
2023-07-12,Mumbai,Groceries,75,4125,1,Weekday
2023-07-12,Mumbai,Furniture,11,53449,1,Weekday
2023-07-12,Mumbai,Cosmetics,18,13050,0,Weekday
2023-07-12,Bangalore,Electronics,19,20672,0,Weekday
2023-07-12,Bangalore,Clothing,37,21275,0,Weekday
2023-07-12,Bangalore,Groceries,68,5304,0,Weekday
2023-07-12,Bangalore,Furniture,10,18060,1,Weekday
2023-07-12,Bangalore,Cosmetics,25,7950,0,Weekday
2023-07-12,Hyderabad,Electronics,30,40950,1,Weekday
2023-07-12,Hyderabad,Clothing,33,28314,0,Weekday
2023-07-12,Hyderabad,Groceries,103,15965,1,Weekday
2023-07-12,Hyderabad,Furniture,12,22188,0,Weekday
2023-07-12,Hyderabad,Cosmetics,23,9453,0,Weekday
2023-07-13,Kolkata,Electronics,18,21060,0,Weekday
2023-07-13,Kolkata,Clothing,39,37401,0,Weekday
2023-07-13,Kolkata,Groceries,91,9282,0,Weekday
2023-07-13,Kolkata,Furniture,10,29680,0,Weekday
2023-07-13,Kolkata,Cosmetics,24,7536,0,Weekday
2023-07-13,Delhi,Electronics,22,52536,0,Weekday
2023-07-13,Delhi,Clothing,38,40242,0,Weekday
2023-07-13,Delhi,Groceries,65,9230,0,Weekday
2023-07-13,Delhi,Furniture,12,58524,1,Weekday
2023-07-13,Delhi,Cosmetics,30,11250,0,Weekday
2023-07-13,Mumbai,Electronics,24,22272,0,Weekday
2023-07-13,Mumbai,Clothing,34,16354,0,Weekday
2023-07-13,Mumbai,Groceries,93,8928,0,Weekday
2023-07-13,Mumbai,Furniture,13,23348,0,Weekday
2023-07-13,Mumbai,Cosmetics,36,14760,0,Weekday
2023-07-13,Bangalore,Electronics,21,45339,0,Weekday
2023-07-13,Bangalore,Clothing,46,51980,0,Weekday
2023-07-13,Bangalore,Groceries,78,11778,0,Weekday
2023-07-13,Bangalore,Furniture,13,24804,0,Weekday
2023-07-13,Bangalore,Cosmetics,26,10790,0,Weekday
2023-07-13,Hyderabad,Electronics,16,31888,0,Weekday
2023-07-13,Hyderabad,Clothing,36,38160,0,Weekday
2023-07-13,Hyderabad,Groceries,75,9300,0,Weekday
2023-07-13,Hyderabad,Furniture,12,29256,0,Weekday
2023-07-13,Hyderabad,Cosmetics,19,12901,0,Weekday
2023-07-14,Kolkata,Electronics,21,46872,0,Weekday
2023-07-14,Kolkata,Clothing,39,40521,1,Weekday
2023-07-14,Kolkata,Groceries,52,4056,0,Weekday
2023-07-14,Kolkata,Furniture,11,44638,0,Weekday
2023-07-14,Kolkata,Cosmetics,29,11310,0,Weekday
2023-07-14,Delhi,Electronics,17,14501,0,Weekday
2023-07-14,Delhi,Clothing,50,30400,0,Weekday
2023-07-14,Delhi,Groceries,76,10336,0,Weekday
2023-07-14,Delhi,Furniture,11,36366,0,Weekday
2023-07-14,Delhi,Cosmetics,26,20644,0,Weekday
2023-07-14,Mumbai,Electronics,18,22860,0,Weekday
2023-07-14,Mumbai,Clothing,34,29954,0,Weekday
2023-07-14,Mumbai,Groceries,66,4422,0,Weekday
2023-07-14,Mumbai,Furniture,12,39600,0,Weekday
2023-07-14,Mumbai,Cosmetics,28,10584,1,Weekday
2023-07-14,Bangalore,Electronics,21,23478,0,Weekday
2023-07-14,Bangalore,Clothing,37,36149,1,Weekday
2023-07-14,Bangalore,Groceries,77,6391,0,Weekday
2023-07-14,Bangalore,Furniture,8,19352,0,Weekday
2023-07-14,Bangalore,Cosmetics,29,20358,1,Weekday
2023-07-14,Hyderabad,Electronics,33,77055,1,Weekday
2023-07-14,Hyderabad,Clothing,40,22880,0,Weekday
2023-07-14,Hyderabad,Groceries,72,4968,0,Weekday
2023-07-14,Hyderabad,Furniture,10,18090,0,Weekday
2023-07-14,Hyderabad,Cosmetics,37,15614,0,Weekday
2023-07-15,Kolkata,Electronics,16,22080,0,Weekend
2023-07-15,Kolkata,Clothing,37,26751,0,Weekend
2023-07-15,Kolkata,Groceries,77,9702,1,Weekend
2023-07-15,Kolkata,Furniture,13,74360,1,Weekend
2023-07-15,Kolkata,Cosmetics,25,17125,0,Weekend
2023-07-15,Delhi,Electronics,19,28481,0,Weekend
2023-07-15,Delhi,Clothing,36,33876,0,Weekend
2023-07-15,Delhi,Groceries,60,8040,0,Weekend
2023-07-15,Delhi,Furniture,9,31428,0,Weekend
2023-07-15,Delhi,Cosmetics,29,9454,0,Weekend
2023-07-15,Mumbai,Electronics,15,15930,0,Weekend
2023-07-15,Mumbai,Clothing,34,40596,0,Weekend
2023-07-15,Mumbai,Groceries,69,9315,1,Weekend
2023-07-15,Mumbai,Furniture,9,29988,0,Weekend
2023-07-15,Mumbai,Cosmetics,39,12558,1,Weekend
2023-07-15,Bangalore,Electronics,22,33264,1,Weekend
2023-07-15,Bangalore,Clothing,50,42350,1,Weekend
2023-07-15,Bangalore,Groceries,58,7076,0,Weekend
2023-07-15,Bangalore,Furniture,12,51276,0,Weekend
2023-07-15,Bangalore,Cosmetics,31,23095,1,Weekend
2023-07-15,Hyderabad,Electronics,24,55416,1,Weekend
2023-07-15,Hyderabad,Clothing,33,18777,0,Weekend
2023-07-15,Hyderabad,Groceries,68,4488,0,Weekend
2023-07-15,Hyderabad,Furniture,11,18744,1,Weekend
2023-07-15,Hyderabad,Cosmetics,34,25976,1,Weekend
2023-07-16,Kolkata,Electronics,29,32190,0,Weekend
2023-07-16,Kolkata,Clothing,44,44396,1,Weekend
2023-07-16,Kolkata,Groceries,61,7564,1,Weekend
2023-07-16,Kolkata,Furniture,8,15592,0,Weekend
2023-07-16,Kolkata,Cosmetics,28,18284,0,Weekend
2023-07-16,Delhi,Electronics,22,38610,1,Weekend
2023-07-16,Delhi,Clothing,39,17121,0,Weekend
2023-07-16,Delhi,Groceries,61,10492,0,Weekend
2023-07-16,Delhi,Furniture,10,31560,0,Weekend
2023-07-16,Delhi,Cosmetics,27,16173,0,Weekend
2023-07-16,Mumbai,Electronics,30,36330,1,Weekend
2023-07-16,Mumbai,Clothing,44,31504,0,Weekend
2023-07-16,Mumbai,Groceries,75,7875,0,Weekend
2023-07-16,Mumbai,Furniture,11,22374,1,Weekend
2023-07-16,Mumbai,Cosmetics,30,6330,0,Weekend
2023-07-16,Bangalore,Electronics,21,23835,0,Weekend
2023-07-16,Bangalore,Clothing,39,42861,1,Weekend
2023-07-16,Bangalore,Groceries,51,4386,0,Weekend
2023-07-16,Bangalore,Furniture,12,37008,1,Weekend
2023-07-16,Bangalore,Cosmetics,28,9744,1,Weekend
2023-07-16,Hyderabad,Electronics,22,26356,1,Weekend
2023-07-16,Hyderabad,Clothing,43,29842,1,Weekend
2023-07-16,Hyderabad,Groceries,84,14952,0,Weekend
2023-07-16,Hyderabad,Furniture,8,31280,0,Weekend
2023-07-16,Hyderabad,Cosmetics,24,18216,0,Weekend
2023-07-17,Kolkata,Electronics,23,39629,0,Weekday
2023-07-17,Kolkata,Clothing,53,36305,1,Weekday
2023-07-17,Kolkata,Groceries,65,6370,0,Weekday
2023-07-17,Kolkata,Furniture,12,20352,1,Weekday
2023-07-17,Kolkata,Cosmetics,20,4480,0,Weekday
2023-07-17,Delhi,Electronics,23,20907,0,Weekday
2023-07-17,Delhi,Clothing,42,25452,0,Weekday
2023-07-17,Delhi,Groceries,78,9516,0,Weekday
2023-07-17,Delhi,Furniture,13,30680,1,Weekday
2023-07-17,Delhi,Cosmetics,32,22368,0,Weekday
2023-07-17,Mumbai,Electronics,20,34160,1,Weekday
2023-07-17,Mumbai,Clothing,38,16644,0,Weekday
2023-07-17,Mumbai,Groceries,71,6816,0,Weekday
2023-07-17,Mumbai,Furniture,9,24750,0,Weekday
2023-07-17,Mumbai,Cosmetics,22,7656,0,Weekday
2023-07-17,Bangalore,Electronics,28,48020,1,Weekday
2023-07-17,Bangalore,Clothing,44,38984,0,Weekday
2023-07-17,Bangalore,Groceries,75,8700,0,Weekday
2023-07-17,Bangalore,Furniture,10,51790,1,Weekday
2023-07-17,Bangalore,Cosmetics,27,4509,0,Weekday
2023-07-17,Hyderabad,Electronics,19,29545,0,Weekday
2023-07-17,Hyderabad,Clothing,50,26600,1,Weekday
2023-07-17,Hyderabad,Groceries,61,6527,0,Weekday
2023-07-17,Hyderabad,Furniture,12,34368,1,Weekday
2023-07-17,Hyderabad,Cosmetics,34,19312,0,Weekday
2023-07-18,Kolkata,Electronics,23,29325,0,Weekday
2023-07-18,Kolkata,Clothing,32,24832,1,Weekday
2023-07-18,Kolkata,Groceries,63,7812,0,Weekday
2023-07-18,Kolkata,Furniture,12,62136,0,Weekday
2023-07-18,Kolkata,Cosmetics,29,13601,1,Weekday
2023-07-18,Delhi,Electronics,24,23520,0,Weekday
2023-07-18,Delhi,Clothing,43,27950,1,Weekday
2023-07-18,Delhi,Groceries,80,12960,0,Weekday
2023-07-18,Delhi,Furniture,10,27270,0,Weekday
2023-07-18,Delhi,Cosmetics,30,23880,1,Weekday
2023-07-18,Mumbai,Electronics,27,63018,1,Weekday
2023-07-18,Mumbai,Clothing,39,34320,0,Weekday
2023-07-18,Mumbai,Groceries,70,8960,0,Weekday
2023-07-18,Mumbai,Furniture,10,43940,1,Weekday
2023-07-18,Mumbai,Cosmetics,32,19904,0,Weekday
2023-07-18,Bangalore,Electronics,25,24825,0,Weekday
2023-07-18,Bangalore,Clothing,38,14934,0,Weekday
2023-07-18,Bangalore,Groceries,78,12636,0,Weekday
2023-07-18,Bangalore,Furniture,12,56748,0,Weekday
2023-07-18,Bangalore,Cosmetics,31,18538,0,Weekday
2023-07-18,Hyderabad,Electronics,27,46305,1,Weekday
2023-07-18,Hyderabad,Clothing,42,21084,0,Weekday
2023-07-18,Hyderabad,Groceries,58,10730,0,Weekday
2023-07-18,Hyderabad,Furniture,11,27995,0,Weekday
2023-07-18,Hyderabad,Cosmetics,26,17888,1,Weekday
2023-07-19,Kolkata,Electronics,20,45320,0,Weekday
2023-07-19,Kolkata,Clothing,49,15876,0,Weekday
2023-07-19,Kolkata,Groceries,61,5368,0,Weekday
2023-07-19,Kolkata,Furniture,10,45720,0,Weekday
2023-07-19,Kolkata,Cosmetics,20,9560,1,Weekday
2023-07-19,Delhi,Electronics,25,49225,1,Weekday
2023-07-19,Delhi,Clothing,32,23328,0,Weekday
2023-07-19,Delhi,Groceries,87,7917,1,Weekday
2023-07-19,Delhi,Furniture,9,29484,0,Weekday
2023-07-19,Delhi,Cosmetics,32,21760,0,Weekday
2023-07-19,Mumbai,Electronics,22,31240,0,Weekday
2023-07-19,Mumbai,Clothing,30,14760,0,Weekday
2023-07-19,Mumbai,Groceries,59,9145,0,Weekday
2023-07-19,Mumbai,Furniture,10,47340,0,Weekday
2023-07-19,Mumbai,Cosmetics,31,5983,1,Weekday
2023-07-19,Bangalore,Electronics,20,31160,0,Weekday
2023-07-19,Bangalore,Clothing,37,36223,0,Weekday
2023-07-19,Bangalore,Groceries,64,5312,0,Weekday
2023-07-19,Bangalore,Furniture,10,18320,0,Weekday
2023-07-19,Bangalore,Cosmetics,31,16709,1,Weekday
2023-07-19,Hyderabad,Electronics,21,36204,0,Weekday
2023-07-19,Hyderabad,Clothing,39,36270,1,Weekday
2023-07-19,Hyderabad,Groceries,89,6675,1,Weekday
2023-07-19,Hyderabad,Furniture,10,50600,0,Weekday
2023-07-19,Hyderabad,Cosmetics,36,25056,1,Weekday
2023-07-20,Kolkata,Electronics,21,38577,0,Weekday
2023-07-20,Kolkata,Clothing,38,28158,1,Weekday
2023-07-20,Kolkata,Groceries,53,5565,0,Weekday
2023-07-20,Kolkata,Furniture,11,44209,1,Weekday
2023-07-20,Kolkata,Cosmetics,19,10317,0,Weekday
2023-07-20,Delhi,Electronics,23,30176,0,Weekday
2023-07-20,Delhi,Clothing,50,51300,0,Weekday
2023-07-20,Delhi,Groceries,77,9471,1,Weekday
2023-07-20,Delhi,Furniture,11,18656,0,Weekday
2023-07-20,Delhi,Cosmetics,28,6048,0,Weekday
2023-07-20,Mumbai,Electronics,28,33740,1,Weekday
2023-07-20,Mumbai,Clothing,44,22616,0,Weekday
2023-07-20,Mumbai,Groceries,76,5396,0,Weekday
2023-07-20,Mumbai,Furniture,9,45909,0,Weekday
2023-07-20,Mumbai,Cosmetics,26,9048,0,Weekday
2023-07-20,Bangalore,Electronics,23,49174,0,Weekday
2023-07-20,Bangalore,Clothing,38,12540,0,Weekday
2023-07-20,Bangalore,Groceries,57,4560,0,Weekday
2023-07-20,Bangalore,Furniture,12,69132,0,Weekday
2023-07-20,Bangalore,Cosmetics,33,19998,1,Weekday
2023-07-20,Hyderabad,Electronics,26,44096,0,Weekday
2023-07-20,Hyderabad,Clothing,43,30702,0,Weekday
2023-07-20,Hyderabad,Groceries,67,8174,0,Weekday
2023-07-20,Hyderabad,Furniture,10,53930,0,Weekday
2023-07-20,Hyderabad,Cosmetics,27,11205,0,Weekday
2023-07-21,Kolkata,Electronics,21,34461,0,Weekday
2023-07-21,Kolkata,Clothing,52,47424,1,Weekday
2023-07-21,Kolkata,Groceries,62,8618,0,Weekday
2023-07-21,Kolkata,Furniture,11,17259,0,Weekday
2023-07-21,Kolkata,Cosmetics,26,16354,0,Weekday
2023-07-21,Delhi,Electronics,20,26200,0,Weekday
2023-07-21,Delhi,Clothing,34,36482,0,Weekday
2023-07-21,Delhi,Groceries,59,11387,0,Weekday
2023-07-21,Delhi,Furniture,8,24704,0,Weekday
2023-07-21,Delhi,Cosmetics,40,16120,1,Weekday
2023-07-21,Mumbai,Electronics,26,34268,1,Weekday
2023-07-21,Mumbai,Clothing,36,23364,0,Weekday
2023-07-21,Mumbai,Groceries,41,4387,0,Weekday
2023-07-21,Mumbai,Furniture,10,39230,0,Weekday
2023-07-21,Mumbai,Cosmetics,24,7488,1,Weekday
2023-07-21,Bangalore,Electronics,20,16400,0,Weekday
2023-07-21,Bangalore,Clothing,47,31819,1,Weekday
2023-07-21,Bangalore,Groceries,88,15048,1,Weekday
2023-07-21,Bangalore,Furniture,12,66360,1,Weekday
2023-07-21,Bangalore,Cosmetics,25,8675,0,Weekday
2023-07-21,Hyderabad,Electronics,23,46069,0,Weekday
2023-07-21,Hyderabad,Clothing,42,48846,0,Weekday
2023-07-21,Hyderabad,Groceries,76,8740,1,Weekday
2023-07-21,Hyderabad,Furniture,8,19336,0,Weekday
2023-07-21,Hyderabad,Cosmetics,38,30134,1,Weekday
2023-07-22,Kolkata,Electronics,22,23364,1,Weekend
2023-07-22,Kolkata,Clothing,37,38924,0,Weekend
2023-07-22,Kolkata,Groceries,96,10080,1,Weekend
2023-07-22,Kolkata,Furniture,12,22200,1,Weekend
2023-07-22,Kolkata,Cosmetics,34,22202,1,Weekend
2023-07-22,Delhi,Electronics,18,18522,0,Weekend
2023-07-22,Delhi,Clothing,37,43364,0,Weekend
2023-07-22,Delhi,Groceries,66,4356,0,Weekend
2023-07-22,Delhi,Furniture,9,34677,1,Weekend
2023-07-22,Delhi,Cosmetics,27,20790,0,Weekend
2023-07-22,Mumbai,Electronics,28,32648,0,Weekend
2023-07-22,Mumbai,Clothing,46,50140,1,Weekend
2023-07-22,Mumbai,Groceries,57,6954,0,Weekend
2023-07-22,Mumbai,Furniture,14,42126,0,Weekend
2023-07-22,Mumbai,Cosmetics,25,16725,0,Weekend
2023-07-22,Bangalore,Electronics,15,13725,0,Weekend
2023-07-22,Bangalore,Clothing,35,11760,0,Weekend
2023-07-22,Bangalore,Groceries,84,12516,1,Weekend
2023-07-22,Bangalore,Furniture,11,52756,1,Weekend
2023-07-22,Bangalore,Cosmetics,31,24025,1,Weekend
2023-07-22,Hyderabad,Electronics,19,42389,1,Weekend
2023-07-22,Hyderabad,Clothing,30,13800,0,Weekend
2023-07-22,Hyderabad,Groceries,70,9590,1,Weekend
2023-07-22,Hyderabad,Furniture,9,51579,1,Weekend
2023-07-22,Hyderabad,Cosmetics,31,18786,1,Weekend
2023-07-23,Kolkata,Electronics,23,36846,0,Weekend
2023-07-23,Kolkata,Clothing,32,29216,0,Weekend
2023-07-23,Kolkata,Groceries,58,8294,1,Weekend
2023-07-23,Kolkata,Furniture,10,20580,1,Weekend
2023-07-23,Kolkata,Cosmetics,27,9585,0,Weekend
2023-07-23,Delhi,Electronics,26,54938,1,Weekend
2023-07-23,Delhi,Clothing,46,33810,1,Weekend
2023-07-23,Delhi,Groceries,63,10395,0,Weekend
2023-07-23,Delhi,Furniture,12,48924,1,Weekend
2023-07-23,Delhi,Cosmetics,36,25776,1,Weekend
2023-07-23,Mumbai,Electronics,26,60944,1,Weekend
2023-07-23,Mumbai,Clothing,34,24514,0,Weekend
2023-07-23,Mumbai,Groceries,58,10324,0,Weekend
2023-07-23,Mumbai,Furniture,11,53130,0,Weekend
2023-07-23,Mumbai,Cosmetics,27,16686,0,Weekend
2023-07-23,Bangalore,Electronics,27,59616,1,Weekend
2023-07-23,Bangalore,Clothing,50,23800,1,Weekend
2023-07-23,Bangalore,Groceries,67,12663,1,Weekend
2023-07-23,Bangalore,Furniture,11,61699,1,Weekend
2023-07-23,Bangalore,Cosmetics,37,19240,1,Weekend
2023-07-23,Hyderabad,Electronics,19,23256,0,Weekend
2023-07-23,Hyderabad,Clothing,36,29736,1,Weekend
2023-07-23,Hyderabad,Groceries,78,6864,1,Weekend
2023-07-23,Hyderabad,Furniture,12,64560,0,Weekend
2023-07-23,Hyderabad,Cosmetics,40,15040,1,Weekend
2023-07-24,Kolkata,Electronics,22,36388,0,Weekday
2023-07-24,Kolkata,Clothing,46,27370,1,Weekday
2023-07-24,Kolkata,Groceries,71,9443,1,Weekday
2023-07-24,Kolkata,Furniture,11,60775,1,Weekday
2023-07-24,Kolkata,Cosmetics,23,8671,0,Weekday
2023-07-24,Delhi,Electronics,22,35794,1,Weekday
2023-07-24,Delhi,Clothing,48,37248,0,Weekday
2023-07-24,Delhi,Groceries,74,4514,0,Weekday
2023-07-24,Delhi,Furniture,7,32627,0,Weekday
2023-07-24,Delhi,Cosmetics,31,21235,1,Weekday
2023-07-24,Mumbai,Electronics,31,58683,0,Weekday
2023-07-24,Mumbai,Clothing,38,24586,1,Weekday
2023-07-24,Mumbai,Groceries,69,12075,0,Weekday
2023-07-24,Mumbai,Furniture,10,15540,0,Weekday
2023-07-24,Mumbai,Cosmetics,25,9475,0,Weekday
2023-07-24,Bangalore,Electronics,22,41118,0,Weekday
2023-07-24,Bangalore,Clothing,40,41640,1,Weekday
2023-07-24,Bangalore,Groceries,81,15552,1,Weekday
2023-07-24,Bangalore,Furniture,13,57278,0,Weekday
2023-07-24,Bangalore,Cosmetics,27,7398,0,Weekday
2023-07-24,Hyderabad,Electronics,35,59885,1,Weekday
2023-07-24,Hyderabad,Clothing,37,11988,0,Weekday
2023-07-24,Hyderabad,Groceries,76,3876,0,Weekday
2023-07-24,Hyderabad,Furniture,11,38434,0,Weekday
2023-07-24,Hyderabad,Cosmetics,28,4424,0,Weekday
2023-07-25,Kolkata,Electronics,17,34442,0,Weekday
2023-07-25,Kolkata,Clothing,44,28116,0,Weekday
2023-07-25,Kolkata,Groceries,91,16471,1,Weekday
2023-07-25,Kolkata,Furniture,15,80670,1,Weekday
2023-07-25,Kolkata,Cosmetics,32,13024,0,Weekday
2023-07-25,Delhi,Electronics,23,56925,0,Weekday
2023-07-25,Delhi,Clothing,30,18600,0,Weekday
2023-07-25,Delhi,Groceries,53,7632,0,Weekday
2023-07-25,Delhi,Furniture,10,23300,0,Weekday
2023-07-25,Delhi,Cosmetics,29,20416,0,Weekday
2023-07-25,Mumbai,Electronics,22,28930,1,Weekday
2023-07-25,Mumbai,Clothing,39,18174,0,Weekday
2023-07-25,Mumbai,Groceries,69,10557,1,Weekday
2023-07-25,Mumbai,Furniture,10,31330,0,Weekday
2023-07-25,Mumbai,Cosmetics,33,23529,1,Weekday
2023-07-25,Bangalore,Electronics,30,58470,0,Weekday
2023-07-25,Bangalore,Clothing,43,19135,0,Weekday
2023-07-25,Bangalore,Groceries,71,12354,0,Weekday
2023-07-25,Bangalore,Furniture,12,37620,0,Weekday
2023-07-25,Bangalore,Cosmetics,22,14498,0,Weekday
2023-07-25,Hyderabad,Electronics,25,29125,0,Weekday
2023-07-25,Hyderabad,Clothing,32,28992,0,Weekday
2023-07-25,Hyderabad,Groceries,57,6441,1,Weekday
2023-07-25,Hyderabad,Furniture,11,46684,0,Weekday
2023-07-25,Hyderabad,Cosmetics,37,6586,1,Weekday
2023-07-26,Kolkata,Electronics,22,25322,0,Weekday
2023-07-26,Kolkata,Clothing,35,34335,0,Weekday
2023-07-26,Kolkata,Groceries,71,7242,0,Weekday
2023-07-26,Kolkata,Furniture,13,51038,1,Weekday
2023-07-26,Kolkata,Cosmetics,26,5330,0,Weekday
2023-07-26,Delhi,Electronics,27,54918,1,Weekday
2023-07-26,Delhi,Clothing,32,10592,0,Weekday
2023-07-26,Delhi,Groceries,73,14235,0,Weekday
2023-07-26,Delhi,Furniture,12,39432,0,Weekday
2023-07-26,Delhi,Cosmetics,27,5157,0,Weekday
2023-07-26,Mumbai,Electronics,20,49080,0,Weekday
2023-07-26,Mumbai,Clothing,40,29360,0,Weekday
2023-07-26,Mumbai,Groceries,61,5124,0,Weekday
2023-07-26,Mumbai,Furniture,14,74704,0,Weekday
2023-07-26,Mumbai,Cosmetics,19,9918,0,Weekday
2023-07-26,Bangalore,Electronics,24,41640,0,Weekday
2023-07-26,Bangalore,Clothing,31,15407,1,Weekday
2023-07-26,Bangalore,Groceries,81,12879,1,Weekday
2023-07-26,Bangalore,Furniture,11,63844,1,Weekday
2023-07-26,Bangalore,Cosmetics,32,12832,0,Weekday
2023-07-26,Hyderabad,Electronics,18,16704,0,Weekday
2023-07-26,Hyderabad,Clothing,37,15688,0,Weekday
2023-07-26,Hyderabad,Groceries,68,5236,0,Weekday
2023-07-26,Hyderabad,Furniture,13,71071,0,Weekday
2023-07-26,Hyderabad,Cosmetics,30,16110,0,Weekday
2023-07-27,Kolkata,Electronics,24,51648,0,Weekday
2023-07-27,Kolkata,Clothing,44,31636,1,Weekday
2023-07-27,Kolkata,Groceries,63,7749,0,Weekday
2023-07-27,Kolkata,Furniture,10,55950,0,Weekday
2023-07-27,Kolkata,Cosmetics,25,10600,0,Weekday
2023-07-27,Delhi,Electronics,25,46750,0,Weekday
2023-07-27,Delhi,Clothing,42,22134,0,Weekday
2023-07-27,Delhi,Groceries,68,7684,0,Weekday
2023-07-27,Delhi,Furniture,12,42324,0,Weekday
2023-07-27,Delhi,Cosmetics,32,19968,0,Weekday
2023-07-27,Mumbai,Electronics,25,55375,0,Weekday
2023-07-27,Mumbai,Clothing,42,43428,0,Weekday
2023-07-27,Mumbai,Groceries,72,11448,0,Weekday
2023-07-27,Mumbai,Furniture,11,38577,0,Weekday
2023-07-27,Mumbai,Cosmetics,26,20618,0,Weekday
2023-07-27,Bangalore,Electronics,25,36725,0,Weekday
2023-07-27,Bangalore,Clothing,52,59956,0,Weekday
2023-07-27,Bangalore,Groceries,79,10744,0,Weekday
2023-07-27,Bangalore,Furniture,12,57840,0,Weekday
2023-07-27,Bangalore,Cosmetics,24,8304,0,Weekday
2023-07-27,Hyderabad,Electronics,23,54119,0,Weekday
2023-07-27,Hyderabad,Clothing,51,44370,1,Weekday
2023-07-27,Hyderabad,Groceries,54,10314,0,Weekday
2023-07-27,Hyderabad,Furniture,13,63206,0,Weekday
2023-07-27,Hyderabad,Cosmetics,23,5566,0,Weekday
2023-07-28,Kolkata,Electronics,23,25967,0,Weekday
2023-07-28,Kolkata,Clothing,35,22260,0,Weekday
2023-07-28,Kolkata,Groceries,80,5040,0,Weekday
2023-07-28,Kolkata,Furniture,8,25440,0,Weekday
2023-07-28,Kolkata,Cosmetics,32,8640,0,Weekday
2023-07-28,Delhi,Electronics,26,44642,1,Weekday
2023-07-28,Delhi,Clothing,40,32880,1,Weekday
2023-07-28,Delhi,Groceries,77,8932,0,Weekday
2023-07-28,Delhi,Furniture,15,81030,1,Weekday
2023-07-28,Delhi,Cosmetics,30,20670,0,Weekday
2023-07-28,Mumbai,Electronics,23,36754,0,Weekday
2023-07-28,Mumbai,Clothing,46,14996,1,Weekday
2023-07-28,Mumbai,Groceries,59,4012,0,Weekday
2023-07-28,Mumbai,Furniture,10,45290,0,Weekday
2023-07-28,Mumbai,Cosmetics,27,14661,0,Weekday
2023-07-28,Bangalore,Electronics,23,44551,1,Weekday
2023-07-28,Bangalore,Clothing,42,35154,0,Weekday
2023-07-28,Bangalore,Groceries,81,4050,0,Weekday
2023-07-28,Bangalore,Furniture,10,31810,0,Weekday
2023-07-28,Bangalore,Cosmetics,29,22272,0,Weekday
2023-07-28,Hyderabad,Electronics,21,17976,0,Weekday
2023-07-28,Hyderabad,Clothing,48,34080,0,Weekday
2023-07-28,Hyderabad,Groceries,59,6549,0,Weekday
2023-07-28,Hyderabad,Furniture,16,91792,0,Weekday
2023-07-28,Hyderabad,Cosmetics,30,14700,0,Weekday
2023-07-29,Kolkata,Electronics,24,49584,1,Weekend
2023-07-29,Kolkata,Clothing,28,10528,0,Weekend
2023-07-29,Kolkata,Groceries,60,4380,0,Weekend
2023-07-29,Kolkata,Furniture,16,38432,1,Weekend
2023-07-29,Kolkata,Cosmetics,33,15543,1,Weekend
2023-07-29,Delhi,Electronics,23,24127,1,Weekend
2023-07-29,Delhi,Clothing,40,28880,0,Weekend
2023-07-29,Delhi,Groceries,58,8584,0,Weekend
2023-07-29,Delhi,Furniture,13,26442,1,Weekend
2023-07-29,Delhi,Cosmetics,32,22272,1,Weekend
2023-07-29,Mumbai,Electronics,16,18016,0,Weekend
2023-07-29,Mumbai,Clothing,33,18744,1,Weekend
2023-07-29,Mumbai,Groceries,63,7875,1,Weekend
2023-07-29,Mumbai,Furniture,8,43120,0,Weekend
2023-07-29,Mumbai,Cosmetics,26,8788,0,Weekend
2023-07-29,Bangalore,Electronics,19,37905,1,Weekend
2023-07-29,Bangalore,Clothing,33,17655,0,Weekend
2023-07-29,Bangalore,Groceries,62,8246,1,Weekend
2023-07-29,Bangalore,Furniture,11,31988,0,Weekend
2023-07-29,Bangalore,Cosmetics,28,13944,1,Weekend
2023-07-29,Hyderabad,Electronics,21,35931,1,Weekend
2023-07-29,Hyderabad,Clothing,33,29535,0,Weekend
2023-07-29,Hyderabad,Groceries,53,5777,0,Weekend
2023-07-29,Hyderabad,Furniture,11,37532,0,Weekend
2023-07-29,Hyderabad,Cosmetics,28,14700,1,Weekend
2023-07-30,Kolkata,Electronics,27,60912,0,Weekend
2023-07-30,Kolkata,Clothing,49,17199,1,Weekend
2023-07-30,Kolkata,Groceries,72,4680,1,Weekend
2023-07-30,Kolkata,Furniture,10,22680,0,Weekend
2023-07-30,Kolkata,Cosmetics,31,17918,0,Weekend
2023-07-30,Delhi,Electronics,25,55500,1,Weekend
2023-07-30,Delhi,Clothing,51,60792,1,Weekend
2023-07-30,Delhi,Groceries,76,7068,1,Weekend
2023-07-30,Delhi,Furniture,8,27560,0,Weekend
2023-07-30,Delhi,Cosmetics,31,12586,1,Weekend
2023-07-30,Mumbai,Electronics,21,48657,0,Weekend
2023-07-30,Mumbai,Clothing,31,19592,0,Weekend
2023-07-30,Mumbai,Groceries,77,7161,1,Weekend
2023-07-30,Mumbai,Furniture,8,32832,0,Weekend
2023-07-30,Mumbai,Cosmetics,35,24535,0,Weekend
2023-07-30,Bangalore,Electronics,28,43820,1,Weekend
2023-07-30,Bangalore,Clothing,39,46605,0,Weekend
2023-07-30,Bangalore,Groceries,69,10281,0,Weekend
2023-07-30,Bangalore,Furniture,12,26016,0,Weekend
2023-07-30,Bangalore,Cosmetics,29,4379,0,Weekend
2023-07-30,Hyderabad,Electronics,21,20559,0,Weekend
2023-07-30,Hyderabad,Clothing,40,33560,0,Weekend
2023-07-30,Hyderabad,Groceries,61,8174,0,Weekend
2023-07-30,Hyderabad,Furniture,14,71666,0,Weekend
2023-07-30,Hyderabad,Cosmetics,31,22754,0,Weekend
2023-07-31,Kolkata,Electronics,23,19757,0,Weekday
2023-07-31,Kolkata,Clothing,38,13794,0,Weekday
2023-07-31,Kolkata,Groceries,61,10187,0,Weekday
2023-07-31,Kolkata,Furniture,12,18228,0,Weekday
2023-07-31,Kolkata,Cosmetics,27,9747,0,Weekday
2023-07-31,Delhi,Electronics,20,28900,0,Weekday
2023-07-31,Delhi,Clothing,32,17184,1,Weekday
2023-07-31,Delhi,Groceries,63,7056,0,Weekday
2023-07-31,Delhi,Furniture,12,62316,1,Weekday
2023-07-31,Delhi,Cosmetics,33,14256,0,Weekday
2023-07-31,Mumbai,Electronics,23,27738,1,Weekday
2023-07-31,Mumbai,Clothing,40,39400,0,Weekday
2023-07-31,Mumbai,Groceries,50,8750,0,Weekday
2023-07-31,Mumbai,Furniture,8,43384,0,Weekday
2023-07-31,Mumbai,Cosmetics,22,16016,0,Weekday
2023-07-31,Bangalore,Electronics,28,25536,0,Weekday
2023-07-31,Bangalore,Clothing,42,49266,0,Weekday
2023-07-31,Bangalore,Groceries,59,4189,0,Weekday
2023-07-31,Bangalore,Furniture,12,63168,0,Weekday
2023-07-31,Bangalore,Cosmetics,25,5800,0,Weekday
2023-07-31,Hyderabad,Electronics,20,19020,0,Weekday
2023-07-31,Hyderabad,Clothing,33,20196,0,Weekday
2023-07-31,Hyderabad,Groceries,72,10224,1,Weekday
2023-07-31,Hyderabad,Furniture,10,38690,0,Weekday
2023-07-31,Hyderabad,Cosmetics,22,4862,0,Weekday
2023-08-01,Kolkata,Electronics,18,31464,0,Weekday
2023-08-01,Kolkata,Clothing,41,25461,0,Weekday
2023-08-01,Kolkata,Groceries,56,9800,0,Weekday
2023-08-01,Kolkata,Furniture,11,50512,0,Weekday
2023-08-01,Kolkata,Cosmetics,26,14742,0,Weekday
2023-08-01,Delhi,Electronics,21,35427,0,Weekday
2023-08-01,Delhi,Clothing,39,35217,0,Weekday
2023-08-01,Delhi,Groceries,63,3276,0,Weekday
2023-08-01,Delhi,Furniture,10,19360,0,Weekday
2023-08-01,Delhi,Cosmetics,23,17572,1,Weekday
2023-08-01,Mumbai,Electronics,18,19152,1,Weekday
2023-08-01,Mumbai,Clothing,37,43142,1,Weekday
2023-08-01,Mumbai,Groceries,66,10494,0,Weekday
2023-08-01,Mumbai,Furniture,9,25623,1,Weekday
2023-08-01,Mumbai,Cosmetics,30,11880,1,Weekday
2023-08-01,Bangalore,Electronics,19,43681,0,Weekday
2023-08-01,Bangalore,Clothing,44,14784,1,Weekday
2023-08-01,Bangalore,Groceries,63,6174,0,Weekday
2023-08-01,Bangalore,Furniture,8,19968,0,Weekday
2023-08-01,Bangalore,Cosmetics,27,6156,0,Weekday
2023-08-01,Hyderabad,Electronics,22,53592,0,Weekday
2023-08-01,Hyderabad,Clothing,41,31734,1,Weekday
2023-08-01,Hyderabad,Groceries,81,7614,0,Weekday
2023-08-01,Hyderabad,Furniture,10,40000,0,Weekday
2023-08-01,Hyderabad,Cosmetics,26,20150,0,Weekday
2023-08-02,Kolkata,Electronics,21,29064,0,Weekday
2023-08-02,Kolkata,Clothing,39,46332,1,Weekday
2023-08-02,Kolkata,Groceries,59,4838,0,Weekday
2023-08-02,Kolkata,Furniture,14,49434,0,Weekday
2023-08-02,Kolkata,Cosmetics,27,10746,0,Weekday
2023-08-02,Delhi,Electronics,20,29620,0,Weekday
2023-08-02,Delhi,Clothing,35,16415,0,Weekday
2023-08-02,Delhi,Groceries,49,2891,0,Weekday
2023-08-02,Delhi,Furniture,9,19089,1,Weekday
2023-08-02,Delhi,Cosmetics,29,10411,1,Weekday
2023-08-02,Mumbai,Electronics,20,19540,0,Weekday
2023-08-02,Mumbai,Clothing,28,33096,0,Weekday
2023-08-02,Mumbai,Groceries,59,5723,0,Weekday
2023-08-02,Mumbai,Furniture,10,42040,0,Weekday
2023-08-02,Mumbai,Cosmetics,21,6657,0,Weekday
2023-08-02,Bangalore,Electronics,16,24032,0,Weekday
2023-08-02,Bangalore,Clothing,37,14689,0,Weekday
2023-08-02,Bangalore,Groceries,68,6868,1,Weekday
2023-08-02,Bangalore,Furniture,12,43836,1,Weekday
2023-08-02,Bangalore,Cosmetics,23,6049,0,Weekday
2023-08-02,Hyderabad,Electronics,15,28170,0,Weekday
2023-08-02,Hyderabad,Clothing,26,26650,0,Weekday
2023-08-02,Hyderabad,Groceries,65,9750,0,Weekday
2023-08-02,Hyderabad,Furniture,10,31840,0,Weekday
2023-08-02,Hyderabad,Cosmetics,26,5434,1,Weekday
2023-08-03,Kolkata,Electronics,23,44436,0,Weekday
2023-08-03,Kolkata,Clothing,39,28860,1,Weekday
2023-08-03,Kolkata,Groceries,66,9174,1,Weekday
2023-08-03,Kolkata,Furniture,11,27302,0,Weekday
2023-08-03,Kolkata,Cosmetics,28,7140,0,Weekday
2023-08-03,Delhi,Electronics,28,44800,1,Weekday
2023-08-03,Delhi,Clothing,38,34618,0,Weekday
2023-08-03,Delhi,Groceries,74,8510,0,Weekday
2023-08-03,Delhi,Furniture,10,40390,0,Weekday
2023-08-03,Delhi,Cosmetics,23,15387,0,Weekday
2023-08-03,Mumbai,Electronics,21,42273,0,Weekday
2023-08-03,Mumbai,Clothing,34,39950,0,Weekday
2023-08-03,Mumbai,Groceries,72,12024,0,Weekday
2023-08-03,Mumbai,Furniture,10,15650,0,Weekday
2023-08-03,Mumbai,Cosmetics,20,4000,0,Weekday
2023-08-03,Bangalore,Electronics,22,35882,0,Weekday
2023-08-03,Bangalore,Clothing,35,36540,0,Weekday
2023-08-03,Bangalore,Groceries,53,10229,0,Weekday
2023-08-03,Bangalore,Furniture,11,51458,0,Weekday
2023-08-03,Bangalore,Cosmetics,26,7592,1,Weekday
2023-08-03,Hyderabad,Electronics,21,32760,0,Weekday
2023-08-03,Hyderabad,Clothing,40,29720,0,Weekday
2023-08-03,Hyderabad,Groceries,48,4080,0,Weekday
2023-08-03,Hyderabad,Furniture,9,22023,0,Weekday
2023-08-03,Hyderabad,Cosmetics,27,4185,1,Weekday
2023-08-04,Kolkata,Electronics,20,41060,1,Weekday
2023-08-04,Kolkata,Clothing,39,22230,1,Weekday
2023-08-04,Kolkata,Groceries,51,2601,0,Weekday
2023-08-04,Kolkata,Furniture,10,55760,0,Weekday
2023-08-04,Kolkata,Cosmetics,21,7518,0,Weekday
2023-08-04,Delhi,Electronics,20,18940,1,Weekday
2023-08-04,Delhi,Clothing,38,17404,0,Weekday
2023-08-04,Delhi,Groceries,73,5621,0,Weekday
2023-08-04,Delhi,Furniture,9,32805,0,Weekday
2023-08-04,Delhi,Cosmetics,19,11970,0,Weekday
2023-08-04,Mumbai,Electronics,24,47328,0,Weekday
2023-08-04,Mumbai,Clothing,30,28410,0,Weekday
2023-08-04,Mumbai,Groceries,39,2652,0,Weekday
2023-08-04,Mumbai,Furniture,11,43109,0,Weekday
2023-08-04,Mumbai,Cosmetics,24,10824,0,Weekday
2023-08-04,Bangalore,Electronics,24,43752,1,Weekday
2023-08-04,Bangalore,Clothing,27,14634,0,Weekday
2023-08-04,Bangalore,Groceries,58,4640,0,Weekday
2023-08-04,Bangalore,Furniture,9,35919,0,Weekday
2023-08-04,Bangalore,Cosmetics,22,7150,0,Weekday
2023-08-04,Hyderabad,Electronics,16,18912,0,Weekday
2023-08-04,Hyderabad,Clothing,30,10860,0,Weekday
2023-08-04,Hyderabad,Groceries,74,8140,0,Weekday
2023-08-04,Hyderabad,Furniture,12,67344,0,Weekday
2023-08-04,Hyderabad,Cosmetics,29,7656,0,Weekday
2023-08-05,Kolkata,Electronics,20,33560,1,Weekend
2023-08-05,Kolkata,Clothing,40,45040,1,Weekend
2023-08-05,Kolkata,Groceries,53,5512,0,Weekend
2023-08-05,Kolkata,Furniture,13,64480,0,Weekend
2023-08-05,Kolkata,Cosmetics,33,25377,1,Weekend
2023-08-05,Delhi,Electronics,15,26055,0,Weekend
2023-08-05,Delhi,Clothing,31,20181,0,Weekend
2023-08-05,Delhi,Groceries,64,3904,1,Weekend
2023-08-05,Delhi,Furniture,11,61941,1,Weekend
2023-08-05,Delhi,Cosmetics,25,12900,0,Weekend
2023-08-05,Mumbai,Electronics,22,34430,1,Weekend
2023-08-05,Mumbai,Clothing,41,48134,0,Weekend
2023-08-05,Mumbai,Groceries,67,7102,0,Weekend
2023-08-05,Mumbai,Furniture,11,62260,1,Weekend
2023-08-05,Mumbai,Cosmetics,27,6264,0,Weekend
2023-08-05,Bangalore,Electronics,23,18515,0,Weekend
2023-08-05,Bangalore,Clothing,35,31570,0,Weekend
2023-08-05,Bangalore,Groceries,61,4697,1,Weekend
2023-08-05,Bangalore,Furniture,12,37608,1,Weekend
2023-08-05,Bangalore,Cosmetics,21,15225,0,Weekend
2023-08-05,Hyderabad,Electronics,22,32032,1,Weekend
2023-08-05,Hyderabad,Clothing,27,21843,0,Weekend
2023-08-05,Hyderabad,Groceries,83,15106,1,Weekend
2023-08-05,Hyderabad,Furniture,10,55800,0,Weekend
2023-08-05,Hyderabad,Cosmetics,18,4968,1,Weekend
2023-08-06,Kolkata,Electronics,26,33176,1,Weekend
2023-08-06,Kolkata,Clothing,32,9760,0,Weekend
2023-08-06,Kolkata,Groceries,65,3640,0,Weekend
2023-08-06,Kolkata,Furniture,11,40524,0,Weekend
2023-08-06,Kolkata,Cosmetics,25,18400,0,Weekend
2023-08-06,Delhi,Electronics,19,28500,0,Weekend
2023-08-06,Delhi,Clothing,42,40740,1,Weekend
2023-08-06,Delhi,Groceries,65,9750,0,Weekend
2023-08-06,Delhi,Furniture,12,44796,1,Weekend
2023-08-06,Delhi,Cosmetics,24,7944,0,Weekend
2023-08-06,Mumbai,Electronics,23,33074,0,Weekend
2023-08-06,Mumbai,Clothing,38,17556,0,Weekend
2023-08-06,Mumbai,Groceries,77,7700,0,Weekend
2023-08-06,Mumbai,Furniture,9,26991,0,Weekend
2023-08-06,Mumbai,Cosmetics,37,21978,1,Weekend
2023-08-06,Bangalore,Electronics,19,23864,0,Weekend
2023-08-06,Bangalore,Clothing,39,42354,0,Weekend
2023-08-06,Bangalore,Groceries,65,7215,0,Weekend
2023-08-06,Bangalore,Furniture,9,19179,0,Weekend
2023-08-06,Bangalore,Cosmetics,22,4290,0,Weekend
2023-08-06,Hyderabad,Electronics,23,45218,1,Weekend
2023-08-06,Hyderabad,Clothing,35,37870,0,Weekend
2023-08-06,Hyderabad,Groceries,68,10132,0,Weekend
2023-08-06,Hyderabad,Furniture,7,11473,1,Weekend
2023-08-06,Hyderabad,Cosmetics,25,12450,1,Weekend
2023-08-07,Kolkata,Electronics,20,28980,1,Weekday
2023-08-07,Kolkata,Clothing,34,16830,0,Weekday
2023-08-07,Kolkata,Groceries,57,10089,0,Weekday
2023-08-07,Kolkata,Furniture,11,31152,0,Weekday
2023-08-07,Kolkata,Cosmetics,25,6975,0,Weekday
2023-08-07,Delhi,Electronics,19,41306,0,Weekday
2023-08-07,Delhi,Clothing,30,9090,0,Weekday
2023-08-07,Delhi,Groceries,73,10001,0,Weekday
2023-08-07,Delhi,Furniture,9,18558,1,Weekday
2023-08-07,Delhi,Cosmetics,30,14820,1,Weekday
2023-08-07,Mumbai,Electronics,21,30030,1,Weekday
2023-08-07,Mumbai,Clothing,36,37512,1,Weekday
2023-08-07,Mumbai,Groceries,59,8083,0,Weekday
2023-08-07,Mumbai,Furniture,11,47707,0,Weekday
2023-08-07,Mumbai,Cosmetics,18,8388,1,Weekday
2023-08-07,Bangalore,Electronics,20,35460,1,Weekday
2023-08-07,Bangalore,Clothing,35,25585,1,Weekday
2023-08-07,Bangalore,Groceries,46,5014,0,Weekday
2023-08-07,Bangalore,Furniture,9,42813,0,Weekday
2023-08-07,Bangalore,Cosmetics,30,14670,1,Weekday
2023-08-07,Hyderabad,Electronics,19,29830,1,Weekday
2023-08-07,Hyderabad,Clothing,43,31777,0,Weekday
2023-08-07,Hyderabad,Groceries,76,8360,1,Weekday
2023-08-07,Hyderabad,Furniture,14,48034,1,Weekday
2023-08-07,Hyderabad,Cosmetics,23,10304,0,Weekday
2023-08-08,Kolkata,Electronics,22,50666,0,Weekday
2023-08-08,Kolkata,Clothing,35,41895,1,Weekday
2023-08-08,Kolkata,Groceries,50,5850,0,Weekday
2023-08-08,Kolkata,Furniture,8,18704,0,Weekday
2023-08-08,Kolkata,Cosmetics,25,15925,0,Weekday
2023-08-08,Delhi,Electronics,26,52390,1,Weekday
2023-08-08,Delhi,Clothing,36,30384,0,Weekday
2023-08-08,Delhi,Groceries,57,6441,0,Weekday
2023-08-08,Delhi,Furniture,9,33039,0,Weekday
2023-08-08,Delhi,Cosmetics,15,9465,0,Weekday
2023-08-08,Mumbai,Electronics,21,46683,0,Weekday
2023-08-08,Mumbai,Clothing,36,11916,0,Weekday
2023-08-08,Mumbai,Groceries,65,5525,0,Weekday
2023-08-08,Mumbai,Furniture,11,32032,0,Weekday
2023-08-08,Mumbai,Cosmetics,21,12474,0,Weekday
2023-08-08,Bangalore,Electronics,18,35802,0,Weekday
2023-08-08,Bangalore,Clothing,28,14700,0,Weekday
2023-08-08,Bangalore,Groceries,63,10584,0,Weekday
2023-08-08,Bangalore,Furniture,10,44400,0,Weekday
2023-08-08,Bangalore,Cosmetics,20,8140,0,Weekday
2023-08-08,Hyderabad,Electronics,20,23140,0,Weekday
2023-08-08,Hyderabad,Clothing,43,40162,0,Weekday
2023-08-08,Hyderabad,Groceries,49,6076,0,Weekday
2023-08-08,Hyderabad,Furniture,8,15936,0,Weekday
2023-08-08,Hyderabad,Cosmetics,26,7124,0,Weekday
2023-08-09,Kolkata,Electronics,17,39848,0,Weekday
2023-08-09,Kolkata,Clothing,28,16744,0,Weekday
2023-08-09,Kolkata,Groceries,45,2385,0,Weekday
2023-08-09,Kolkata,Furniture,8,27096,0,Weekday
2023-08-09,Kolkata,Cosmetics,29,7395,0,Weekday
2023-08-09,Delhi,Electronics,16,34704,0,Weekday
2023-08-09,Delhi,Clothing,31,28365,0,Weekday
2023-08-09,Delhi,Groceries,57,3363,0,Weekday
2023-08-09,Delhi,Furniture,9,45135,1,Weekday
2023-08-09,Delhi,Cosmetics,37,8362,1,Weekday
2023-08-09,Mumbai,Electronics,25,23675,1,Weekday
2023-08-09,Mumbai,Clothing,44,31680,1,Weekday
2023-08-09,Mumbai,Groceries,48,8400,0,Weekday
2023-08-09,Mumbai,Furniture,7,29246,0,Weekday
2023-08-09,Mumbai,Cosmetics,25,18550,0,Weekday
2023-08-09,Bangalore,Electronics,23,49266,0,Weekday
2023-08-09,Bangalore,Clothing,44,44220,0,Weekday
2023-08-09,Bangalore,Groceries,63,4221,0,Weekday
2023-08-09,Bangalore,Furniture,9,18639,1,Weekday
2023-08-09,Bangalore,Cosmetics,24,12528,0,Weekday
2023-08-09,Hyderabad,Electronics,21,22974,0,Weekday
2023-08-09,Hyderabad,Clothing,34,21352,0,Weekday
2023-08-09,Hyderabad,Groceries,76,13984,0,Weekday
2023-08-09,Hyderabad,Furniture,9,32679,1,Weekday
2023-08-09,Hyderabad,Cosmetics,23,9844,0,Weekday
2023-08-10,Kolkata,Electronics,15,17625,0,Weekday
2023-08-10,Kolkata,Clothing,29,25172,0,Weekday
2023-08-10,Kolkata,Groceries,47,3102,0,Weekday
2023-08-10,Kolkata,Furniture,9,25218,0,Weekday
2023-08-10,Kolkata,Cosmetics,25,8025,0,Weekday
2023-08-10,Delhi,Electronics,15,27870,0,Weekday
2023-08-10,Delhi,Clothing,39,37986,0,Weekday
2023-08-10,Delhi,Groceries,54,8640,1,Weekday
2023-08-10,Delhi,Furniture,8,29936,0,Weekday
2023-08-10,Delhi,Cosmetics,27,7209,1,Weekday
2023-08-10,Mumbai,Electronics,21,17829,0,Weekday
2023-08-10,Mumbai,Clothing,32,34016,0,Weekday
2023-08-10,Mumbai,Groceries,60,10680,0,Weekday
2023-08-10,Mumbai,Furniture,10,39570,0,Weekday
2023-08-10,Mumbai,Cosmetics,21,10374,0,Weekday
2023-08-10,Bangalore,Electronics,17,40460,0,Weekday
2023-08-10,Bangalore,Clothing,39,35217,0,Weekday
2023-08-10,Bangalore,Groceries,47,4042,0,Weekday
2023-08-10,Bangalore,Furniture,10,48410,0,Weekday
2023-08-10,Bangalore,Cosmetics,27,18549,0,Weekday
2023-08-10,Hyderabad,Electronics,27,55512,1,Weekday
2023-08-10,Hyderabad,Clothing,51,25500,0,Weekday
2023-08-10,Hyderabad,Groceries,59,5546,1,Weekday
2023-08-10,Hyderabad,Furniture,10,41140,0,Weekday
2023-08-10,Hyderabad,Cosmetics,21,11739,0,Weekday
2023-08-11,Kolkata,Electronics,20,19920,0,Weekday
2023-08-11,Kolkata,Clothing,35,40845,0,Weekday
2023-08-11,Kolkata,Groceries,46,8832,0,Weekday
2023-08-11,Kolkata,Furniture,13,62244,1,Weekday
2023-08-11,Kolkata,Cosmetics,23,15870,0,Weekday
2023-08-11,Delhi,Electronics,16,37728,0,Weekday
2023-08-11,Delhi,Clothing,33,28149,0,Weekday
2023-08-11,Delhi,Groceries,56,6104,0,Weekday
2023-08-11,Delhi,Furniture,11,43043,1,Weekday
2023-08-11,Delhi,Cosmetics,25,14450,0,Weekday
2023-08-11,Mumbai,Electronics,17,40800,0,Weekday
2023-08-11,Mumbai,Clothing,33,34419,0,Weekday
2023-08-11,Mumbai,Groceries,53,9434,0,Weekday
2023-08-11,Mumbai,Furniture,8,32536,0,Weekday
2023-08-11,Mumbai,Cosmetics,30,16410,1,Weekday
2023-08-11,Bangalore,Electronics,20,38320,0,Weekday
2023-08-11,Bangalore,Clothing,43,51127,0,Weekday
2023-08-11,Bangalore,Groceries,47,8319,0,Weekday
2023-08-11,Bangalore,Furniture,10,40270,1,Weekday
2023-08-11,Bangalore,Cosmetics,15,6900,0,Weekday
2023-08-11,Hyderabad,Electronics,16,15776,0,Weekday
2023-08-11,Hyderabad,Clothing,43,17931,1,Weekday
2023-08-11,Hyderabad,Groceries,64,7168,0,Weekday
2023-08-11,Hyderabad,Furniture,6,27750,0,Weekday
2023-08-11,Hyderabad,Cosmetics,28,9716,0,Weekday
2023-08-12,Kolkata,Electronics,15,24675,0,Weekend
2023-08-12,Kolkata,Clothing,37,33078,1,Weekend
2023-08-12,Kolkata,Groceries,61,6588,0,Weekend
2023-08-12,Kolkata,Furniture,11,64592,1,Weekend
2023-08-12,Kolkata,Cosmetics,23,15180,0,Weekend
2023-08-12,Delhi,Electronics,24,21024,0,Weekend
2023-08-12,Delhi,Clothing,29,19053,0,Weekend
2023-08-12,Delhi,Groceries,79,15168,1,Weekend
2023-08-12,Delhi,Furniture,11,61083,0,Weekend
2023-08-12,Delhi,Cosmetics,20,14340,0,Weekend
2023-08-12,Mumbai,Electronics,16,30608,0,Weekend
2023-08-12,Mumbai,Clothing,35,24990,0,Weekend
2023-08-12,Mumbai,Groceries,41,6970,0,Weekend
2023-08-12,Mumbai,Furniture,10,42040,0,Weekend
2023-08-12,Mumbai,Cosmetics,25,19175,1,Weekend
2023-08-12,Bangalore,Electronics,21,19551,1,Weekend
2023-08-12,Bangalore,Clothing,36,40428,0,Weekend
2023-08-12,Bangalore,Groceries,40,6520,0,Weekend
2023-08-12,Bangalore,Furniture,10,15310,0,Weekend
2023-08-12,Bangalore,Cosmetics,23,9913,0,Weekend
2023-08-12,Hyderabad,Electronics,17,22593,0,Weekend
2023-08-12,Hyderabad,Clothing,33,26730,0,Weekend
2023-08-12,Hyderabad,Groceries,55,9130,0,Weekend
2023-08-12,Hyderabad,Furniture,9,37845,1,Weekend
2023-08-12,Hyderabad,Cosmetics,19,4066,0,Weekend
2023-08-13,Kolkata,Electronics,13,25636,0,Weekend
2023-08-13,Kolkata,Clothing,37,24272,0,Weekend
2023-08-13,Kolkata,Groceries,51,8058,0,Weekend
2023-08-13,Kolkata,Furniture,10,36470,0,Weekend
2023-08-13,Kolkata,Cosmetics,27,6399,0,Weekend
2023-08-13,Delhi,Electronics,25,32325,0,Weekend
2023-08-13,Delhi,Clothing,36,39960,0,Weekend
2023-08-13,Delhi,Groceries,58,6148,0,Weekend
2023-08-13,Delhi,Furniture,8,28344,0,Weekend
2023-08-13,Delhi,Cosmetics,26,12922,0,Weekend
2023-08-13,Mumbai,Electronics,20,48180,0,Weekend
2023-08-13,Mumbai,Clothing,40,23440,0,Weekend
2023-08-13,Mumbai,Groceries,80,5600,1,Weekend
2023-08-13,Mumbai,Furniture,11,53911,1,Weekend
2023-08-13,Mumbai,Cosmetics,23,11086,0,Weekend
2023-08-13,Bangalore,Electronics,20,30580,0,Weekend
2023-08-13,Bangalore,Clothing,28,25116,0,Weekend
2023-08-13,Bangalore,Groceries,64,8320,1,Weekend
2023-08-13,Bangalore,Furniture,8,40752,0,Weekend
2023-08-13,Bangalore,Cosmetics,28,18816,0,Weekend
2023-08-13,Hyderabad,Electronics,19,31958,0,Weekend
2023-08-13,Hyderabad,Clothing,36,16416,0,Weekend
2023-08-13,Hyderabad,Groceries,73,5475,1,Weekend
2023-08-13,Hyderabad,Furniture,12,33060,1,Weekend
2023-08-13,Hyderabad,Cosmetics,23,14168,1,Weekend
2023-08-14,Kolkata,Electronics,22,23892,0,Weekday
2023-08-14,Kolkata,Clothing,40,41240,0,Weekday
2023-08-14,Kolkata,Groceries,55,10010,1,Weekday
2023-08-14,Kolkata,Furniture,11,39721,0,Weekday
2023-08-14,Kolkata,Cosmetics,20,5920,0,Weekday
2023-08-14,Delhi,Electronics,17,41038,0,Weekday
2023-08-14,Delhi,Clothing,41,48298,1,Weekday
2023-08-14,Delhi,Groceries,54,6048,0,Weekday
2023-08-14,Delhi,Furniture,12,49308,1,Weekday
2023-08-14,Delhi,Cosmetics,29,9077,0,Weekday
2023-08-14,Mumbai,Electronics,19,35074,0,Weekday
2023-08-14,Mumbai,Clothing,28,33012,0,Weekday
2023-08-14,Mumbai,Groceries,74,11026,0,Weekday
2023-08-14,Mumbai,Furniture,7,12145,0,Weekday
2023-08-14,Mumbai,Cosmetics,23,10649,0,Weekday
2023-08-14,Bangalore,Electronics,21,45822,0,Weekday
2023-08-14,Bangalore,Clothing,35,34615,0,Weekday
2023-08-14,Bangalore,Groceries,51,8466,0,Weekday
2023-08-14,Bangalore,Furniture,9,32787,0,Weekday
2023-08-14,Bangalore,Cosmetics,24,4512,0,Weekday
2023-08-14,Hyderabad,Electronics,18,22050,0,Weekday
2023-08-14,Hyderabad,Clothing,30,11220,0,Weekday
2023-08-14,Hyderabad,Groceries,64,6848,0,Weekday
2023-08-14,Hyderabad,Furniture,9,37053,1,Weekday
2023-08-14,Hyderabad,Cosmetics,27,17253,1,Weekday
2023-08-15,Kolkata,Electronics,22,49302,1,Weekday
2023-08-15,Kolkata,Clothing,33,12045,0,Weekday
2023-08-15,Kolkata,Groceries,63,9891,0,Weekday
2023-08-15,Kolkata,Furniture,6,14016,0,Weekday
2023-08-15,Kolkata,Cosmetics,35,24150,1,Weekday
2023-08-15,Delhi,Electronics,21,34608,0,Weekday
2023-08-15,Delhi,Clothing,40,28680,0,Weekday
2023-08-15,Delhi,Groceries,62,7130,0,Weekday
2023-08-15,Delhi,Furniture,13,20397,1,Weekday
2023-08-15,Delhi,Cosmetics,24,12768,0,Weekday
2023-08-15,Mumbai,Electronics,24,56904,1,Weekday
2023-08-15,Mumbai,Clothing,24,17496,0,Weekday
2023-08-15,Mumbai,Groceries,53,3233,1,Weekday
2023-08-15,Mumbai,Furniture,9,21240,0,Weekday
2023-08-15,Mumbai,Cosmetics,19,4788,0,Weekday
2023-08-15,Bangalore,Electronics,21,41454,1,Weekday
2023-08-15,Bangalore,Clothing,36,15588,0,Weekday
2023-08-15,Bangalore,Groceries,59,9794,0,Weekday
2023-08-15,Bangalore,Furniture,10,37680,0,Weekday
2023-08-15,Bangalore,Cosmetics,25,11550,0,Weekday
2023-08-15,Hyderabad,Electronics,22,31504,1,Weekday
2023-08-15,Hyderabad,Clothing,36,11124,0,Weekday
2023-08-15,Hyderabad,Groceries,60,9300,0,Weekday
2023-08-15,Hyderabad,Furniture,11,57123,0,Weekday
2023-08-15,Hyderabad,Cosmetics,31,8246,1,Weekday
2023-08-16,Kolkata,Electronics,19,26714,0,Weekday
2023-08-16,Kolkata,Clothing,42,13482,0,Weekday
2023-08-16,Kolkata,Groceries,52,4004,0,Weekday
2023-08-16,Kolkata,Furniture,9,34425,0,Weekday
2023-08-16,Kolkata,Cosmetics,31,5425,0,Weekday
2023-08-16,Delhi,Electronics,22,27104,0,Weekday
2023-08-16,Delhi,Clothing,30,27120,0,Weekday
2023-08-16,Delhi,Groceries,61,5002,0,Weekday
2023-08-16,Delhi,Furniture,5,23345,0,Weekday
2023-08-16,Delhi,Cosmetics,27,17280,0,Weekday
2023-08-16,Mumbai,Electronics,21,46620,0,Weekday
2023-08-16,Mumbai,Clothing,39,20943,0,Weekday
2023-08-16,Mumbai,Groceries,76,13148,0,Weekday
2023-08-16,Mumbai,Furniture,10,38720,0,Weekday
2023-08-16,Mumbai,Cosmetics,24,8904,0,Weekday
2023-08-16,Bangalore,Electronics,22,49632,0,Weekday
2023-08-16,Bangalore,Clothing,44,47872,1,Weekday
2023-08-16,Bangalore,Groceries,54,2754,0,Weekday
2023-08-16,Bangalore,Furniture,12,31824,1,Weekday
2023-08-16,Bangalore,Cosmetics,31,9703,1,Weekday
2023-08-16,Hyderabad,Electronics,22,48708,1,Weekday
2023-08-16,Hyderabad,Clothing,36,41292,0,Weekday
2023-08-16,Hyderabad,Groceries,67,4489,0,Weekday
2023-08-16,Hyderabad,Furniture,11,26576,1,Weekday
2023-08-16,Hyderabad,Cosmetics,23,5957,0,Weekday
2023-08-17,Kolkata,Electronics,27,41742,0,Weekday
2023-08-17,Kolkata,Clothing,37,11877,1,Weekday
2023-08-17,Kolkata,Groceries,53,10494,0,Weekday
2023-08-17,Kolkata,Furniture,8,27408,0,Weekday
2023-08-17,Kolkata,Cosmetics,26,17004,1,Weekday
2023-08-17,Delhi,Electronics,21,32928,0,Weekday
2023-08-17,Delhi,Clothing,25,20325,0,Weekday
2023-08-17,Delhi,Groceries,59,2950,1,Weekday
2023-08-17,Delhi,Furniture,9,31455,0,Weekday
2023-08-17,Delhi,Cosmetics,25,19225,0,Weekday
2023-08-17,Mumbai,Electronics,19,37943,0,Weekday
2023-08-17,Mumbai,Clothing,35,31745,0,Weekday
2023-08-17,Mumbai,Groceries,53,5936,0,Weekday
2023-08-17,Mumbai,Furniture,12,59568,1,Weekday
2023-08-17,Mumbai,Cosmetics,24,10584,0,Weekday
2023-08-17,Bangalore,Electronics,22,19756,0,Weekday
2023-08-17,Bangalore,Clothing,34,38284,0,Weekday
2023-08-17,Bangalore,Groceries,68,3944,0,Weekday
2023-08-17,Bangalore,Furniture,11,62612,0,Weekday
2023-08-17,Bangalore,Cosmetics,18,3942,0,Weekday
2023-08-17,Hyderabad,Electronics,23,45954,1,Weekday
2023-08-17,Hyderabad,Clothing,32,19584,0,Weekday
2023-08-17,Hyderabad,Groceries,58,7134,0,Weekday
2023-08-17,Hyderabad,Furniture,7,26425,1,Weekday
2023-08-17,Hyderabad,Cosmetics,19,3078,0,Weekday
2023-08-18,Kolkata,Electronics,20,20340,1,Weekday
2023-08-18,Kolkata,Clothing,29,26593,0,Weekday
2023-08-18,Kolkata,Groceries,48,2640,0,Weekday
2023-08-18,Kolkata,Furniture,10,58620,0,Weekday
2023-08-18,Kolkata,Cosmetics,23,7245,0,Weekday
2023-08-18,Delhi,Electronics,17,15181,0,Weekday
2023-08-18,Delhi,Clothing,45,23940,0,Weekday
2023-08-18,Delhi,Groceries,61,7503,0,Weekday
2023-08-18,Delhi,Furniture,9,53370,0,Weekday
2023-08-18,Delhi,Cosmetics,25,11100,0,Weekday
2023-08-18,Mumbai,Electronics,20,20920,0,Weekday
2023-08-18,Mumbai,Clothing,36,25884,0,Weekday
2023-08-18,Mumbai,Groceries,49,3675,0,Weekday
2023-08-18,Mumbai,Furniture,12,71724,1,Weekday
2023-08-18,Mumbai,Cosmetics,22,3454,1,Weekday
2023-08-18,Bangalore,Electronics,21,50757,1,Weekday
2023-08-18,Bangalore,Clothing,30,9780,0,Weekday
2023-08-18,Bangalore,Groceries,66,13134,0,Weekday
2023-08-18,Bangalore,Furniture,10,52250,0,Weekday
2023-08-18,Bangalore,Cosmetics,23,9890,0,Weekday
2023-08-18,Hyderabad,Electronics,17,15929,0,Weekday
2023-08-18,Hyderabad,Clothing,27,29619,0,Weekday
2023-08-18,Hyderabad,Groceries,66,11880,0,Weekday
2023-08-18,Hyderabad,Furniture,11,19921,0,Weekday
2023-08-18,Hyderabad,Cosmetics,30,16920,0,Weekday
2023-08-19,Kolkata,Electronics,18,24102,0,Weekend
2023-08-19,Kolkata,Clothing,41,25666,0,Weekend
2023-08-19,Kolkata,Groceries,70,10570,0,Weekend
2023-08-19,Kolkata,Furniture,11,45100,0,Weekend
2023-08-19,Kolkata,Cosmetics,31,9858,1,Weekend
2023-08-19,Delhi,Electronics,27,51489,1,Weekend
2023-08-19,Delhi,Clothing,32,25504,0,Weekend
2023-08-19,Delhi,Groceries,55,10560,0,Weekend
2023-08-19,Delhi,Furniture,8,43752,0,Weekend
2023-08-19,Delhi,Cosmetics,24,6072,0,Weekend
2023-08-19,Mumbai,Electronics,19,36233,0,Weekend
2023-08-19,Mumbai,Clothing,39,27417,1,Weekend
2023-08-19,Mumbai,Groceries,98,13132,1,Weekend
2023-08-19,Mumbai,Furniture,10,32160,1,Weekend
2023-08-19,Mumbai,Cosmetics,20,15500,0,Weekend
2023-08-19,Bangalore,Electronics,17,19601,0,Weekend
2023-08-19,Bangalore,Clothing,31,10912,0,Weekend
2023-08-19,Bangalore,Groceries,43,2881,1,Weekend
2023-08-19,Bangalore,Furniture,12,63756,0,Weekend
2023-08-19,Bangalore,Cosmetics,33,16236,1,Weekend
2023-08-19,Hyderabad,Electronics,15,24345,0,Weekend
2023-08-19,Hyderabad,Clothing,54,61830,1,Weekend
2023-08-19,Hyderabad,Groceries,81,13284,1,Weekend
2023-08-19,Hyderabad,Furniture,9,38916,0,Weekend
2023-08-19,Hyderabad,Cosmetics,25,14025,0,Weekend
2023-08-20,Kolkata,Electronics,22,18216,1,Weekend
2023-08-20,Kolkata,Clothing,35,22225,1,Weekend
2023-08-20,Kolkata,Groceries,54,4374,0,Weekend
2023-08-20,Kolkata,Furniture,7,10829,1,Weekend
2023-08-20,Kolkata,Cosmetics,23,14697,0,Weekend
2023-08-20,Delhi,Electronics,17,42279,1,Weekend
2023-08-20,Delhi,Clothing,43,37023,1,Weekend
2023-08-20,Delhi,Groceries,69,9798,0,Weekend
2023-08-20,Delhi,Furniture,11,45364,1,Weekend
2023-08-20,Delhi,Cosmetics,32,6400,1,Weekend
2023-08-20,Mumbai,Electronics,17,19533,0,Weekend
2023-08-20,Mumbai,Clothing,37,11803,0,Weekend
2023-08-20,Mumbai,Groceries,82,5002,1,Weekend
2023-08-20,Mumbai,Furniture,12,30804,0,Weekend
2023-08-20,Mumbai,Cosmetics,28,6300,0,Weekend
2023-08-20,Bangalore,Electronics,23,53498,1,Weekend
2023-08-20,Bangalore,Clothing,37,32893,0,Weekend
2023-08-20,Bangalore,Groceries,61,5246,0,Weekend
2023-08-20,Bangalore,Furniture,12,25752,0,Weekend
2023-08-20,Bangalore,Cosmetics,29,14935,1,Weekend
2023-08-20,Hyderabad,Electronics,20,24420,0,Weekend
2023-08-20,Hyderabad,Clothing,38,35416,0,Weekend
2023-08-20,Hyderabad,Groceries,73,4672,0,Weekend
2023-08-20,Hyderabad,Furniture,9,48384,1,Weekend
2023-08-20,Hyderabad,Cosmetics,29,20851,0,Weekend
2023-08-21,Kolkata,Electronics,23,48024,0,Weekday
2023-08-21,Kolkata,Clothing,37,35224,0,Weekday
2023-08-21,Kolkata,Groceries,66,9372,0,Weekday
2023-08-21,Kolkata,Furniture,10,31090,0,Weekday
2023-08-21,Kolkata,Cosmetics,23,12167,0,Weekday
2023-08-21,Delhi,Electronics,23,28543,0,Weekday
2023-08-21,Delhi,Clothing,35,33985,0,Weekday
2023-08-21,Delhi,Groceries,63,11277,0,Weekday
2023-08-21,Delhi,Furniture,11,55726,1,Weekday
2023-08-21,Delhi,Cosmetics,24,17688,0,Weekday
2023-08-21,Mumbai,Electronics,13,22971,0,Weekday
2023-08-21,Mumbai,Clothing,33,35607,0,Weekday
2023-08-21,Mumbai,Groceries,51,10149,0,Weekday
2023-08-21,Mumbai,Furniture,8,15848,0,Weekday
2023-08-21,Mumbai,Cosmetics,28,11620,0,Weekday
2023-08-21,Bangalore,Electronics,22,49060,0,Weekday
2023-08-21,Bangalore,Clothing,33,29733,0,Weekday
2023-08-21,Bangalore,Groceries,66,11022,0,Weekday
2023-08-21,Bangalore,Furniture,9,29934,0,Weekday
2023-08-21,Bangalore,Cosmetics,25,10000,0,Weekday
2023-08-21,Hyderabad,Electronics,19,40090,0,Weekday
2023-08-21,Hyderabad,Clothing,35,13685,0,Weekday
2023-08-21,Hyderabad,Groceries,70,6300,0,Weekday
2023-08-21,Hyderabad,Furniture,9,49104,0,Weekday
2023-08-21,Hyderabad,Cosmetics,32,13600,1,Weekday
2023-08-22,Kolkata,Electronics,20,48400,0,Weekday
2023-08-22,Kolkata,Clothing,40,43360,0,Weekday
2023-08-22,Kolkata,Groceries,57,5187,0,Weekday
2023-08-22,Kolkata,Furniture,12,36672,1,Weekday
2023-08-22,Kolkata,Cosmetics,21,4074,0,Weekday
2023-08-22,Delhi,Electronics,23,21689,1,Weekday
2023-08-22,Delhi,Clothing,35,15750,0,Weekday
2023-08-22,Delhi,Groceries,62,8990,1,Weekday
2023-08-22,Delhi,Furniture,11,34562,1,Weekday
2023-08-22,Delhi,Cosmetics,23,8786,0,Weekday
2023-08-22,Mumbai,Electronics,19,17499,0,Weekday
2023-08-22,Mumbai,Clothing,33,30360,1,Weekday
2023-08-22,Mumbai,Groceries,55,7645,1,Weekday
2023-08-22,Mumbai,Furniture,13,45760,0,Weekday
2023-08-22,Mumbai,Cosmetics,22,17336,0,Weekday
2023-08-22,Bangalore,Electronics,19,26011,1,Weekday
2023-08-22,Bangalore,Clothing,38,36138,0,Weekday
2023-08-22,Bangalore,Groceries,69,4692,0,Weekday
2023-08-22,Bangalore,Furniture,11,51887,0,Weekday
2023-08-22,Bangalore,Cosmetics,20,10620,0,Weekday
2023-08-22,Hyderabad,Electronics,21,47145,0,Weekday
2023-08-22,Hyderabad,Clothing,32,26464,0,Weekday
2023-08-22,Hyderabad,Groceries,54,4914,0,Weekday
2023-08-22,Hyderabad,Furniture,11,65956,0,Weekday
2023-08-22,Hyderabad,Cosmetics,29,21112,0,Weekday
2023-08-23,Kolkata,Electronics,26,44538,1,Weekday
2023-08-23,Kolkata,Clothing,31,23653,0,Weekday
2023-08-23,Kolkata,Groceries,53,8639,0,Weekday
2023-08-23,Kolkata,Furniture,11,22044,0,Weekday
2023-08-23,Kolkata,Cosmetics,25,5300,0,Weekday
2023-08-23,Delhi,Electronics,18,24894,0,Weekday
2023-08-23,Delhi,Clothing,43,31003,0,Weekday
2023-08-23,Delhi,Groceries,58,7308,0,Weekday
2023-08-23,Delhi,Furniture,10,50650,0,Weekday
2023-08-23,Delhi,Cosmetics,24,8976,0,Weekday
2023-08-23,Mumbai,Electronics,25,24625,0,Weekday
2023-08-23,Mumbai,Clothing,33,25773,0,Weekday
2023-08-23,Mumbai,Groceries,64,5632,0,Weekday
2023-08-23,Mumbai,Furniture,10,35440,0,Weekday
2023-08-23,Mumbai,Cosmetics,27,11664,1,Weekday
2023-08-23,Bangalore,Electronics,25,43075,1,Weekday
2023-08-23,Bangalore,Clothing,31,26660,0,Weekday
2023-08-23,Bangalore,Groceries,61,8601,0,Weekday
2023-08-23,Bangalore,Furniture,10,33470,0,Weekday
2023-08-23,Bangalore,Cosmetics,27,18846,0,Weekday
2023-08-23,Hyderabad,Electronics,22,51172,1,Weekday
2023-08-23,Hyderabad,Clothing,30,13620,0,Weekday
2023-08-23,Hyderabad,Groceries,66,4752,0,Weekday
2023-08-23,Hyderabad,Furniture,11,53361,0,Weekday
2023-08-23,Hyderabad,Cosmetics,18,5454,0,Weekday
2023-08-24,Kolkata,Electronics,27,49950,1,Weekday
2023-08-24,Kolkata,Clothing,32,35488,1,Weekday
2023-08-24,Kolkata,Groceries,73,13724,0,Weekday
2023-08-24,Kolkata,Furniture,8,33360,0,Weekday
2023-08-24,Kolkata,Cosmetics,27,8748,0,Weekday
2023-08-24,Delhi,Electronics,13,14846,0,Weekday
2023-08-24,Delhi,Clothing,40,31400,1,Weekday
2023-08-24,Delhi,Groceries,62,10044,0,Weekday
2023-08-24,Delhi,Furniture,11,65098,0,Weekday
2023-08-24,Delhi,Cosmetics,19,6498,0,Weekday
2023-08-24,Mumbai,Electronics,23,52302,0,Weekday
2023-08-24,Mumbai,Clothing,36,42804,0,Weekday
2023-08-24,Mumbai,Groceries,57,10545,1,Weekday
2023-08-24,Mumbai,Furniture,9,36819,0,Weekday
2023-08-24,Mumbai,Cosmetics,38,9994,1,Weekday
2023-08-24,Bangalore,Electronics,25,24300,0,Weekday
2023-08-24,Bangalore,Clothing,39,14625,0,Weekday
2023-08-24,Bangalore,Groceries,65,6175,0,Weekday
2023-08-24,Bangalore,Furniture,7,26761,0,Weekday
2023-08-24,Bangalore,Cosmetics,19,14763,0,Weekday
2023-08-24,Hyderabad,Electronics,18,22212,0,Weekday
2023-08-24,Hyderabad,Clothing,34,10302,0,Weekday
2023-08-24,Hyderabad,Groceries,54,10098,0,Weekday
2023-08-24,Hyderabad,Furniture,12,28860,1,Weekday
2023-08-24,Hyderabad,Cosmetics,30,9540,0,Weekday
2023-08-25,Kolkata,Electronics,15,16965,0,Weekday
2023-08-25,Kolkata,Clothing,40,21640,0,Weekday
2023-08-25,Kolkata,Groceries,41,2173,0,Weekday
2023-08-25,Kolkata,Furniture,9,32967,0,Weekday
2023-08-25,Kolkata,Cosmetics,24,9480,1,Weekday
2023-08-25,Delhi,Electronics,19,32623,0,Weekday
2023-08-25,Delhi,Clothing,34,24990,0,Weekday
2023-08-25,Delhi,Groceries,44,5324,0,Weekday
2023-08-25,Delhi,Furniture,13,76050,1,Weekday
2023-08-25,Delhi,Cosmetics,27,17631,0,Weekday
2023-08-25,Mumbai,Electronics,25,36200,1,Weekday
2023-08-25,Mumbai,Clothing,33,16302,1,Weekday
2023-08-25,Mumbai,Groceries,68,12240,0,Weekday
2023-08-25,Mumbai,Furniture,9,26073,0,Weekday
2023-08-25,Mumbai,Cosmetics,28,15316,1,Weekday
2023-08-25,Bangalore,Electronics,16,28240,0,Weekday
2023-08-25,Bangalore,Clothing,28,19544,0,Weekday
2023-08-25,Bangalore,Groceries,66,5544,0,Weekday
2023-08-25,Bangalore,Furniture,10,31600,0,Weekday
2023-08-25,Bangalore,Cosmetics,24,9768,0,Weekday
2023-08-25,Hyderabad,Electronics,18,39708,0,Weekday
2023-08-25,Hyderabad,Clothing,32,12992,0,Weekday
2023-08-25,Hyderabad,Groceries,61,11041,0,Weekday
2023-08-25,Hyderabad,Furniture,10,48710,0,Weekday
2023-08-25,Hyderabad,Cosmetics,26,17264,0,Weekday
2023-08-26,Kolkata,Electronics,24,29856,1,Weekend
2023-08-26,Kolkata,Clothing,53,56127,1,Weekend
2023-08-26,Kolkata,Groceries,51,8262,0,Weekend
2023-08-26,Kolkata,Furniture,9,50301,0,Weekend
2023-08-26,Kolkata,Cosmetics,28,20496,0,Weekend
2023-08-26,Delhi,Electronics,20,23740,1,Weekend
2023-08-26,Delhi,Clothing,32,30624,0,Weekend
2023-08-26,Delhi,Groceries,54,6264,1,Weekend
2023-08-26,Delhi,Furniture,11,32219,0,Weekend
2023-08-26,Delhi,Cosmetics,24,15648,1,Weekend
2023-08-26,Mumbai,Electronics,19,44859,1,Weekend
2023-08-26,Mumbai,Clothing,39,30654,1,Weekend
2023-08-26,Mumbai,Groceries,82,9430,1,Weekend
2023-08-26,Mumbai,Furniture,10,48380,1,Weekend
2023-08-26,Mumbai,Cosmetics,31,18352,1,Weekend
2023-08-26,Bangalore,Electronics,24,48792,1,Weekend
2023-08-26,Bangalore,Clothing,45,35460,0,Weekend
2023-08-26,Bangalore,Groceries,51,5712,0,Weekend
2023-08-26,Bangalore,Furniture,15,88245,1,Weekend
2023-08-26,Bangalore,Cosmetics,20,4240,0,Weekend
2023-08-26,Hyderabad,Electronics,23,35949,0,Weekend
2023-08-26,Hyderabad,Clothing,41,47765,1,Weekend
2023-08-26,Hyderabad,Groceries,67,12328,0,Weekend
2023-08-26,Hyderabad,Furniture,12,35328,1,Weekend
2023-08-26,Hyderabad,Cosmetics,24,14352,1,Weekend
2023-08-27,Kolkata,Electronics,22,24398,1,Weekend
2023-08-27,Kolkata,Clothing,28,22260,1,Weekend
2023-08-27,Kolkata,Groceries,48,8400,0,Weekend
2023-08-27,Kolkata,Furniture,13,77818,1,Weekend
2023-08-27,Kolkata,Cosmetics,23,16859,0,Weekend
2023-08-27,Delhi,Electronics,21,34293,0,Weekend
2023-08-27,Delhi,Clothing,32,28960,0,Weekend
2023-08-27,Delhi,Groceries,76,9196,1,Weekend
2023-08-27,Delhi,Furniture,12,70272,1,Weekend
2023-08-27,Delhi,Cosmetics,23,16606,0,Weekend
2023-08-27,Mumbai,Electronics,25,41650,0,Weekend
2023-08-27,Mumbai,Clothing,39,43212,1,Weekend
2023-08-27,Mumbai,Groceries,53,8215,0,Weekend
2023-08-27,Mumbai,Furniture,7,30184,0,Weekend
2023-08-27,Mumbai,Cosmetics,27,5238,0,Weekend
2023-08-27,Bangalore,Electronics,18,26550,0,Weekend
2023-08-27,Bangalore,Clothing,53,33178,1,Weekend
2023-08-27,Bangalore,Groceries,53,9010,1,Weekend
2023-08-27,Bangalore,Furniture,10,51790,1,Weekend
2023-08-27,Bangalore,Cosmetics,21,6783,0,Weekend
2023-08-27,Hyderabad,Electronics,20,43320,0,Weekend
2023-08-27,Hyderabad,Clothing,34,16626,0,Weekend
2023-08-27,Hyderabad,Groceries,75,7500,0,Weekend
2023-08-27,Hyderabad,Furniture,10,36960,1,Weekend
2023-08-27,Hyderabad,Cosmetics,27,9342,0,Weekend
2023-08-28,Kolkata,Electronics,17,14926,0,Weekday
2023-08-28,Kolkata,Clothing,38,11666,0,Weekday
2023-08-28,Kolkata,Groceries,43,4859,0,Weekday
2023-08-28,Kolkata,Furniture,10,47850,0,Weekday
2023-08-28,Kolkata,Cosmetics,19,5111,1,Weekday
2023-08-28,Delhi,Electronics,23,47771,0,Weekday
2023-08-28,Delhi,Clothing,33,23199,1,Weekday
2023-08-28,Delhi,Groceries,58,9628,0,Weekday
2023-08-28,Delhi,Furniture,9,42597,0,Weekday
2023-08-28,Delhi,Cosmetics,30,22110,0,Weekday
2023-08-28,Mumbai,Electronics,20,31860,0,Weekday
2023-08-28,Mumbai,Clothing,34,14892,0,Weekday
2023-08-28,Mumbai,Groceries,50,2850,0,Weekday
2023-08-28,Mumbai,Furniture,10,37340,1,Weekday
2023-08-28,Mumbai,Cosmetics,28,13552,0,Weekday
2023-08-28,Bangalore,Electronics,22,30602,0,Weekday
2023-08-28,Bangalore,Clothing,61,41846,1,Weekday
2023-08-28,Bangalore,Groceries,58,10440,0,Weekday
2023-08-28,Bangalore,Furniture,10,33620,0,Weekday
2023-08-28,Bangalore,Cosmetics,31,21762,1,Weekday
2023-08-28,Hyderabad,Electronics,19,41572,0,Weekday
2023-08-28,Hyderabad,Clothing,48,37200,0,Weekday
2023-08-28,Hyderabad,Groceries,60,6660,0,Weekday
2023-08-28,Hyderabad,Furniture,11,59796,0,Weekday
2023-08-28,Hyderabad,Cosmetics,19,14858,0,Weekday
2023-08-29,Kolkata,Electronics,18,25938,0,Weekday
2023-08-29,Kolkata,Clothing,37,27713,0,Weekday
2023-08-29,Kolkata,Groceries,66,12210,0,Weekday
2023-08-29,Kolkata,Furniture,10,37720,0,Weekday
2023-08-29,Kolkata,Cosmetics,33,13266,0,Weekday
2023-08-29,Delhi,Electronics,22,20174,0,Weekday
2023-08-29,Delhi,Clothing,33,12606,0,Weekday
2023-08-29,Delhi,Groceries,56,10696,0,Weekday
2023-08-29,Delhi,Furniture,11,59994,0,Weekday
2023-08-29,Delhi,Cosmetics,26,4108,0,Weekday
2023-08-29,Mumbai,Electronics,19,23750,0,Weekday
2023-08-29,Mumbai,Clothing,26,8372,0,Weekday
2023-08-29,Mumbai,Groceries,66,5478,0,Weekday
2023-08-29,Mumbai,Furniture,13,65858,0,Weekday
2023-08-29,Mumbai,Cosmetics,20,15140,0,Weekday
2023-08-29,Bangalore,Electronics,20,31360,0,Weekday
2023-08-29,Bangalore,Clothing,44,29920,0,Weekday
2023-08-29,Bangalore,Groceries,61,3660,0,Weekday
2023-08-29,Bangalore,Furniture,13,58513,1,Weekday
2023-08-29,Bangalore,Cosmetics,27,17253,1,Weekday
2023-08-29,Hyderabad,Electronics,15,23040,0,Weekday
2023-08-29,Hyderabad,Clothing,37,11988,0,Weekday
2023-08-29,Hyderabad,Groceries,48,3456,1,Weekday
2023-08-29,Hyderabad,Furniture,10,29750,0,Weekday
2023-08-29,Hyderabad,Cosmetics,25,5375,0,Weekday
2023-08-30,Kolkata,Electronics,23,55729,0,Weekday
2023-08-30,Kolkata,Clothing,38,35834,0,Weekday
2023-08-30,Kolkata,Groceries,65,5135,1,Weekday
2023-08-30,Kolkata,Furniture,10,21190,0,Weekday
2023-08-30,Kolkata,Cosmetics,26,5850,0,Weekday
2023-08-30,Delhi,Electronics,23,52026,0,Weekday
2023-08-30,Delhi,Clothing,36,31896,0,Weekday
2023-08-30,Delhi,Groceries,85,4505,1,Weekday
2023-08-30,Delhi,Furniture,10,28550,0,Weekday
2023-08-30,Delhi,Cosmetics,34,12478,1,Weekday
2023-08-30,Mumbai,Electronics,15,12765,0,Weekday
2023-08-30,Mumbai,Clothing,34,37162,0,Weekday
2023-08-30,Mumbai,Groceries,41,3403,0,Weekday
2023-08-30,Mumbai,Furniture,10,37320,0,Weekday
2023-08-30,Mumbai,Cosmetics,25,9825,0,Weekday
2023-08-30,Bangalore,Electronics,24,35280,0,Weekday
2023-08-30,Bangalore,Clothing,35,24850,0,Weekday
2023-08-30,Bangalore,Groceries,56,4088,0,Weekday
2023-08-30,Bangalore,Furniture,11,23738,0,Weekday
2023-08-30,Bangalore,Cosmetics,24,10248,1,Weekday
2023-08-30,Hyderabad,Electronics,20,24700,1,Weekday
2023-08-30,Hyderabad,Clothing,33,33000,1,Weekday
2023-08-30,Hyderabad,Groceries,55,2805,0,Weekday
2023-08-30,Hyderabad,Furniture,8,31272,0,Weekday
2023-08-30,Hyderabad,Cosmetics,28,4760,0,Weekday
2023-08-31,Kolkata,Electronics,22,28116,0,Weekday
2023-08-31,Kolkata,Clothing,30,32730,0,Weekday
2023-08-31,Kolkata,Groceries,67,6901,0,Weekday
2023-08-31,Kolkata,Furniture,8,25008,1,Weekday
2023-08-31,Kolkata,Cosmetics,28,7840,0,Weekday
2023-08-31,Delhi,Electronics,25,59675,1,Weekday
2023-08-31,Delhi,Clothing,29,28333,0,Weekday
2023-08-31,Delhi,Groceries,65,9425,0,Weekday
2023-08-31,Delhi,Furniture,10,58730,0,Weekday
2023-08-31,Delhi,Cosmetics,29,10005,0,Weekday
2023-08-31,Mumbai,Electronics,27,57969,0,Weekday
2023-08-31,Mumbai,Clothing,35,21840,0,Weekday
2023-08-31,Mumbai,Groceries,61,7869,1,Weekday
2023-08-31,Mumbai,Furniture,11,32516,0,Weekday
2023-08-31,Mumbai,Cosmetics,36,13428,1,Weekday
2023-08-31,Bangalore,Electronics,24,44304,1,Weekday
2023-08-31,Bangalore,Clothing,44,33572,1,Weekday
2023-08-31,Bangalore,Groceries,59,5015,1,Weekday
2023-08-31,Bangalore,Furniture,9,40941,0,Weekday
2023-08-31,Bangalore,Cosmetics,20,4340,1,Weekday
2023-08-31,Hyderabad,Electronics,21,49518,1,Weekday
2023-08-31,Hyderabad,Clothing,33,32670,0,Weekday
2023-08-31,Hyderabad,Groceries,71,12567,0,Weekday
2023-08-31,Hyderabad,Furniture,10,47500,0,Weekday
2023-08-31,Hyderabad,Cosmetics,26,9490,0,Weekday
2023-09-01,Kolkata,Electronics,31,39339,1,Weekday
2023-09-01,Kolkata,Clothing,36,14292,0,Weekday
2023-09-01,Kolkata,Groceries,63,5355,0,Weekday
2023-09-01,Kolkata,Furniture,10,49040,1,Weekday
2023-09-01,Kolkata,Cosmetics,29,11078,0,Weekday
2023-09-01,Delhi,Electronics,20,24100,0,Weekday
2023-09-01,Delhi,Clothing,28,8596,0,Weekday
2023-09-01,Delhi,Groceries,60,9840,0,Weekday
2023-09-01,Delhi,Furniture,7,14028,0,Weekday
2023-09-01,Delhi,Cosmetics,27,13338,0,Weekday
2023-09-01,Mumbai,Electronics,21,21399,0,Weekday
2023-09-01,Mumbai,Clothing,39,40872,0,Weekday
2023-09-01,Mumbai,Groceries,48,5280,0,Weekday
2023-09-01,Mumbai,Furniture,12,68328,0,Weekday
2023-09-01,Mumbai,Cosmetics,24,7128,0,Weekday
2023-09-01,Bangalore,Electronics,19,25916,0,Weekday
2023-09-01,Bangalore,Clothing,34,20468,0,Weekday
2023-09-01,Bangalore,Groceries,47,7896,0,Weekday
2023-09-01,Bangalore,Furniture,8,18296,0,Weekday
2023-09-01,Bangalore,Cosmetics,27,14121,1,Weekday
2023-09-01,Hyderabad,Electronics,21,42651,0,Weekday
2023-09-01,Hyderabad,Clothing,49,38661,1,Weekday
2023-09-01,Hyderabad,Groceries,63,8694,0,Weekday
2023-09-01,Hyderabad,Furniture,12,53340,0,Weekday
2023-09-01,Hyderabad,Cosmetics,29,8671,0,Weekday
2023-09-02,Kolkata,Electronics,17,25075,0,Weekend
2023-09-02,Kolkata,Clothing,34,17102,0,Weekend
2023-09-02,Kolkata,Groceries,62,10974,0,Weekend
2023-09-02,Kolkata,Furniture,11,40007,0,Weekend
2023-09-02,Kolkata,Cosmetics,30,15090,1,Weekend
2023-09-02,Delhi,Electronics,26,26572,0,Weekend
2023-09-02,Delhi,Clothing,29,18937,0,Weekend
2023-09-02,Delhi,Groceries,69,4554,0,Weekend
2023-09-02,Delhi,Furniture,8,40088,0,Weekend
2023-09-02,Delhi,Cosmetics,29,18821,1,Weekend
2023-09-02,Mumbai,Electronics,21,26628,0,Weekend
2023-09-02,Mumbai,Clothing,39,15054,1,Weekend
2023-09-02,Mumbai,Groceries,66,4686,1,Weekend
2023-09-02,Mumbai,Furniture,11,26136,0,Weekend
2023-09-02,Mumbai,Cosmetics,25,5200,0,Weekend
2023-09-02,Bangalore,Electronics,21,16884,0,Weekend
2023-09-02,Bangalore,Clothing,39,32214,1,Weekend
2023-09-02,Bangalore,Groceries,67,8107,0,Weekend
2023-09-02,Bangalore,Furniture,11,24805,1,Weekend
2023-09-02,Bangalore,Cosmetics,31,4867,0,Weekend
2023-09-02,Hyderabad,Electronics,21,45402,0,Weekend
2023-09-02,Hyderabad,Clothing,34,18088,0,Weekend
2023-09-02,Hyderabad,Groceries,67,6767,0,Weekend
2023-09-02,Hyderabad,Furniture,11,36751,1,Weekend
2023-09-02,Hyderabad,Cosmetics,31,22475,1,Weekend
2023-09-03,Kolkata,Electronics,23,24081,1,Weekend
2023-09-03,Kolkata,Clothing,34,22610,0,Weekend
2023-09-03,Kolkata,Groceries,73,4380,0,Weekend
2023-09-03,Kolkata,Furniture,11,54307,0,Weekend
2023-09-03,Kolkata,Cosmetics,30,5190,1,Weekend
2023-09-03,Delhi,Electronics,20,45060,0,Weekend
2023-09-03,Delhi,Clothing,35,33215,1,Weekend
2023-09-03,Delhi,Groceries,55,4675,0,Weekend
2023-09-03,Delhi,Furniture,10,54650,0,Weekend
2023-09-03,Delhi,Cosmetics,38,21204,1,Weekend
2023-09-03,Mumbai,Electronics,25,44225,0,Weekend
2023-09-03,Mumbai,Clothing,25,24700,0,Weekend
2023-09-03,Mumbai,Groceries,60,11580,0,Weekend
2023-09-03,Mumbai,Furniture,8,31176,0,Weekend
2023-09-03,Mumbai,Cosmetics,24,9216,0,Weekend
2023-09-03,Bangalore,Electronics,17,34935,0,Weekend
2023-09-03,Bangalore,Clothing,35,33250,0,Weekend
2023-09-03,Bangalore,Groceries,56,6776,0,Weekend
2023-09-03,Bangalore,Furniture,9,29943,0,Weekend
2023-09-03,Bangalore,Cosmetics,26,7254,0,Weekend
2023-09-03,Hyderabad,Electronics,22,51876,0,Weekend
2023-09-03,Hyderabad,Clothing,48,55728,1,Weekend
2023-09-03,Hyderabad,Groceries,73,4453,1,Weekend
2023-09-03,Hyderabad,Furniture,9,40068,1,Weekend
2023-09-03,Hyderabad,Cosmetics,21,10227,0,Weekend
2023-09-04,Kolkata,Electronics,16,25328,0,Weekday
2023-09-04,Kolkata,Clothing,37,19425,1,Weekday
2023-09-04,Kolkata,Groceries,68,4556,0,Weekday
2023-09-04,Kolkata,Furniture,8,31984,0,Weekday
2023-09-04,Kolkata,Cosmetics,25,11125,0,Weekday
2023-09-04,Delhi,Electronics,23,29693,0,Weekday
2023-09-04,Delhi,Clothing,30,30510,0,Weekday
2023-09-04,Delhi,Groceries,45,8280,0,Weekday
2023-09-04,Delhi,Furniture,8,31080,0,Weekday
2023-09-04,Delhi,Cosmetics,27,19845,0,Weekday
2023-09-04,Mumbai,Electronics,22,28754,0,Weekday
2023-09-04,Mumbai,Clothing,41,19680,0,Weekday
2023-09-04,Mumbai,Groceries,52,7800,0,Weekday
2023-09-04,Mumbai,Furniture,9,17712,0,Weekday
2023-09-04,Mumbai,Cosmetics,25,8525,0,Weekday
2023-09-04,Bangalore,Electronics,21,18732,1,Weekday
2023-09-04,Bangalore,Clothing,38,34276,0,Weekday
2023-09-04,Bangalore,Groceries,52,6656,1,Weekday
2023-09-04,Bangalore,Furniture,10,23030,1,Weekday
2023-09-04,Bangalore,Cosmetics,23,8349,0,Weekday
2023-09-04,Hyderabad,Electronics,22,51260,0,Weekday
2023-09-04,Hyderabad,Clothing,31,28892,0,Weekday
2023-09-04,Hyderabad,Groceries,54,7506,0,Weekday
2023-09-04,Hyderabad,Furniture,8,23584,0,Weekday
2023-09-04,Hyderabad,Cosmetics,28,9912,1,Weekday
2023-09-05,Kolkata,Electronics,16,22032,0,Weekday
2023-09-05,Kolkata,Clothing,30,17070,0,Weekday
2023-09-05,Kolkata,Groceries,66,3828,0,Weekday
2023-09-05,Kolkata,Furniture,9,39096,0,Weekday
2023-09-05,Kolkata,Cosmetics,24,8664,1,Weekday
2023-09-05,Delhi,Electronics,24,45240,1,Weekday
2023-09-05,Delhi,Clothing,27,17118,0,Weekday
2023-09-05,Delhi,Groceries,59,5546,1,Weekday
2023-09-05,Delhi,Furniture,11,18920,1,Weekday
2023-09-05,Delhi,Cosmetics,26,4160,0,Weekday
2023-09-05,Mumbai,Electronics,20,20480,0,Weekday
2023-09-05,Mumbai,Clothing,37,13209,1,Weekday
2023-09-05,Mumbai,Groceries,60,7080,0,Weekday
2023-09-05,Mumbai,Furniture,9,45684,1,Weekday
2023-09-05,Mumbai,Cosmetics,27,8532,0,Weekday
2023-09-05,Bangalore,Electronics,23,26197,1,Weekday
2023-09-05,Bangalore,Clothing,31,19871,1,Weekday
2023-09-05,Bangalore,Groceries,54,9504,0,Weekday
2023-09-05,Bangalore,Furniture,11,26081,0,Weekday
2023-09-05,Bangalore,Cosmetics,25,16800,1,Weekday
2023-09-05,Hyderabad,Electronics,27,48600,1,Weekday
2023-09-05,Hyderabad,Clothing,40,14800,0,Weekday
2023-09-05,Hyderabad,Groceries,59,6490,0,Weekday
2023-09-05,Hyderabad,Furniture,10,17890,0,Weekday
2023-09-05,Hyderabad,Cosmetics,31,7781,0,Weekday
2023-09-06,Kolkata,Electronics,24,19680,1,Weekday
2023-09-06,Kolkata,Clothing,41,20541,0,Weekday
2023-09-06,Kolkata,Groceries,56,4368,0,Weekday
2023-09-06,Kolkata,Furniture,10,21090,0,Weekday
2023-09-06,Kolkata,Cosmetics,27,4590,0,Weekday
2023-09-06,Delhi,Electronics,22,52756,0,Weekday
2023-09-06,Delhi,Clothing,40,30720,1,Weekday
2023-09-06,Delhi,Groceries,61,7442,0,Weekday
2023-09-06,Delhi,Furniture,8,24592,0,Weekday
2023-09-06,Delhi,Cosmetics,27,16173,1,Weekday
2023-09-06,Mumbai,Electronics,20,43740,0,Weekday
2023-09-06,Mumbai,Clothing,30,12390,0,Weekday
2023-09-06,Mumbai,Groceries,46,7360,0,Weekday
2023-09-06,Mumbai,Furniture,10,33490,0,Weekday
2023-09-06,Mumbai,Cosmetics,30,21540,1,Weekday
2023-09-06,Bangalore,Electronics,20,44140,0,Weekday
2023-09-06,Bangalore,Clothing,21,23163,0,Weekday
2023-09-06,Bangalore,Groceries,70,10360,0,Weekday
2023-09-06,Bangalore,Furniture,8,36288,0,Weekday
2023-09-06,Bangalore,Cosmetics,29,20503,0,Weekday
2023-09-06,Hyderabad,Electronics,21,46809,0,Weekday
2023-09-06,Hyderabad,Clothing,30,27240,0,Weekday
2023-09-06,Hyderabad,Groceries,53,5989,0,Weekday
2023-09-06,Hyderabad,Furniture,6,17028,0,Weekday
2023-09-06,Hyderabad,Cosmetics,22,6336,1,Weekday
2023-09-07,Kolkata,Electronics,19,27835,0,Weekday
2023-09-07,Kolkata,Clothing,36,11808,0,Weekday
2023-09-07,Kolkata,Groceries,86,6192,1,Weekday
2023-09-07,Kolkata,Furniture,11,20240,1,Weekday
2023-09-07,Kolkata,Cosmetics,19,15105,1,Weekday
2023-09-07,Delhi,Electronics,15,15825,0,Weekday
2023-09-07,Delhi,Clothing,43,47257,1,Weekday
2023-09-07,Delhi,Groceries,48,8064,0,Weekday
2023-09-07,Delhi,Furniture,8,21304,0,Weekday
2023-09-07,Delhi,Cosmetics,19,5567,0,Weekday
2023-09-07,Mumbai,Electronics,15,36240,0,Weekday
2023-09-07,Mumbai,Clothing,35,21630,0,Weekday
2023-09-07,Mumbai,Groceries,47,4888,0,Weekday
2023-09-07,Mumbai,Furniture,10,34250,1,Weekday
2023-09-07,Mumbai,Cosmetics,17,11611,0,Weekday
2023-09-07,Bangalore,Electronics,16,23040,0,Weekday
2023-09-07,Bangalore,Clothing,33,22176,0,Weekday
2023-09-07,Bangalore,Groceries,49,6125,0,Weekday
2023-09-07,Bangalore,Furniture,11,52855,1,Weekday
2023-09-07,Bangalore,Cosmetics,24,4392,1,Weekday
2023-09-07,Hyderabad,Electronics,20,41140,0,Weekday
2023-09-07,Hyderabad,Clothing,30,34110,0,Weekday
2023-09-07,Hyderabad,Groceries,61,4758,0,Weekday
2023-09-07,Hyderabad,Furniture,10,28330,0,Weekday
2023-09-07,Hyderabad,Cosmetics,23,14444,1,Weekday
2023-09-08,Kolkata,Electronics,20,29440,0,Weekday
2023-09-08,Kolkata,Clothing,35,33530,0,Weekday
2023-09-08,Kolkata,Groceries,59,7257,0,Weekday
2023-09-08,Kolkata,Furniture,11,58212,0,Weekday
2023-09-08,Kolkata,Cosmetics,32,23776,0,Weekday
2023-09-08,Delhi,Electronics,17,24174,0,Weekday
2023-09-08,Delhi,Clothing,35,22015,0,Weekday
2023-09-08,Delhi,Groceries,71,6177,0,Weekday
2023-09-08,Delhi,Furniture,9,51543,0,Weekday
2023-09-08,Delhi,Cosmetics,29,20184,1,Weekday
2023-09-08,Mumbai,Electronics,17,19516,0,Weekday
2023-09-08,Mumbai,Clothing,38,25916,1,Weekday
2023-09-08,Mumbai,Groceries,70,7140,0,Weekday
2023-09-08,Mumbai,Furniture,8,43928,0,Weekday
2023-09-08,Mumbai,Cosmetics,23,14444,0,Weekday
2023-09-08,Bangalore,Electronics,18,41706,0,Weekday
2023-09-08,Bangalore,Clothing,47,51512,1,Weekday
2023-09-08,Bangalore,Groceries,67,10720,1,Weekday
2023-09-08,Bangalore,Furniture,11,36850,0,Weekday
2023-09-08,Bangalore,Cosmetics,27,5454,1,Weekday
2023-09-08,Hyderabad,Electronics,17,35411,0,Weekday
2023-09-08,Hyderabad,Clothing,37,37555,0,Weekday
2023-09-08,Hyderabad,Groceries,55,4840,1,Weekday
2023-09-08,Hyderabad,Furniture,8,46368,0,Weekday
2023-09-08,Hyderabad,Cosmetics,13,7280,1,Weekday
2023-09-09,Kolkata,Electronics,24,58296,1,Weekend
2023-09-09,Kolkata,Clothing,35,18200,0,Weekend
2023-09-09,Kolkata,Groceries,80,10880,1,Weekend
2023-09-09,Kolkata,Furniture,11,60346,0,Weekend
2023-09-09,Kolkata,Cosmetics,22,17512,0,Weekend
2023-09-09,Delhi,Electronics,22,39754,1,Weekend
2023-09-09,Delhi,Clothing,34,34748,0,Weekend
2023-09-09,Delhi,Groceries,84,13860,1,Weekend
2023-09-09,Delhi,Furniture,14,65100,1,Weekend
2023-09-09,Delhi,Cosmetics,28,16100,1,Weekend
2023-09-09,Mumbai,Electronics,19,24681,0,Weekend
2023-09-09,Mumbai,Clothing,42,26838,1,Weekend
2023-09-09,Mumbai,Groceries,63,10458,0,Weekend
2023-09-09,Mumbai,Furniture,13,64857,1,Weekend
2023-09-09,Mumbai,Cosmetics,26,19682,0,Weekend
2023-09-09,Bangalore,Electronics,20,29440,1,Weekend
2023-09-09,Bangalore,Clothing,46,50554,1,Weekend
2023-09-09,Bangalore,Groceries,48,6336,0,Weekend
2023-09-09,Bangalore,Furniture,9,29313,1,Weekend
2023-09-09,Bangalore,Cosmetics,16,4848,0,Weekend
2023-09-09,Hyderabad,Electronics,21,27321,1,Weekend
2023-09-09,Hyderabad,Clothing,49,20825,1,Weekend
2023-09-09,Hyderabad,Groceries,59,9086,0,Weekend
2023-09-09,Hyderabad,Furniture,10,17970,0,Weekend
2023-09-09,Hyderabad,Cosmetics,30,13290,0,Weekend
2023-09-10,Kolkata,Electronics,26,57434,0,Weekend
2023-09-10,Kolkata,Clothing,37,20350,1,Weekend
2023-09-10,Kolkata,Groceries,37,5032,0,Weekend
2023-09-10,Kolkata,Furniture,8,13080,0,Weekend
2023-09-10,Kolkata,Cosmetics,28,12516,0,Weekend
2023-09-10,Delhi,Electronics,18,22878,0,Weekend
2023-09-10,Delhi,Clothing,29,34597,1,Weekend
2023-09-10,Delhi,Groceries,65,4355,0,Weekend
2023-09-10,Delhi,Furniture,12,37032,0,Weekend
2023-09-10,Delhi,Cosmetics,19,10906,1,Weekend
2023-09-10,Mumbai,Electronics,15,19620,0,Weekend
2023-09-10,Mumbai,Clothing,43,15007,1,Weekend
2023-09-10,Mumbai,Groceries,51,7140,0,Weekend
2023-09-10,Mumbai,Furniture,9,33066,0,Weekend
2023-09-10,Mumbai,Cosmetics,32,22560,1,Weekend
2023-09-10,Bangalore,Electronics,20,28660,0,Weekend
2023-09-10,Bangalore,Clothing,36,15516,0,Weekend
2023-09-10,Bangalore,Groceries,65,3575,1,Weekend
2023-09-10,Bangalore,Furniture,7,15162,0,Weekend
2023-09-10,Bangalore,Cosmetics,26,19266,0,Weekend
2023-09-10,Hyderabad,Electronics,16,35392,0,Weekend
2023-09-10,Hyderabad,Clothing,32,35456,0,Weekend
2023-09-10,Hyderabad,Groceries,39,5382,0,Weekend
2023-09-10,Hyderabad,Furniture,9,52848,0,Weekend
2023-09-10,Hyderabad,Cosmetics,20,7560,0,Weekend
2023-09-11,Kolkata,Electronics,21,19047,0,Weekday
2023-09-11,Kolkata,Clothing,33,13035,0,Weekday
2023-09-11,Kolkata,Groceries,59,9676,0,Weekday
2023-09-11,Kolkata,Furniture,13,69407,1,Weekday
2023-09-11,Kolkata,Cosmetics,31,12369,0,Weekday
2023-09-11,Delhi,Electronics,25,22050,1,Weekday
2023-09-11,Delhi,Clothing,32,13472,0,Weekday
2023-09-11,Delhi,Groceries,47,4371,0,Weekday
2023-09-11,Delhi,Furniture,9,49941,0,Weekday
2023-09-11,Delhi,Cosmetics,23,7636,0,Weekday
2023-09-11,Mumbai,Electronics,21,24486,0,Weekday
2023-09-11,Mumbai,Clothing,31,19499,0,Weekday
2023-09-11,Mumbai,Groceries,35,6265,0,Weekday
2023-09-11,Mumbai,Furniture,8,30672,0,Weekday
2023-09-11,Mumbai,Cosmetics,27,10395,0,Weekday
2023-09-11,Bangalore,Electronics,18,31518,0,Weekday
2023-09-11,Bangalore,Clothing,40,35480,1,Weekday
2023-09-11,Bangalore,Groceries,58,9744,0,Weekday
2023-09-11,Bangalore,Furniture,8,45512,0,Weekday
2023-09-11,Bangalore,Cosmetics,26,11180,0,Weekday
2023-09-11,Hyderabad,Electronics,20,28440,0,Weekday
2023-09-11,Hyderabad,Clothing,31,9734,0,Weekday
2023-09-11,Hyderabad,Groceries,62,5456,1,Weekday
2023-09-11,Hyderabad,Furniture,13,48087,1,Weekday
2023-09-11,Hyderabad,Cosmetics,18,12708,0,Weekday
2023-09-12,Kolkata,Electronics,20,29300,1,Weekday
2023-09-12,Kolkata,Clothing,37,12839,0,Weekday
2023-09-12,Kolkata,Groceries,62,11098,0,Weekday
2023-09-12,Kolkata,Furniture,7,27650,0,Weekday
2023-09-12,Kolkata,Cosmetics,26,16614,0,Weekday
2023-09-12,Delhi,Electronics,19,29830,0,Weekday
2023-09-12,Delhi,Clothing,25,20225,0,Weekday
2023-09-12,Delhi,Groceries,66,4620,1,Weekday
2023-09-12,Delhi,Furniture,11,44066,1,Weekday
2023-09-12,Delhi,Cosmetics,28,5656,0,Weekday
2023-09-12,Mumbai,Electronics,19,25156,0,Weekday
2023-09-12,Mumbai,Clothing,25,21675,0,Weekday
2023-09-12,Mumbai,Groceries,56,5656,0,Weekday
2023-09-12,Mumbai,Furniture,10,28960,0,Weekday
2023-09-12,Mumbai,Cosmetics,22,12210,1,Weekday
2023-09-12,Bangalore,Electronics,18,25200,0,Weekday
2023-09-12,Bangalore,Clothing,49,52136,1,Weekday
2023-09-12,Bangalore,Groceries,48,5856,0,Weekday
2023-09-12,Bangalore,Furniture,12,39468,1,Weekday
2023-09-12,Bangalore,Cosmetics,23,8855,0,Weekday
2023-09-12,Hyderabad,Electronics,19,34599,0,Weekday
2023-09-12,Hyderabad,Clothing,36,11484,1,Weekday
2023-09-12,Hyderabad,Groceries,56,10640,0,Weekday
2023-09-12,Hyderabad,Furniture,11,25784,0,Weekday
2023-09-12,Hyderabad,Cosmetics,31,12803,1,Weekday
2023-09-13,Kolkata,Electronics,22,53966,0,Weekday
2023-09-13,Kolkata,Clothing,38,23522,1,Weekday
2023-09-13,Kolkata,Groceries,44,2640,0,Weekday
2023-09-13,Kolkata,Furniture,11,56474,1,Weekday
2023-09-13,Kolkata,Cosmetics,24,10872,0,Weekday
2023-09-13,Delhi,Electronics,23,19067,0,Weekday
2023-09-13,Delhi,Clothing,42,13818,1,Weekday
2023-09-13,Delhi,Groceries,53,3869,0,Weekday
2023-09-13,Delhi,Furniture,7,26761,0,Weekday
2023-09-13,Delhi,Cosmetics,28,11340,0,Weekday
2023-09-13,Mumbai,Electronics,20,39400,0,Weekday
2023-09-13,Mumbai,Clothing,30,15840,0,Weekday
2023-09-13,Mumbai,Groceries,62,6262,0,Weekday
2023-09-13,Mumbai,Furniture,8,26232,0,Weekday
2023-09-13,Mumbai,Cosmetics,30,12720,0,Weekday
2023-09-13,Bangalore,Electronics,20,17040,0,Weekday
2023-09-13,Bangalore,Clothing,24,20808,0,Weekday
2023-09-13,Bangalore,Groceries,69,12282,0,Weekday
2023-09-13,Bangalore,Furniture,10,21050,0,Weekday
2023-09-13,Bangalore,Cosmetics,23,7935,0,Weekday
2023-09-13,Hyderabad,Electronics,24,23832,1,Weekday
2023-09-13,Hyderabad,Clothing,37,33300,0,Weekday
2023-09-13,Hyderabad,Groceries,54,9018,1,Weekday
2023-09-13,Hyderabad,Furniture,11,38247,1,Weekday
2023-09-13,Hyderabad,Cosmetics,28,17360,0,Weekday
2023-09-14,Kolkata,Electronics,19,26391,0,Weekday
2023-09-14,Kolkata,Clothing,31,34286,0,Weekday
2023-09-14,Kolkata,Groceries,60,6240,0,Weekday
2023-09-14,Kolkata,Furniture,10,56100,1,Weekday
2023-09-14,Kolkata,Cosmetics,30,8580,1,Weekday
2023-09-14,Delhi,Electronics,23,36064,0,Weekday
2023-09-14,Delhi,Clothing,29,26970,0,Weekday
2023-09-14,Delhi,Groceries,58,5336,1,Weekday
2023-09-14,Delhi,Furniture,8,19056,1,Weekday
2023-09-14,Delhi,Cosmetics,29,10324,1,Weekday
2023-09-14,Mumbai,Electronics,24,28752,0,Weekday
2023-09-14,Mumbai,Clothing,37,18463,1,Weekday
2023-09-14,Mumbai,Groceries,75,4050,0,Weekday
2023-09-14,Mumbai,Furniture,7,30072,0,Weekday
2023-09-14,Mumbai,Cosmetics,20,3320,0,Weekday
2023-09-14,Bangalore,Electronics,21,37359,0,Weekday
2023-09-14,Bangalore,Clothing,23,7107,0,Weekday
2023-09-14,Bangalore,Groceries,59,10443,0,Weekday
2023-09-14,Bangalore,Furniture,9,26343,1,Weekday
2023-09-14,Bangalore,Cosmetics,23,13179,0,Weekday
2023-09-14,Hyderabad,Electronics,24,39048,0,Weekday
2023-09-14,Hyderabad,Clothing,43,44849,0,Weekday
2023-09-14,Hyderabad,Groceries,59,10266,0,Weekday
2023-09-14,Hyderabad,Furniture,10,26470,0,Weekday
2023-09-14,Hyderabad,Cosmetics,24,9360,0,Weekday
2023-09-15,Kolkata,Electronics,25,38325,1,Weekday
2023-09-15,Kolkata,Clothing,34,26928,0,Weekday
2023-09-15,Kolkata,Groceries,58,7598,0,Weekday
2023-09-15,Kolkata,Furniture,10,24300,0,Weekday
2023-09-15,Kolkata,Cosmetics,20,12420,0,Weekday
2023-09-15,Delhi,Electronics,20,38880,0,Weekday
2023-09-15,Delhi,Clothing,44,30756,1,Weekday
2023-09-15,Delhi,Groceries,50,5150,0,Weekday
2023-09-15,Delhi,Furniture,12,25608,0,Weekday
2023-09-15,Delhi,Cosmetics,25,5875,0,Weekday
2023-09-15,Mumbai,Electronics,25,56850,1,Weekday
2023-09-15,Mumbai,Clothing,35,34860,0,Weekday
2023-09-15,Mumbai,Groceries,49,7742,0,Weekday
2023-09-15,Mumbai,Furniture,11,26818,0,Weekday
2023-09-15,Mumbai,Cosmetics,21,12096,0,Weekday
2023-09-15,Bangalore,Electronics,21,37296,0,Weekday
2023-09-15,Bangalore,Clothing,34,31994,0,Weekday
2023-09-15,Bangalore,Groceries,59,6608,1,Weekday
2023-09-15,Bangalore,Furniture,10,55720,0,Weekday
2023-09-15,Bangalore,Cosmetics,25,4350,0,Weekday
2023-09-15,Hyderabad,Electronics,18,17262,0,Weekday
2023-09-15,Hyderabad,Clothing,29,19691,0,Weekday
2023-09-15,Hyderabad,Groceries,70,6510,1,Weekday
2023-09-15,Hyderabad,Furniture,9,40068,0,Weekday
2023-09-15,Hyderabad,Cosmetics,25,14725,0,Weekday
2023-09-16,Kolkata,Electronics,18,21330,1,Weekend
2023-09-16,Kolkata,Clothing,28,18872,0,Weekend
2023-09-16,Kolkata,Groceries,70,8400,1,Weekend
2023-09-16,Kolkata,Furniture,12,55464,1,Weekend
2023-09-16,Kolkata,Cosmetics,26,16380,0,Weekend
2023-09-16,Delhi,Electronics,20,24480,0,Weekend
2023-09-16,Delhi,Clothing,44,38060,0,Weekend
2023-09-16,Delhi,Groceries,61,10065,1,Weekend
2023-09-16,Delhi,Furniture,11,35057,0,Weekend
2023-09-16,Delhi,Cosmetics,28,5544,0,Weekend
2023-09-16,Mumbai,Electronics,17,23851,0,Weekend
2023-09-16,Mumbai,Clothing,34,11798,0,Weekend
2023-09-16,Mumbai,Groceries,61,3355,0,Weekend
2023-09-16,Mumbai,Furniture,11,56012,0,Weekend
2023-09-16,Mumbai,Cosmetics,36,7236,1,Weekend
2023-09-16,Bangalore,Electronics,26,39234,1,Weekend
2023-09-16,Bangalore,Clothing,37,17168,0,Weekend
2023-09-16,Bangalore,Groceries,61,7808,1,Weekend
2023-09-16,Bangalore,Furniture,11,31548,1,Weekend
2023-09-16,Bangalore,Cosmetics,34,13498,1,Weekend
2023-09-16,Hyderabad,Electronics,17,41412,0,Weekend
2023-09-16,Hyderabad,Clothing,35,25305,1,Weekend
2023-09-16,Hyderabad,Groceries,47,7238,0,Weekend
2023-09-16,Hyderabad,Furniture,9,32427,0,Weekend
2023-09-16,Hyderabad,Cosmetics,35,22435,1,Weekend
2023-09-17,Kolkata,Electronics,17,20638,0,Weekend
2023-09-17,Kolkata,Clothing,29,20880,0,Weekend
2023-09-17,Kolkata,Groceries,40,4200,0,Weekend
2023-09-17,Kolkata,Furniture,11,35750,0,Weekend
2023-09-17,Kolkata,Cosmetics,24,7752,1,Weekend
2023-09-17,Delhi,Electronics,20,24720,0,Weekend
2023-09-17,Delhi,Clothing,28,25956,0,Weekend
2023-09-17,Delhi,Groceries,59,10266,0,Weekend
2023-09-17,Delhi,Furniture,9,18945,0,Weekend
2023-09-17,Delhi,Cosmetics,20,7780,0,Weekend
2023-09-17,Mumbai,Electronics,24,56280,0,Weekend
2023-09-17,Mumbai,Clothing,40,21880,1,Weekend
2023-09-17,Mumbai,Groceries,81,9315,1,Weekend
2023-09-17,Mumbai,Furniture,11,35156,0,Weekend
2023-09-17,Mumbai,Cosmetics,33,20856,0,Weekend
2023-09-17,Bangalore,Electronics,22,44132,1,Weekend
2023-09-17,Bangalore,Clothing,30,21990,0,Weekend
2023-09-17,Bangalore,Groceries,59,6431,0,Weekend
2023-09-17,Bangalore,Furniture,12,42792,0,Weekend
2023-09-17,Bangalore,Cosmetics,28,7196,1,Weekend
2023-09-17,Hyderabad,Electronics,19,34143,1,Weekend
2023-09-17,Hyderabad,Clothing,32,35200,1,Weekend
2023-09-17,Hyderabad,Groceries,62,11036,0,Weekend
2023-09-17,Hyderabad,Furniture,13,50258,1,Weekend
2023-09-17,Hyderabad,Cosmetics,33,11781,1,Weekend
2023-09-18,Kolkata,Electronics,19,33630,0,Weekday
2023-09-18,Kolkata,Clothing,41,33005,0,Weekday
2023-09-18,Kolkata,Groceries,63,9324,0,Weekday
2023-09-18,Kolkata,Furniture,11,50479,0,Weekday
2023-09-18,Kolkata,Cosmetics,26,17888,0,Weekday
2023-09-18,Delhi,Electronics,21,27342,0,Weekday
2023-09-18,Delhi,Clothing,28,11088,0,Weekday
2023-09-18,Delhi,Groceries,49,9702,0,Weekday
2023-09-18,Delhi,Furniture,13,67132,0,Weekday
2023-09-18,Delhi,Cosmetics,24,3984,0,Weekday
2023-09-18,Mumbai,Electronics,26,38610,0,Weekday
2023-09-18,Mumbai,Clothing,35,27195,0,Weekday
2023-09-18,Mumbai,Groceries,66,5874,0,Weekday
2023-09-18,Mumbai,Furniture,9,29664,0,Weekday
2023-09-18,Mumbai,Cosmetics,30,20970,0,Weekday
2023-09-18,Bangalore,Electronics,19,41971,0,Weekday
2023-09-18,Bangalore,Clothing,30,19200,0,Weekday
2023-09-18,Bangalore,Groceries,68,11968,0,Weekday
2023-09-18,Bangalore,Furniture,11,27665,0,Weekday
2023-09-18,Bangalore,Cosmetics,24,4824,0,Weekday
2023-09-18,Hyderabad,Electronics,19,29963,0,Weekday
2023-09-18,Hyderabad,Clothing,37,32523,0,Weekday
2023-09-18,Hyderabad,Groceries,58,7830,0,Weekday
2023-09-18,Hyderabad,Furniture,9,37251,0,Weekday
2023-09-18,Hyderabad,Cosmetics,24,14928,1,Weekday
2023-09-19,Kolkata,Electronics,23,33051,0,Weekday
2023-09-19,Kolkata,Clothing,37,14911,0,Weekday
2023-09-19,Kolkata,Groceries,81,14742,1,Weekday
2023-09-19,Kolkata,Furniture,12,31452,0,Weekday
2023-09-19,Kolkata,Cosmetics,27,14634,0,Weekday
2023-09-19,Delhi,Electronics,26,27690,1,Weekday
2023-09-19,Delhi,Clothing,33,14454,0,Weekday
2023-09-19,Delhi,Groceries,58,11136,0,Weekday
2023-09-19,Delhi,Furniture,9,49716,0,Weekday
2023-09-19,Delhi,Cosmetics,25,19725,0,Weekday
2023-09-19,Mumbai,Electronics,17,40630,0,Weekday
2023-09-19,Mumbai,Clothing,36,13860,0,Weekday
2023-09-19,Mumbai,Groceries,65,8125,0,Weekday
2023-09-19,Mumbai,Furniture,10,45350,0,Weekday
2023-09-19,Mumbai,Cosmetics,21,3360,0,Weekday
2023-09-19,Bangalore,Electronics,19,22515,0,Weekday
2023-09-19,Bangalore,Clothing,32,20960,0,Weekday
2023-09-19,Bangalore,Groceries,78,5226,1,Weekday
2023-09-19,Bangalore,Furniture,9,53343,1,Weekday
2023-09-19,Bangalore,Cosmetics,26,6188,1,Weekday
2023-09-19,Hyderabad,Electronics,16,13424,0,Weekday
2023-09-19,Hyderabad,Clothing,36,40428,0,Weekday
2023-09-19,Hyderabad,Groceries,51,4182,0,Weekday
2023-09-19,Hyderabad,Furniture,9,18387,0,Weekday
2023-09-19,Hyderabad,Cosmetics,22,5896,0,Weekday
2023-09-20,Kolkata,Electronics,15,31560,0,Weekday
2023-09-20,Kolkata,Clothing,30,25290,0,Weekday
2023-09-20,Kolkata,Groceries,22,1188,0,Weekday
2023-09-20,Kolkata,Furniture,10,23580,0,Weekday
2023-09-20,Kolkata,Cosmetics,30,13110,0,Weekday
2023-09-20,Delhi,Electronics,17,29682,0,Weekday
2023-09-20,Delhi,Clothing,34,31212,0,Weekday
2023-09-20,Delhi,Groceries,67,10117,1,Weekday
2023-09-20,Delhi,Furniture,8,16432,0,Weekday
2023-09-20,Delhi,Cosmetics,30,22140,1,Weekday
2023-09-20,Mumbai,Electronics,20,22340,0,Weekday
2023-09-20,Mumbai,Clothing,24,7728,0,Weekday
2023-09-20,Mumbai,Groceries,84,14952,1,Weekday
2023-09-20,Mumbai,Furniture,10,56330,1,Weekday
2023-09-20,Mumbai,Cosmetics,28,21504,0,Weekday
2023-09-20,Bangalore,Electronics,18,31932,0,Weekday
2023-09-20,Bangalore,Clothing,33,24618,0,Weekday
2023-09-20,Bangalore,Groceries,64,9728,1,Weekday
2023-09-20,Bangalore,Furniture,11,28622,0,Weekday
2023-09-20,Bangalore,Cosmetics,20,5760,0,Weekday
2023-09-20,Hyderabad,Electronics,29,44196,1,Weekday
2023-09-20,Hyderabad,Clothing,29,25636,0,Weekday
2023-09-20,Hyderabad,Groceries,55,7920,0,Weekday
2023-09-20,Hyderabad,Furniture,11,36828,1,Weekday
2023-09-20,Hyderabad,Cosmetics,25,11600,0,Weekday
2023-09-21,Kolkata,Electronics,17,35275,0,Weekday
2023-09-21,Kolkata,Clothing,35,16205,1,Weekday
2023-09-21,Kolkata,Groceries,74,7992,0,Weekday
2023-09-21,Kolkata,Furniture,8,32800,0,Weekday
2023-09-21,Kolkata,Cosmetics,23,16997,0,Weekday
2023-09-21,Delhi,Electronics,13,24934,0,Weekday
2023-09-21,Delhi,Clothing,36,40320,0,Weekday
2023-09-21,Delhi,Groceries,57,7353,0,Weekday
2023-09-21,Delhi,Furniture,10,23880,0,Weekday
2023-09-21,Delhi,Cosmetics,34,18462,1,Weekday
2023-09-21,Mumbai,Electronics,18,28674,0,Weekday
2023-09-21,Mumbai,Clothing,39,38766,0,Weekday
2023-09-21,Mumbai,Groceries,65,3770,0,Weekday
2023-09-21,Mumbai,Furniture,7,40873,0,Weekday
2023-09-21,Mumbai,Cosmetics,21,9996,0,Weekday
2023-09-21,Bangalore,Electronics,15,15990,0,Weekday
2023-09-21,Bangalore,Clothing,27,20169,0,Weekday
2023-09-21,Bangalore,Groceries,65,8580,1,Weekday
2023-09-21,Bangalore,Furniture,10,15840,0,Weekday
2023-09-21,Bangalore,Cosmetics,27,4212,0,Weekday
2023-09-21,Hyderabad,Electronics,24,56232,0,Weekday
2023-09-21,Hyderabad,Clothing,35,24885,1,Weekday
2023-09-21,Hyderabad,Groceries,68,4556,0,Weekday
2023-09-21,Hyderabad,Furniture,10,25830,0,Weekday
2023-09-21,Hyderabad,Cosmetics,20,13560,0,Weekday
2023-09-22,Kolkata,Electronics,21,21336,0,Weekday
2023-09-22,Kolkata,Clothing,40,20240,1,Weekday
2023-09-22,Kolkata,Groceries,47,7285,1,Weekday
2023-09-22,Kolkata,Furniture,8,41752,0,Weekday
2023-09-22,Kolkata,Cosmetics,25,19825,0,Weekday
2023-09-22,Delhi,Electronics,18,18990,0,Weekday
2023-09-22,Delhi,Clothing,34,33864,0,Weekday
2023-09-22,Delhi,Groceries,63,3339,0,Weekday
2023-09-22,Delhi,Furniture,8,25856,0,Weekday
2023-09-22,Delhi,Cosmetics,28,8932,1,Weekday
2023-09-22,Mumbai,Electronics,20,40000,0,Weekday
2023-09-22,Mumbai,Clothing,36,41724,1,Weekday
2023-09-22,Mumbai,Groceries,68,11764,0,Weekday
2023-09-22,Mumbai,Furniture,13,58799,0,Weekday
2023-09-22,Mumbai,Cosmetics,21,14196,0,Weekday
2023-09-22,Bangalore,Electronics,25,32300,1,Weekday
2023-09-22,Bangalore,Clothing,47,50572,1,Weekday
2023-09-22,Bangalore,Groceries,73,6351,1,Weekday
2023-09-22,Bangalore,Furniture,11,51733,0,Weekday
2023-09-22,Bangalore,Cosmetics,28,4984,0,Weekday
2023-09-22,Hyderabad,Electronics,23,56120,0,Weekday
2023-09-22,Hyderabad,Clothing,34,18190,0,Weekday
2023-09-22,Hyderabad,Groceries,71,10721,0,Weekday
2023-09-22,Hyderabad,Furniture,9,36900,0,Weekday
2023-09-22,Hyderabad,Cosmetics,27,19251,0,Weekday
2023-09-23,Kolkata,Electronics,27,43470,1,Weekend
2023-09-23,Kolkata,Clothing,37,34780,1,Weekend
2023-09-23,Kolkata,Groceries,60,11520,1,Weekend
2023-09-23,Kolkata,Furniture,13,50297,0,Weekend
2023-09-23,Kolkata,Cosmetics,25,15275,1,Weekend
2023-09-23,Delhi,Electronics,19,15276,1,Weekend
2023-09-23,Delhi,Clothing,46,45816,1,Weekend
2023-09-23,Delhi,Groceries,59,4307,1,Weekend
2023-09-23,Delhi,Furniture,12,28248,1,Weekend
2023-09-23,Delhi,Cosmetics,31,11625,1,Weekend
2023-09-23,Mumbai,Electronics,26,27872,1,Weekend
2023-09-23,Mumbai,Clothing,31,11532,0,Weekend
2023-09-23,Mumbai,Groceries,61,3965,1,Weekend
2023-09-23,Mumbai,Furniture,8,30816,0,Weekend
2023-09-23,Mumbai,Cosmetics,28,21560,0,Weekend
2023-09-23,Bangalore,Electronics,21,28833,0,Weekend
2023-09-23,Bangalore,Clothing,41,14924,1,Weekend
2023-09-23,Bangalore,Groceries,58,6148,0,Weekend
2023-09-23,Bangalore,Furniture,11,37664,1,Weekend
2023-09-23,Bangalore,Cosmetics,25,9425,0,Weekend
2023-09-23,Hyderabad,Electronics,18,19026,0,Weekend
2023-09-23,Hyderabad,Clothing,39,19032,0,Weekend
2023-09-23,Hyderabad,Groceries,69,4830,0,Weekend
2023-09-23,Hyderabad,Furniture,10,35070,1,Weekend
2023-09-23,Hyderabad,Cosmetics,23,10304,0,Weekend
2023-09-24,Kolkata,Electronics,28,67732,1,Weekend
2023-09-24,Kolkata,Clothing,33,17853,0,Weekend
2023-09-24,Kolkata,Groceries,47,2914,0,Weekend
2023-09-24,Kolkata,Furniture,12,30240,1,Weekend
2023-09-24,Kolkata,Cosmetics,31,11346,0,Weekend
2023-09-24,Delhi,Electronics,13,15990,1,Weekend
2023-09-24,Delhi,Clothing,40,33720,0,Weekend
2023-09-24,Delhi,Groceries,44,3652,0,Weekend
2023-09-24,Delhi,Furniture,9,13923,0,Weekend
2023-09-24,Delhi,Cosmetics,28,10892,1,Weekend
2023-09-24,Mumbai,Electronics,22,27830,0,Weekend
2023-09-24,Mumbai,Clothing,36,36648,0,Weekend
2023-09-24,Mumbai,Groceries,54,6210,0,Weekend
2023-09-24,Mumbai,Furniture,12,24672,1,Weekend
2023-09-24,Mumbai,Cosmetics,20,6000,0,Weekend
2023-09-24,Bangalore,Electronics,18,16614,0,Weekend
2023-09-24,Bangalore,Clothing,30,22680,0,Weekend
2023-09-24,Bangalore,Groceries,68,5712,1,Weekend
2023-09-24,Bangalore,Furniture,9,25029,1,Weekend
2023-09-24,Bangalore,Cosmetics,27,16902,0,Weekend
2023-09-24,Hyderabad,Electronics,19,46227,0,Weekend
2023-09-24,Hyderabad,Clothing,40,42040,0,Weekend
2023-09-24,Hyderabad,Groceries,51,8058,0,Weekend
2023-09-24,Hyderabad,Furniture,11,38038,1,Weekend
2023-09-24,Hyderabad,Cosmetics,21,6909,0,Weekend
2023-09-25,Kolkata,Electronics,19,30723,1,Weekday
2023-09-25,Kolkata,Clothing,33,25641,0,Weekday
2023-09-25,Kolkata,Groceries,68,12104,0,Weekday
2023-09-25,Kolkata,Furniture,10,50410,0,Weekday
2023-09-25,Kolkata,Cosmetics,28,4900,0,Weekday
2023-09-25,Delhi,Electronics,21,17346,0,Weekday
2023-09-25,Delhi,Clothing,42,24234,1,Weekday
2023-09-25,Delhi,Groceries,62,11532,1,Weekday
2023-09-25,Delhi,Furniture,11,56507,0,Weekday
2023-09-25,Delhi,Cosmetics,25,9075,0,Weekday
2023-09-25,Mumbai,Electronics,22,25806,0,Weekday
2023-09-25,Mumbai,Clothing,33,10197,0,Weekday
2023-09-25,Mumbai,Groceries,45,2700,0,Weekday
2023-09-25,Mumbai,Furniture,8,31104,0,Weekday
2023-09-25,Mumbai,Cosmetics,27,9504,0,Weekday
2023-09-25,Bangalore,Electronics,30,56220,1,Weekday
2023-09-25,Bangalore,Clothing,38,15010,0,Weekday
2023-09-25,Bangalore,Groceries,69,10971,1,Weekday
2023-09-25,Bangalore,Furniture,8,26024,0,Weekday
2023-09-25,Bangalore,Cosmetics,29,13833,0,Weekday
2023-09-25,Hyderabad,Electronics,18,44460,1,Weekday
2023-09-25,Hyderabad,Clothing,39,18291,0,Weekday
2023-09-25,Hyderabad,Groceries,47,9165,0,Weekday
2023-09-25,Hyderabad,Furniture,9,35415,0,Weekday
2023-09-25,Hyderabad,Cosmetics,16,2432,0,Weekday
2023-09-26,Kolkata,Electronics,22,30954,0,Weekday
2023-09-26,Kolkata,Clothing,32,13088,0,Weekday
2023-09-26,Kolkata,Groceries,61,11529,1,Weekday
2023-09-26,Kolkata,Furniture,11,42735,1,Weekday
2023-09-26,Kolkata,Cosmetics,26,20774,0,Weekday
2023-09-26,Delhi,Electronics,23,19895,1,Weekday
2023-09-26,Delhi,Clothing,29,10788,0,Weekday
2023-09-26,Delhi,Groceries,57,3249,0,Weekday
2023-09-26,Delhi,Furniture,8,14040,0,Weekday
2023-09-26,Delhi,Cosmetics,26,20020,0,Weekday
2023-09-26,Mumbai,Electronics,23,38341,0,Weekday
2023-09-26,Mumbai,Clothing,35,37695,1,Weekday
2023-09-26,Mumbai,Groceries,67,6566,0,Weekday
2023-09-26,Mumbai,Furniture,12,51936,1,Weekday
2023-09-26,Mumbai,Cosmetics,27,5130,0,Weekday
2023-09-26,Bangalore,Electronics,23,40112,0,Weekday
2023-09-26,Bangalore,Clothing,30,19410,0,Weekday
2023-09-26,Bangalore,Groceries,73,10293,0,Weekday
2023-09-26,Bangalore,Furniture,8,31048,1,Weekday
2023-09-26,Bangalore,Cosmetics,33,17391,1,Weekday
2023-09-26,Hyderabad,Electronics,22,52470,1,Weekday
2023-09-26,Hyderabad,Clothing,35,12495,1,Weekday
2023-09-26,Hyderabad,Groceries,63,4662,0,Weekday
2023-09-26,Hyderabad,Furniture,9,47547,0,Weekday
2023-09-26,Hyderabad,Cosmetics,24,4512,0,Weekday
2023-09-27,Kolkata,Electronics,18,16092,1,Weekday
2023-09-27,Kolkata,Clothing,43,33411,0,Weekday
2023-09-27,Kolkata,Groceries,68,6120,0,Weekday
2023-09-27,Kolkata,Furniture,8,12280,0,Weekday
2023-09-27,Kolkata,Cosmetics,22,6578,0,Weekday
2023-09-27,Delhi,Electronics,17,35173,0,Weekday
2023-09-27,Delhi,Clothing,29,15573,0,Weekday
2023-09-27,Delhi,Groceries,56,5208,0,Weekday
2023-09-27,Delhi,Furniture,13,55614,1,Weekday
2023-09-27,Delhi,Cosmetics,27,6453,0,Weekday
2023-09-27,Mumbai,Electronics,22,31240,0,Weekday
2023-09-27,Mumbai,Clothing,42,44016,1,Weekday
2023-09-27,Mumbai,Groceries,61,10919,0,Weekday
2023-09-27,Mumbai,Furniture,10,58050,0,Weekday
2023-09-27,Mumbai,Cosmetics,25,17450,0,Weekday
2023-09-27,Bangalore,Electronics,20,17780,0,Weekday
2023-09-27,Bangalore,Clothing,34,12240,0,Weekday
2023-09-27,Bangalore,Groceries,70,10220,0,Weekday
2023-09-27,Bangalore,Furniture,10,38440,0,Weekday
2023-09-27,Bangalore,Cosmetics,21,9786,0,Weekday
2023-09-27,Hyderabad,Electronics,28,41860,1,Weekday
2023-09-27,Hyderabad,Clothing,37,20498,1,Weekday
2023-09-27,Hyderabad,Groceries,67,4422,0,Weekday
2023-09-27,Hyderabad,Furniture,12,65148,1,Weekday
2023-09-27,Hyderabad,Cosmetics,24,11112,0,Weekday
2023-09-28,Kolkata,Electronics,31,68262,1,Weekday
2023-09-28,Kolkata,Clothing,39,33540,0,Weekday
2023-09-28,Kolkata,Groceries,68,8092,0,Weekday
2023-09-28,Kolkata,Furniture,14,58114,1,Weekday
2023-09-28,Kolkata,Cosmetics,22,9416,0,Weekday
2023-09-28,Delhi,Electronics,22,26510,0,Weekday
2023-09-28,Delhi,Clothing,40,21120,1,Weekday
2023-09-28,Delhi,Groceries,41,7831,0,Weekday
2023-09-28,Delhi,Furniture,11,63602,0,Weekday
2023-09-28,Delhi,Cosmetics,24,6936,0,Weekday
2023-09-28,Mumbai,Electronics,13,23738,0,Weekday
2023-09-28,Mumbai,Clothing,29,32654,1,Weekday
2023-09-28,Mumbai,Groceries,62,5022,0,Weekday
2023-09-28,Mumbai,Furniture,12,65988,0,Weekday
2023-09-28,Mumbai,Cosmetics,29,12905,0,Weekday
2023-09-28,Bangalore,Electronics,18,19548,0,Weekday
2023-09-28,Bangalore,Clothing,39,12558,0,Weekday
2023-09-28,Bangalore,Groceries,52,8580,0,Weekday
2023-09-28,Bangalore,Furniture,11,48642,0,Weekday
2023-09-28,Bangalore,Cosmetics,31,22103,1,Weekday
2023-09-28,Hyderabad,Electronics,21,52395,0,Weekday
2023-09-28,Hyderabad,Clothing,43,43387,1,Weekday
2023-09-28,Hyderabad,Groceries,56,3360,0,Weekday
2023-09-28,Hyderabad,Furniture,8,43536,0,Weekday
2023-09-28,Hyderabad,Cosmetics,33,24519,0,Weekday
2023-09-29,Kolkata,Electronics,18,18018,0,Weekday
2023-09-29,Kolkata,Clothing,35,20650,0,Weekday
2023-09-29,Kolkata,Groceries,67,4154,1,Weekday
2023-09-29,Kolkata,Furniture,11,31119,1,Weekday
2023-09-29,Kolkata,Cosmetics,30,20910,1,Weekday
2023-09-29,Delhi,Electronics,22,54714,0,Weekday
2023-09-29,Delhi,Clothing,38,37962,0,Weekday
2023-09-29,Delhi,Groceries,85,13685,1,Weekday
2023-09-29,Delhi,Furniture,8,34888,0,Weekday
2023-09-29,Delhi,Cosmetics,24,7536,1,Weekday
2023-09-29,Mumbai,Electronics,24,28320,0,Weekday
2023-09-29,Mumbai,Clothing,27,8991,1,Weekday
2023-09-29,Mumbai,Groceries,52,4576,0,Weekday
2023-09-29,Mumbai,Furniture,12,18588,0,Weekday
2023-09-29,Mumbai,Cosmetics,24,8088,0,Weekday
2023-09-29,Bangalore,Electronics,20,36840,0,Weekday
2023-09-29,Bangalore,Clothing,27,25164,0,Weekday
2023-09-29,Bangalore,Groceries,59,10325,0,Weekday
2023-09-29,Bangalore,Furniture,8,31112,0,Weekday
2023-09-29,Bangalore,Cosmetics,18,10800,0,Weekday
2023-09-29,Hyderabad,Electronics,18,21600,0,Weekday
2023-09-29,Hyderabad,Clothing,35,15330,0,Weekday
2023-09-29,Hyderabad,Groceries,58,6496,0,Weekday
2023-09-29,Hyderabad,Furniture,11,19129,0,Weekday
2023-09-29,Hyderabad,Cosmetics,27,10800,0,Weekday
2023-09-30,Kolkata,Electronics,17,40307,0,Weekend
2023-09-30,Kolkata,Clothing,31,10850,1,Weekend
2023-09-30,Kolkata,Groceries,56,9800,0,Weekend
2023-09-30,Kolkata,Furniture,7,27496,0,Weekend
2023-09-30,Kolkata,Cosmetics,24,16800,0,Weekend
2023-09-30,Delhi,Electronics,22,22374,0,Weekend
2023-09-30,Delhi,Clothing,53,47329,1,Weekend
2023-09-30,Delhi,Groceries,71,5751,1,Weekend
2023-09-30,Delhi,Furniture,10,28150,0,Weekend
2023-09-30,Delhi,Cosmetics,27,15768,0,Weekend
2023-09-30,Mumbai,Electronics,16,34736,0,Weekend
2023-09-30,Mumbai,Clothing,40,21680,1,Weekend
2023-09-30,Mumbai,Groceries,57,10317,0,Weekend
2023-09-30,Mumbai,Furniture,11,25740,0,Weekend
2023-09-30,Mumbai,Cosmetics,26,18564,1,Weekend
2023-09-30,Bangalore,Electronics,24,44640,1,Weekend
2023-09-30,Bangalore,Clothing,32,31200,0,Weekend
2023-09-30,Bangalore,Groceries,46,7682,0,Weekend
2023-09-30,Bangalore,Furniture,8,30328,0,Weekend
2023-09-30,Bangalore,Cosmetics,26,19214,0,Weekend
2023-09-30,Hyderabad,Electronics,34,59806,1,Weekend
2023-09-30,Hyderabad,Clothing,45,35415,1,Weekend
2023-09-30,Hyderabad,Groceries,59,4071,0,Weekend
2023-09-30,Hyderabad,Furniture,7,34531,0,Weekend
2023-09-30,Hyderabad,Cosmetics,38,21926,1,Weekend
2023-10-01,Kolkata,Electronics,28,54768,0,Weekend
2023-10-01,Kolkata,Clothing,50,21450,0,Weekend
2023-10-01,Kolkata,Groceries,77,5698,0,Weekend
2023-10-01,Kolkata,Furniture,11,39644,0,Weekend
2023-10-01,Kolkata,Cosmetics,21,9366,0,Weekend
2023-10-01,Delhi,Electronics,22,18590,1,Weekend
2023-10-01,Delhi,Clothing,39,24024,1,Weekend
2023-10-01,Delhi,Groceries,81,10611,0,Weekend
2023-10-01,Delhi,Furniture,13,76609,0,Weekend
2023-10-01,Delhi,Cosmetics,31,18197,0,Weekend
2023-10-01,Mumbai,Electronics,30,34230,0,Weekend
2023-10-01,Mumbai,Clothing,47,15416,0,Weekend
2023-10-01,Mumbai,Groceries,69,10695,0,Weekend
2023-10-01,Mumbai,Furniture,12,23040,1,Weekend
2023-10-01,Mumbai,Cosmetics,38,12084,1,Weekend
2023-10-01,Bangalore,Electronics,24,53856,0,Weekend
2023-10-01,Bangalore,Clothing,43,40764,0,Weekend
2023-10-01,Bangalore,Groceries,93,17949,0,Weekend
2023-10-01,Bangalore,Furniture,11,47432,0,Weekend
2023-10-01,Bangalore,Cosmetics,30,10800,1,Weekend
2023-10-01,Hyderabad,Electronics,33,77748,1,Weekend
2023-10-01,Hyderabad,Clothing,67,43885,1,Weekend
2023-10-01,Hyderabad,Groceries,87,5829,1,Weekend
2023-10-01,Hyderabad,Furniture,14,45808,1,Weekend
2023-10-01,Hyderabad,Cosmetics,34,12002,1,Weekend
2023-10-02,Kolkata,Electronics,23,23207,1,Weekday
2023-10-02,Kolkata,Clothing,44,44572,0,Weekday
2023-10-02,Kolkata,Groceries,58,8004,0,Weekday
2023-10-02,Kolkata,Furniture,15,59415,1,Weekday
2023-10-02,Kolkata,Cosmetics,30,14460,0,Weekday
2023-10-02,Delhi,Electronics,27,33021,0,Weekday
2023-10-02,Delhi,Clothing,44,14828,0,Weekday
2023-10-02,Delhi,Groceries,76,7144,1,Weekday
2023-10-02,Delhi,Furniture,9,36837,0,Weekday
2023-10-02,Delhi,Cosmetics,30,23100,0,Weekday
2023-10-02,Mumbai,Electronics,18,25398,0,Weekday
2023-10-02,Mumbai,Clothing,45,53010,0,Weekday
2023-10-02,Mumbai,Groceries,63,10143,0,Weekday
2023-10-02,Mumbai,Furniture,13,41743,0,Weekday
2023-10-02,Mumbai,Cosmetics,33,6402,0,Weekday
2023-10-02,Bangalore,Electronics,28,38668,0,Weekday
2023-10-02,Bangalore,Clothing,40,36800,0,Weekday
2023-10-02,Bangalore,Groceries,96,10944,1,Weekday
2023-10-02,Bangalore,Furniture,12,31884,0,Weekday
2023-10-02,Bangalore,Cosmetics,24,17784,0,Weekday
2023-10-02,Hyderabad,Electronics,31,56668,1,Weekday
2023-10-02,Hyderabad,Clothing,40,21440,0,Weekday
2023-10-02,Hyderabad,Groceries,74,10212,0,Weekday
2023-10-02,Hyderabad,Furniture,17,34085,1,Weekday
2023-10-02,Hyderabad,Cosmetics,24,16752,0,Weekday
2023-10-03,Kolkata,Electronics,20,20160,0,Weekday
2023-10-03,Kolkata,Clothing,40,17560,0,Weekday
2023-10-03,Kolkata,Groceries,62,4774,0,Weekday
2023-10-03,Kolkata,Furniture,15,85035,0,Weekday
2023-10-03,Kolkata,Cosmetics,24,8328,1,Weekday
2023-10-03,Delhi,Electronics,21,27867,0,Weekday
2023-10-03,Delhi,Clothing,40,38480,0,Weekday
2023-10-03,Delhi,Groceries,55,10230,0,Weekday
2023-10-03,Delhi,Furniture,16,29632,1,Weekday
2023-10-03,Delhi,Cosmetics,33,16137,0,Weekday
2023-10-03,Mumbai,Electronics,26,58838,1,Weekday
2023-10-03,Mumbai,Clothing,43,43387,0,Weekday
2023-10-03,Mumbai,Groceries,80,5200,0,Weekday
2023-10-03,Mumbai,Furniture,12,31872,0,Weekday
2023-10-03,Mumbai,Cosmetics,30,11430,0,Weekday
2023-10-03,Bangalore,Electronics,21,29547,0,Weekday
2023-10-03,Bangalore,Clothing,50,37500,0,Weekday
2023-10-03,Bangalore,Groceries,70,12390,0,Weekday
2023-10-03,Bangalore,Furniture,13,22152,0,Weekday
2023-10-03,Bangalore,Cosmetics,23,7360,0,Weekday
2023-10-03,Hyderabad,Electronics,23,22540,0,Weekday
2023-10-03,Hyderabad,Clothing,47,51183,1,Weekday
2023-10-03,Hyderabad,Groceries,85,10455,0,Weekday
2023-10-03,Hyderabad,Furniture,12,28776,0,Weekday
2023-10-03,Hyderabad,Cosmetics,25,6575,0,Weekday
2023-10-04,Kolkata,Electronics,21,43533,0,Weekday
2023-10-04,Kolkata,Clothing,47,29939,1,Weekday
2023-10-04,Kolkata,Groceries,75,11175,0,Weekday
2023-10-04,Kolkata,Furniture,17,68884,1,Weekday
2023-10-04,Kolkata,Cosmetics,38,17822,0,Weekday
2023-10-04,Delhi,Electronics,24,36504,0,Weekday
2023-10-04,Delhi,Clothing,43,13889,1,Weekday
2023-10-04,Delhi,Groceries,76,6840,1,Weekday
2023-10-04,Delhi,Furniture,15,82080,1,Weekday
2023-10-04,Delhi,Cosmetics,30,15330,1,Weekday
2023-10-04,Mumbai,Electronics,23,43286,0,Weekday
2023-10-04,Mumbai,Clothing,47,55836,1,Weekday
2023-10-04,Mumbai,Groceries,77,13706,0,Weekday
2023-10-04,Mumbai,Furniture,12,39540,1,Weekday
2023-10-04,Mumbai,Cosmetics,27,11259,0,Weekday
2023-10-04,Bangalore,Electronics,29,65772,0,Weekday
2023-10-04,Bangalore,Clothing,49,42826,1,Weekday
2023-10-04,Bangalore,Groceries,93,8091,1,Weekday
2023-10-04,Bangalore,Furniture,9,17604,0,Weekday
2023-10-04,Bangalore,Cosmetics,25,15375,0,Weekday
2023-10-04,Hyderabad,Electronics,29,71630,1,Weekday
2023-10-04,Hyderabad,Clothing,46,16146,0,Weekday
2023-10-04,Hyderabad,Groceries,81,8991,0,Weekday
2023-10-04,Hyderabad,Furniture,14,21112,1,Weekday
2023-10-04,Hyderabad,Cosmetics,39,9399,1,Weekday
2023-10-05,Kolkata,Electronics,22,31988,0,Weekday
2023-10-05,Kolkata,Clothing,40,29280,0,Weekday
2023-10-05,Kolkata,Groceries,58,6496,0,Weekday
2023-10-05,Kolkata,Furniture,13,50323,0,Weekday
2023-10-05,Kolkata,Cosmetics,38,15276,1,Weekday
2023-10-05,Delhi,Electronics,26,22360,1,Weekday
2023-10-05,Delhi,Clothing,46,48484,0,Weekday
2023-10-05,Delhi,Groceries,78,11544,0,Weekday
2023-10-05,Delhi,Furniture,11,44374,0,Weekday
2023-10-05,Delhi,Cosmetics,41,27962,1,Weekday
2023-10-05,Mumbai,Electronics,25,22925,0,Weekday
2023-10-05,Mumbai,Clothing,39,26520,0,Weekday
2023-10-05,Mumbai,Groceries,70,4480,0,Weekday
2023-10-05,Mumbai,Furniture,13,54210,0,Weekday
2023-10-05,Mumbai,Cosmetics,31,4774,0,Weekday
2023-10-05,Bangalore,Electronics,21,34797,0,Weekday
2023-10-05,Bangalore,Clothing,34,24310,0,Weekday
2023-10-05,Bangalore,Groceries,82,5084,1,Weekday
2023-10-05,Bangalore,Furniture,13,46982,0,Weekday
2023-10-05,Bangalore,Cosmetics,44,13288,1,Weekday
2023-10-05,Hyderabad,Electronics,20,30040,0,Weekday
2023-10-05,Hyderabad,Clothing,40,17240,0,Weekday
2023-10-05,Hyderabad,Groceries,77,9856,0,Weekday
2023-10-05,Hyderabad,Furniture,10,47700,0,Weekday
2023-10-05,Hyderabad,Cosmetics,33,15081,1,Weekday
2023-10-06,Kolkata,Electronics,30,29160,1,Weekday
2023-10-06,Kolkata,Clothing,42,38640,1,Weekday
2023-10-06,Kolkata,Groceries,75,14400,0,Weekday
2023-10-06,Kolkata,Furniture,10,25270,0,Weekday
2023-10-06,Kolkata,Cosmetics,41,8938,1,Weekday
2023-10-06,Delhi,Electronics,22,46992,1,Weekday
2023-10-06,Delhi,Clothing,37,38628,0,Weekday
2023-10-06,Delhi,Groceries,74,6808,1,Weekday
2023-10-06,Delhi,Furniture,12,68328,1,Weekday
2023-10-06,Delhi,Cosmetics,40,29760,1,Weekday
2023-10-06,Mumbai,Electronics,21,44247,0,Weekday
2023-10-06,Mumbai,Clothing,41,19516,0,Weekday
2023-10-06,Mumbai,Groceries,78,5616,0,Weekday
2023-10-06,Mumbai,Furniture,15,43140,1,Weekday
2023-10-06,Mumbai,Cosmetics,28,7700,0,Weekday
2023-10-06,Bangalore,Electronics,30,73170,0,Weekday
2023-10-06,Bangalore,Clothing,44,15268,1,Weekday
2023-10-06,Bangalore,Groceries,95,10450,1,Weekday
2023-10-06,Bangalore,Furniture,12,50868,0,Weekday
2023-10-06,Bangalore,Cosmetics,39,6006,1,Weekday
2023-10-06,Hyderabad,Electronics,21,45108,0,Weekday
2023-10-06,Hyderabad,Clothing,51,15555,1,Weekday
2023-10-06,Hyderabad,Groceries,75,9675,0,Weekday
2023-10-06,Hyderabad,Furniture,9,46566,0,Weekday
2023-10-06,Hyderabad,Cosmetics,36,18432,1,Weekday
2023-10-07,Kolkata,Electronics,32,32352,0,Weekend
2023-10-07,Kolkata,Clothing,39,23751,0,Weekend
2023-10-07,Kolkata,Groceries,91,12194,1,Weekend
2023-10-07,Kolkata,Furniture,13,69992,0,Weekend
2023-10-07,Kolkata,Cosmetics,33,16995,1,Weekend
2023-10-07,Delhi,Electronics,27,53568,0,Weekend
2023-10-07,Delhi,Clothing,52,20800,0,Weekend
2023-10-07,Delhi,Groceries,84,6132,1,Weekend
2023-10-07,Delhi,Furniture,13,20878,0,Weekend
2023-10-07,Delhi,Cosmetics,23,16767,0,Weekend
2023-10-07,Mumbai,Electronics,23,33879,0,Weekend
2023-10-07,Mumbai,Clothing,47,22231,0,Weekend
2023-10-07,Mumbai,Groceries,86,12642,0,Weekend
2023-10-07,Mumbai,Furniture,13,32266,1,Weekend
2023-10-07,Mumbai,Cosmetics,24,7920,0,Weekend
2023-10-07,Bangalore,Electronics,30,73380,0,Weekend
2023-10-07,Bangalore,Clothing,44,39600,0,Weekend
2023-10-07,Bangalore,Groceries,59,10620,0,Weekend
2023-10-07,Bangalore,Furniture,14,45318,1,Weekend
2023-10-07,Bangalore,Cosmetics,44,25256,1,Weekend
2023-10-07,Hyderabad,Electronics,22,44770,0,Weekend
2023-10-07,Hyderabad,Clothing,48,55632,0,Weekend
2023-10-07,Hyderabad,Groceries,89,11214,1,Weekend
2023-10-07,Hyderabad,Furniture,12,69948,0,Weekend
2023-10-07,Hyderabad,Cosmetics,29,15892,1,Weekend
2023-10-08,Kolkata,Electronics,27,24678,0,Weekend
2023-10-08,Kolkata,Clothing,60,59940,1,Weekend
2023-10-08,Kolkata,Groceries,82,13448,1,Weekend
2023-10-08,Kolkata,Furniture,15,83220,1,Weekend
2023-10-08,Kolkata,Cosmetics,35,24255,1,Weekend
2023-10-08,Delhi,Electronics,27,29430,0,Weekend
2023-10-08,Delhi,Clothing,34,28628,0,Weekend
2023-10-08,Delhi,Groceries,73,9563,1,Weekend
2023-10-08,Delhi,Furniture,12,43200,0,Weekend
2023-10-08,Delhi,Cosmetics,32,13216,0,Weekend
2023-10-08,Mumbai,Electronics,24,51552,0,Weekend
2023-10-08,Mumbai,Clothing,37,22792,1,Weekend
2023-10-08,Mumbai,Groceries,87,14007,0,Weekend
2023-10-08,Mumbai,Furniture,13,21892,0,Weekend
2023-10-08,Mumbai,Cosmetics,38,25384,0,Weekend
2023-10-08,Bangalore,Electronics,32,37664,0,Weekend
2023-10-08,Bangalore,Clothing,38,25764,0,Weekend
2023-10-08,Bangalore,Groceries,91,8645,1,Weekend
2023-10-08,Bangalore,Furniture,11,57585,0,Weekend
2023-10-08,Bangalore,Cosmetics,40,16640,1,Weekend
2023-10-08,Hyderabad,Electronics,29,70267,0,Weekend
2023-10-08,Hyderabad,Clothing,42,18354,0,Weekend
2023-10-08,Hyderabad,Groceries,81,8586,1,Weekend
2023-10-08,Hyderabad,Furniture,14,49658,0,Weekend
2023-10-08,Hyderabad,Cosmetics,35,7595,0,Weekend
2023-10-09,Kolkata,Electronics,17,17357,0,Weekday
2023-10-09,Kolkata,Clothing,37,34558,0,Weekday
2023-10-09,Kolkata,Groceries,76,5472,0,Weekday
2023-10-09,Kolkata,Furniture,14,71260,1,Weekday
2023-10-09,Kolkata,Cosmetics,27,10206,0,Weekday
2023-10-09,Delhi,Electronics,24,38496,0,Weekday
2023-10-09,Delhi,Clothing,43,22102,1,Weekday
2023-10-09,Delhi,Groceries,92,13984,0,Weekday
2023-10-09,Delhi,Furniture,16,24976,1,Weekday
2023-10-09,Delhi,Cosmetics,21,15750,0,Weekday
2023-10-09,Mumbai,Electronics,28,49056,0,Weekday
2023-10-09,Mumbai,Clothing,52,49244,0,Weekday
2023-10-09,Mumbai,Groceries,70,10780,0,Weekday
2023-10-09,Mumbai,Furniture,13,51454,0,Weekday
2023-10-09,Mumbai,Cosmetics,40,7360,0,Weekday
2023-10-09,Bangalore,Electronics,25,34625,0,Weekday
2023-10-09,Bangalore,Clothing,36,40788,0,Weekday
2023-10-09,Bangalore,Groceries,110,5830,0,Weekday
2023-10-09,Bangalore,Furniture,10,41520,1,Weekday
2023-10-09,Bangalore,Cosmetics,29,16298,0,Weekday
2023-10-09,Hyderabad,Electronics,29,33089,0,Weekday
2023-10-09,Hyderabad,Clothing,58,39150,0,Weekday
2023-10-09,Hyderabad,Groceries,62,3224,1,Weekday
2023-10-09,Hyderabad,Furniture,13,64090,0,Weekday
2023-10-09,Hyderabad,Cosmetics,34,20230,0,Weekday
2023-10-10,Kolkata,Electronics,28,43344,0,Weekday
2023-10-10,Kolkata,Clothing,41,48093,0,Weekday
2023-10-10,Kolkata,Groceries,82,15416,0,Weekday
2023-10-10,Kolkata,Furniture,13,32318,0,Weekday
2023-10-10,Kolkata,Cosmetics,34,10472,0,Weekday
2023-10-10,Delhi,Electronics,29,33727,0,Weekday
2023-10-10,Delhi,Clothing,50,33200,0,Weekday
2023-10-10,Delhi,Groceries,85,10710,0,Weekday
2023-10-10,Delhi,Furniture,12,63192,0,Weekday
2023-10-10,Delhi,Cosmetics,31,13206,0,Weekday
2023-10-10,Mumbai,Electronics,31,62930,1,Weekday
2023-10-10,Mumbai,Clothing,50,16350,1,Weekday
2023-10-10,Mumbai,Groceries,55,8030,0,Weekday
2023-10-10,Mumbai,Furniture,13,29367,0,Weekday
2023-10-10,Mumbai,Cosmetics,32,13216,0,Weekday
2023-10-10,Bangalore,Electronics,28,24612,0,Weekday
2023-10-10,Bangalore,Clothing,38,42598,0,Weekday
2023-10-10,Bangalore,Groceries,92,15640,0,Weekday
2023-10-10,Bangalore,Furniture,12,31296,0,Weekday
2023-10-10,Bangalore,Cosmetics,32,18880,1,Weekday
2023-10-10,Hyderabad,Electronics,24,42024,0,Weekday
2023-10-10,Hyderabad,Clothing,35,41090,0,Weekday
2023-10-10,Hyderabad,Groceries,81,12474,0,Weekday
2023-10-10,Hyderabad,Furniture,16,84256,1,Weekday
2023-10-10,Hyderabad,Cosmetics,33,21846,0,Weekday
2023-10-11,Kolkata,Electronics,25,21075,1,Weekday
2023-10-11,Kolkata,Clothing,47,42488,0,Weekday
2023-10-11,Kolkata,Groceries,82,7872,0,Weekday
2023-10-11,Kolkata,Furniture,13,52065,1,Weekday
2023-10-11,Kolkata,Cosmetics,32,17664,0,Weekday
2023-10-11,Delhi,Electronics,25,36700,0,Weekday
2023-10-11,Delhi,Clothing,40,41760,0,Weekday
2023-10-11,Delhi,Groceries,72,9864,1,Weekday
2023-10-11,Delhi,Furniture,9,34416,0,Weekday
2023-10-11,Delhi,Cosmetics,31,15252,0,Weekday
2023-10-11,Mumbai,Electronics,31,66774,0,Weekday
2023-10-11,Mumbai,Clothing,40,44080,0,Weekday
2023-10-11,Mumbai,Groceries,81,15876,1,Weekday
2023-10-11,Mumbai,Furniture,12,51012,0,Weekday
2023-10-11,Mumbai,Cosmetics,27,14580,0,Weekday
2023-10-11,Bangalore,Electronics,23,36156,0,Weekday
2023-10-11,Bangalore,Clothing,54,58914,1,Weekday
2023-10-11,Bangalore,Groceries,107,11342,1,Weekday
2023-10-11,Bangalore,Furniture,9,43533,0,Weekday
2023-10-11,Bangalore,Cosmetics,40,12680,0,Weekday
2023-10-11,Hyderabad,Electronics,21,36561,0,Weekday
2023-10-11,Hyderabad,Clothing,54,40500,1,Weekday
2023-10-11,Hyderabad,Groceries,89,13261,1,Weekday
2023-10-11,Hyderabad,Furniture,15,78840,0,Weekday
2023-10-11,Hyderabad,Cosmetics,26,17264,0,Weekday
2023-10-12,Kolkata,Electronics,25,21975,1,Weekday
2023-10-12,Kolkata,Clothing,44,37884,0,Weekday
2023-10-12,Kolkata,Groceries,91,16744,1,Weekday
2023-10-12,Kolkata,Furniture,12,27120,0,Weekday
2023-10-12,Kolkata,Cosmetics,42,27342,1,Weekday
2023-10-12,Delhi,Electronics,30,26940,1,Weekday
2023-10-12,Delhi,Clothing,42,17472,0,Weekday
2023-10-12,Delhi,Groceries,70,10710,0,Weekday
2023-10-12,Delhi,Furniture,9,46242,0,Weekday
2023-10-12,Delhi,Cosmetics,27,10557,0,Weekday
2023-10-12,Mumbai,Electronics,27,25488,1,Weekday
2023-10-12,Mumbai,Clothing,46,35236,0,Weekday
2023-10-12,Mumbai,Groceries,77,14476,0,Weekday
2023-10-12,Mumbai,Furniture,10,17470,0,Weekday
2023-10-12,Mumbai,Cosmetics,31,14508,0,Weekday
2023-10-12,Bangalore,Electronics,28,49980,0,Weekday
2023-10-12,Bangalore,Clothing,37,19795,0,Weekday
2023-10-12,Bangalore,Groceries,63,11025,0,Weekday
2023-10-12,Bangalore,Furniture,14,69440,0,Weekday
2023-10-12,Bangalore,Cosmetics,35,9975,0,Weekday
2023-10-12,Hyderabad,Electronics,27,27891,0,Weekday
2023-10-12,Hyderabad,Clothing,46,37858,0,Weekday
2023-10-12,Hyderabad,Groceries,76,12084,0,Weekday
2023-10-12,Hyderabad,Furniture,10,21810,0,Weekday
2023-10-12,Hyderabad,Cosmetics,37,25863,0,Weekday
2023-10-13,Kolkata,Electronics,24,55848,1,Weekday
2023-10-13,Kolkata,Clothing,49,18963,0,Weekday
2023-10-13,Kolkata,Groceries,98,12054,1,Weekday
2023-10-13,Kolkata,Furniture,14,23828,1,Weekday
2023-10-13,Kolkata,Cosmetics,34,12274,1,Weekday
2023-10-13,Delhi,Electronics,25,22050,0,Weekday
2023-10-13,Delhi,Clothing,33,13761,0,Weekday
2023-10-13,Delhi,Groceries,81,13284,1,Weekday
2023-10-13,Delhi,Furniture,16,88944,0,Weekday
2023-10-13,Delhi,Cosmetics,33,22209,1,Weekday
2023-10-13,Mumbai,Electronics,27,35235,0,Weekday
2023-10-13,Mumbai,Clothing,45,17730,1,Weekday
2023-10-13,Mumbai,Groceries,99,11583,1,Weekday
2023-10-13,Mumbai,Furniture,15,84915,0,Weekday
2023-10-13,Mumbai,Cosmetics,36,7092,0,Weekday
2023-10-13,Bangalore,Electronics,29,27666,1,Weekday
2023-10-13,Bangalore,Clothing,41,19065,0,Weekday
2023-10-13,Bangalore,Groceries,84,5712,1,Weekday
2023-10-13,Bangalore,Furniture,11,50578,0,Weekday
2023-10-13,Bangalore,Cosmetics,24,16344,0,Weekday
2023-10-13,Hyderabad,Electronics,24,51672,0,Weekday
2023-10-13,Hyderabad,Clothing,41,14063,0,Weekday
2023-10-13,Hyderabad,Groceries,83,13695,1,Weekday
2023-10-13,Hyderabad,Furniture,12,22788,1,Weekday
2023-10-13,Hyderabad,Cosmetics,27,18873,1,Weekday
2023-10-14,Kolkata,Electronics,34,42024,1,Weekend
2023-10-14,Kolkata,Clothing,36,29124,0,Weekend
2023-10-14,Kolkata,Groceries,71,11289,0,Weekend
2023-10-14,Kolkata,Furniture,12,23388,0,Weekend
2023-10-14,Kolkata,Cosmetics,31,15965,1,Weekend
2023-10-14,Delhi,Electronics,32,55040,0,Weekend
2023-10-14,Delhi,Clothing,40,15840,0,Weekend
2023-10-14,Delhi,Groceries,67,6566,0,Weekend
2023-10-14,Delhi,Furniture,11,33627,1,Weekend
2023-10-14,Delhi,Cosmetics,38,20938,1,Weekend
2023-10-14,Mumbai,Electronics,25,39075,0,Weekend
2023-10-14,Mumbai,Clothing,44,34012,0,Weekend
2023-10-14,Mumbai,Groceries,69,4002,0,Weekend
2023-10-14,Mumbai,Furniture,12,18504,1,Weekend
2023-10-14,Mumbai,Cosmetics,43,25112,1,Weekend
2023-10-14,Bangalore,Electronics,12,25440,0,Weekend
2023-10-14,Bangalore,Clothing,44,20196,1,Weekend
2023-10-14,Bangalore,Groceries,97,9021,0,Weekend
2023-10-14,Bangalore,Furniture,12,21144,0,Weekend
2023-10-14,Bangalore,Cosmetics,31,18011,0,Weekend
2023-10-14,Hyderabad,Electronics,25,43550,0,Weekend
2023-10-14,Hyderabad,Clothing,52,24180,0,Weekend
2023-10-14,Hyderabad,Groceries,66,6600,1,Weekend
2023-10-14,Hyderabad,Furniture,16,66320,0,Weekend
2023-10-14,Hyderabad,Cosmetics,23,8579,1,Weekend
2023-10-15,Kolkata,Electronics,30,29640,1,Weekend
2023-10-15,Kolkata,Clothing,46,47242,1,Weekend
2023-10-15,Kolkata,Groceries,70,10080,0,Weekend
2023-10-15,Kolkata,Furniture,12,56520,1,Weekend
2023-10-15,Kolkata,Cosmetics,42,21252,1,Weekend
2023-10-15,Delhi,Electronics,26,27664,0,Weekend
2023-10-15,Delhi,Clothing,64,54016,1,Weekend
2023-10-15,Delhi,Groceries,80,12080,1,Weekend
2023-10-15,Delhi,Furniture,16,26656,1,Weekend
2023-10-15,Delhi,Cosmetics,25,10100,0,Weekend
2023-10-15,Mumbai,Electronics,20,44060,0,Weekend
2023-10-15,Mumbai,Clothing,43,51557,1,Weekend
2023-10-15,Mumbai,Groceries,85,13515,1,Weekend
2023-10-15,Mumbai,Furniture,14,78470,1,Weekend
2023-10-15,Mumbai,Cosmetics,30,7410,0,Weekend
2023-10-15,Bangalore,Electronics,23,23046,0,Weekend
2023-10-15,Bangalore,Clothing,44,40348,1,Weekend
2023-10-15,Bangalore,Groceries,79,10033,0,Weekend
2023-10-15,Bangalore,Furniture,9,31302,0,Weekend
2023-10-15,Bangalore,Cosmetics,34,19890,1,Weekend
2023-10-15,Hyderabad,Electronics,20,23740,0,Weekend
2023-10-15,Hyderabad,Clothing,43,18017,1,Weekend
2023-10-15,Hyderabad,Groceries,77,10395,0,Weekend
2023-10-15,Hyderabad,Furniture,12,50892,0,Weekend
2023-10-15,Hyderabad,Cosmetics,34,24140,1,Weekend
2023-10-16,Kolkata,Electronics,24,35280,0,Weekday
2023-10-16,Kolkata,Clothing,53,48336,1,Weekday
2023-10-16,Kolkata,Groceries,76,8208,0,Weekday
2023-10-16,Kolkata,Furniture,15,65280,0,Weekday
2023-10-16,Kolkata,Cosmetics,30,16830,0,Weekday
2023-10-16,Delhi,Electronics,20,27280,0,Weekday
2023-10-16,Delhi,Clothing,46,27232,0,Weekday
2023-10-16,Delhi,Groceries,56,8792,0,Weekday
2023-10-16,Delhi,Furniture,13,47073,0,Weekday
2023-10-16,Delhi,Cosmetics,30,16980,0,Weekday
2023-10-16,Mumbai,Electronics,28,55048,1,Weekday
2023-10-16,Mumbai,Clothing,41,29397,0,Weekday
2023-10-16,Mumbai,Groceries,85,4250,0,Weekday
2023-10-16,Mumbai,Furniture,12,32952,1,Weekday
2023-10-16,Mumbai,Cosmetics,36,21240,1,Weekday
2023-10-16,Bangalore,Electronics,28,50288,0,Weekday
2023-10-16,Bangalore,Clothing,66,27720,1,Weekday
2023-10-16,Bangalore,Groceries,86,11954,0,Weekday
2023-10-16,Bangalore,Furniture,10,47150,0,Weekday
2023-10-16,Bangalore,Cosmetics,27,14175,0,Weekday
2023-10-16,Hyderabad,Electronics,29,67251,0,Weekday
2023-10-16,Hyderabad,Clothing,50,35150,1,Weekday
2023-10-16,Hyderabad,Groceries,65,7150,0,Weekday
2023-10-16,Hyderabad,Furniture,9,42093,0,Weekday
2023-10-16,Hyderabad,Cosmetics,33,25212,0,Weekday
2023-10-17,Kolkata,Electronics,28,29036,0,Weekday
2023-10-17,Kolkata,Clothing,34,14212,0,Weekday
2023-10-17,Kolkata,Groceries,75,5325,0,Weekday
2023-10-17,Kolkata,Furniture,15,45315,0,Weekday
2023-10-17,Kolkata,Cosmetics,30,6540,0,Weekday
2023-10-17,Delhi,Electronics,23,30452,0,Weekday
2023-10-17,Delhi,Clothing,23,10580,0,Weekday
2023-10-17,Delhi,Groceries,106,9010,1,Weekday
2023-10-17,Delhi,Furniture,12,67260,0,Weekday
2023-10-17,Delhi,Cosmetics,36,18432,0,Weekday
2023-10-17,Mumbai,Electronics,27,60264,0,Weekday
2023-10-17,Mumbai,Clothing,46,49450,0,Weekday
2023-10-17,Mumbai,Groceries,82,12136,0,Weekday
2023-10-17,Mumbai,Furniture,11,21967,0,Weekday
2023-10-17,Mumbai,Cosmetics,42,25956,1,Weekday
2023-10-17,Bangalore,Electronics,25,39900,1,Weekday
2023-10-17,Bangalore,Clothing,43,35518,1,Weekday
2023-10-17,Bangalore,Groceries,97,11155,1,Weekday
2023-10-17,Bangalore,Furniture,11,63063,0,Weekday
2023-10-17,Bangalore,Cosmetics,23,15824,0,Weekday
2023-10-17,Hyderabad,Electronics,24,40584,0,Weekday
2023-10-17,Hyderabad,Clothing,49,58457,0,Weekday
2023-10-17,Hyderabad,Groceries,85,13685,0,Weekday
2023-10-17,Hyderabad,Furniture,14,47166,0,Weekday
2023-10-17,Hyderabad,Cosmetics,31,7657,0,Weekday
2023-10-18,Kolkata,Electronics,24,22416,0,Weekday
2023-10-18,Kolkata,Clothing,36,14724,0,Weekday
2023-10-18,Kolkata,Groceries,77,14014,0,Weekday
2023-10-18,Kolkata,Furniture,13,65286,0,Weekday
2023-10-18,Kolkata,Cosmetics,32,9216,0,Weekday
2023-10-18,Delhi,Electronics,21,23709,0,Weekday
2023-10-18,Delhi,Clothing,40,43600,0,Weekday
2023-10-18,Delhi,Groceries,77,8393,0,Weekday
2023-10-18,Delhi,Furniture,12,46500,0,Weekday
2023-10-18,Delhi,Cosmetics,34,12852,0,Weekday
2023-10-18,Mumbai,Electronics,24,58032,0,Weekday
2023-10-18,Mumbai,Clothing,41,43255,0,Weekday
2023-10-18,Mumbai,Groceries,59,6136,1,Weekday
2023-10-18,Mumbai,Furniture,13,20800,0,Weekday
2023-10-18,Mumbai,Cosmetics,34,6324,1,Weekday
2023-10-18,Bangalore,Electronics,29,69020,0,Weekday
2023-10-18,Bangalore,Clothing,55,19250,1,Weekday
2023-10-18,Bangalore,Groceries,82,13858,1,Weekday
2023-10-18,Bangalore,Furniture,10,36660,0,Weekday
2023-10-18,Bangalore,Cosmetics,37,21793,0,Weekday
2023-10-18,Hyderabad,Electronics,25,28625,0,Weekday
2023-10-18,Hyderabad,Clothing,58,36366,1,Weekday
2023-10-18,Hyderabad,Groceries,68,9860,0,Weekday
2023-10-18,Hyderabad,Furniture,12,30528,0,Weekday
2023-10-18,Hyderabad,Cosmetics,37,7178,0,Weekday
2023-10-19,Kolkata,Electronics,18,31734,0,Weekday
2023-10-19,Kolkata,Clothing,34,27642,1,Weekday
2023-10-19,Kolkata,Groceries,95,11400,0,Weekday
2023-10-19,Kolkata,Furniture,11,50303,1,Weekday
2023-10-19,Kolkata,Cosmetics,28,15232,0,Weekday
2023-10-19,Delhi,Electronics,24,32328,1,Weekday
2023-10-19,Delhi,Clothing,40,27120,0,Weekday
2023-10-19,Delhi,Groceries,80,9280,0,Weekday
2023-10-19,Delhi,Furniture,11,16819,0,Weekday
2023-10-19,Delhi,Cosmetics,35,17745,0,Weekday
2023-10-19,Mumbai,Electronics,22,54868,0,Weekday
2023-10-19,Mumbai,Clothing,43,43516,0,Weekday
2023-10-19,Mumbai,Groceries,87,6090,1,Weekday
2023-10-19,Mumbai,Furniture,11,47234,0,Weekday
2023-10-19,Mumbai,Cosmetics,27,15795,1,Weekday
2023-10-19,Bangalore,Electronics,23,41078,0,Weekday
2023-10-19,Bangalore,Clothing,37,38295,0,Weekday
2023-10-19,Bangalore,Groceries,66,6798,1,Weekday
2023-10-19,Bangalore,Furniture,12,42012,0,Weekday
2023-10-19,Bangalore,Cosmetics,30,23010,0,Weekday
2023-10-19,Hyderabad,Electronics,24,25056,0,Weekday
2023-10-19,Hyderabad,Clothing,45,37350,0,Weekday
2023-10-19,Hyderabad,Groceries,73,14089,0,Weekday
2023-10-19,Hyderabad,Furniture,12,38988,0,Weekday
2023-10-19,Hyderabad,Cosmetics,35,9485,0,Weekday
2023-10-20,Kolkata,Electronics,24,20136,0,Weekday
2023-10-20,Kolkata,Clothing,43,27993,0,Weekday
2023-10-20,Kolkata,Groceries,76,6460,0,Weekday
2023-10-20,Kolkata,Furniture,14,22694,0,Weekday
2023-10-20,Kolkata,Cosmetics,32,15680,0,Weekday
2023-10-20,Delhi,Electronics,28,55244,0,Weekday
2023-10-20,Delhi,Clothing,45,22455,0,Weekday
2023-10-20,Delhi,Groceries,71,12567,0,Weekday
2023-10-20,Delhi,Furniture,14,83062,0,Weekday
2023-10-20,Delhi,Cosmetics,33,22935,0,Weekday
2023-10-20,Mumbai,Electronics,30,41160,0,Weekday
2023-10-20,Mumbai,Clothing,44,48180,0,Weekday
2023-10-20,Mumbai,Groceries,61,10675,0,Weekday
2023-10-20,Mumbai,Furniture,13,42757,0,Weekday
2023-10-20,Mumbai,Cosmetics,36,11808,1,Weekday
2023-10-20,Bangalore,Electronics,25,20075,1,Weekday
2023-10-20,Bangalore,Clothing,47,45637,1,Weekday
2023-10-20,Bangalore,Groceries,60,3900,0,Weekday
2023-10-20,Bangalore,Furniture,14,29526,0,Weekday
2023-10-20,Bangalore,Cosmetics,33,8514,0,Weekday
2023-10-20,Hyderabad,Electronics,21,51849,0,Weekday
2023-10-20,Hyderabad,Clothing,43,35733,1,Weekday
2023-10-20,Hyderabad,Groceries,92,6992,1,Weekday
2023-10-20,Hyderabad,Furniture,13,56589,1,Weekday
2023-10-20,Hyderabad,Cosmetics,35,26145,0,Weekday
2023-10-21,Kolkata,Electronics,26,41054,0,Weekend
2023-10-21,Kolkata,Clothing,44,14212,1,Weekend
2023-10-21,Kolkata,Groceries,80,11680,0,Weekend
2023-10-21,Kolkata,Furniture,16,42720,1,Weekend
2023-10-21,Kolkata,Cosmetics,26,19006,0,Weekend
2023-10-21,Delhi,Electronics,27,23517,1,Weekend
2023-10-21,Delhi,Clothing,56,33152,1,Weekend
2023-10-21,Delhi,Groceries,72,6336,0,Weekend
2023-10-21,Delhi,Furniture,10,32750,0,Weekend
2023-10-21,Delhi,Cosmetics,32,14656,1,Weekend
2023-10-21,Mumbai,Electronics,27,51489,0,Weekend
2023-10-21,Mumbai,Clothing,40,20520,0,Weekend
2023-10-21,Mumbai,Groceries,76,4104,1,Weekend
2023-10-21,Mumbai,Furniture,12,71172,0,Weekend
2023-10-21,Mumbai,Cosmetics,29,21170,0,Weekend
2023-10-21,Bangalore,Electronics,25,34025,1,Weekend
2023-10-21,Bangalore,Clothing,48,31200,1,Weekend
2023-10-21,Bangalore,Groceries,69,12765,1,Weekend
2023-10-21,Bangalore,Furniture,15,79245,1,Weekend
2023-10-21,Bangalore,Cosmetics,39,15249,1,Weekend
2023-10-21,Hyderabad,Electronics,19,27550,0,Weekend
2023-10-21,Hyderabad,Clothing,42,46746,1,Weekend
2023-10-21,Hyderabad,Groceries,95,11780,1,Weekend
2023-10-21,Hyderabad,Furniture,13,61711,0,Weekend
2023-10-21,Hyderabad,Cosmetics,31,8246,0,Weekend
2023-10-22,Kolkata,Electronics,30,65190,1,Weekend
2023-10-22,Kolkata,Clothing,54,33588,0,Weekend
2023-10-22,Kolkata,Groceries,78,14508,0,Weekend
2023-10-22,Kolkata,Furniture,9,52164,0,Weekend
2023-10-22,Kolkata,Cosmetics,32,20736,0,Weekend
2023-10-22,Delhi,Electronics,26,49088,0,Weekend
2023-10-22,Delhi,Clothing,46,47426,0,Weekend
2023-10-22,Delhi,Groceries,106,8586,1,Weekend
2023-10-22,Delhi,Furniture,15,68460,0,Weekend
2023-10-22,Delhi,Cosmetics,31,20057,0,Weekend
2023-10-22,Mumbai,Electronics,28,61180,1,Weekend
2023-10-22,Mumbai,Clothing,34,40086,1,Weekend
2023-10-22,Mumbai,Groceries,84,12516,0,Weekend
2023-10-22,Mumbai,Furniture,11,60159,0,Weekend
2023-10-22,Mumbai,Cosmetics,32,6848,0,Weekend
2023-10-22,Bangalore,Electronics,19,33402,0,Weekend
2023-10-22,Bangalore,Clothing,40,36400,0,Weekend
2023-10-22,Bangalore,Groceries,77,5236,0,Weekend
2023-10-22,Bangalore,Furniture,10,57090,0,Weekend
2023-10-22,Bangalore,Cosmetics,33,18051,0,Weekend
2023-10-22,Hyderabad,Electronics,26,57174,0,Weekend
2023-10-22,Hyderabad,Clothing,54,54864,1,Weekend
2023-10-22,Hyderabad,Groceries,88,13992,0,Weekend
2023-10-22,Hyderabad,Furniture,9,40932,1,Weekend
2023-10-22,Hyderabad,Cosmetics,31,20367,0,Weekend
2023-10-23,Kolkata,Electronics,34,31382,1,Weekday
2023-10-23,Kolkata,Clothing,42,35448,0,Weekday
2023-10-23,Kolkata,Groceries,87,15399,0,Weekday
2023-10-23,Kolkata,Furniture,13,36127,0,Weekday
2023-10-23,Kolkata,Cosmetics,27,19521,0,Weekday
2023-10-23,Delhi,Electronics,25,52575,0,Weekday
2023-10-23,Delhi,Clothing,51,32283,0,Weekday
2023-10-23,Delhi,Groceries,76,14212,0,Weekday
2023-10-23,Delhi,Furniture,12,31044,0,Weekday
2023-10-23,Delhi,Cosmetics,28,11620,0,Weekday
2023-10-23,Mumbai,Electronics,25,20600,1,Weekday
2023-10-23,Mumbai,Clothing,55,65065,0,Weekday
2023-10-23,Mumbai,Groceries,89,14685,0,Weekday
2023-10-23,Mumbai,Furniture,11,39545,0,Weekday
2023-10-23,Mumbai,Cosmetics,26,7332,0,Weekday
2023-10-23,Bangalore,Electronics,28,26180,0,Weekday
2023-10-23,Bangalore,Clothing,43,15781,0,Weekday
2023-10-23,Bangalore,Groceries,65,9685,0,Weekday
2023-10-23,Bangalore,Furniture,11,34111,1,Weekday
2023-10-23,Bangalore,Cosmetics,24,14544,0,Weekday
2023-10-23,Hyderabad,Electronics,21,51198,0,Weekday
2023-10-23,Hyderabad,Clothing,41,21443,0,Weekday
2023-10-23,Hyderabad,Groceries,72,10152,0,Weekday
2023-10-23,Hyderabad,Furniture,16,86304,1,Weekday
2023-10-23,Hyderabad,Cosmetics,32,7872,1,Weekday
2023-10-24,Kolkata,Electronics,28,28980,0,Weekday
2023-10-24,Kolkata,Clothing,48,31968,1,Weekday
2023-10-24,Kolkata,Groceries,62,10354,0,Weekday
2023-10-24,Kolkata,Furniture,11,59543,0,Weekday
2023-10-24,Kolkata,Cosmetics,33,5544,1,Weekday
2023-10-24,Delhi,Electronics,29,45559,0,Weekday
2023-10-24,Delhi,Clothing,27,9342,0,Weekday
2023-10-24,Delhi,Groceries,70,12810,0,Weekday
2023-10-24,Delhi,Furniture,14,51226,0,Weekday
2023-10-24,Delhi,Cosmetics,21,15645,0,Weekday
2023-10-24,Mumbai,Electronics,27,40095,0,Weekday
2023-10-24,Mumbai,Clothing,44,46728,0,Weekday
2023-10-24,Mumbai,Groceries,69,6210,0,Weekday
2023-10-24,Mumbai,Furniture,14,37282,0,Weekday
2023-10-24,Mumbai,Cosmetics,33,19305,0,Weekday
2023-10-24,Bangalore,Electronics,22,17710,0,Weekday
2023-10-24,Bangalore,Clothing,43,19780,0,Weekday
2023-10-24,Bangalore,Groceries,63,3843,0,Weekday
2023-10-24,Bangalore,Furniture,10,32890,0,Weekday
2023-10-24,Bangalore,Cosmetics,35,9030,1,Weekday
2023-10-24,Hyderabad,Electronics,35,43295,1,Weekday
2023-10-24,Hyderabad,Clothing,38,39824,0,Weekday
2023-10-24,Hyderabad,Groceries,67,8509,1,Weekday
2023-10-24,Hyderabad,Furniture,15,46650,0,Weekday
2023-10-24,Hyderabad,Cosmetics,28,6048,0,Weekday
2023-10-25,Kolkata,Electronics,26,61282,0,Weekday
2023-10-25,Kolkata,Clothing,57,18753,0,Weekday
2023-10-25,Kolkata,Groceries,69,12213,0,Weekday
2023-10-25,Kolkata,Furniture,14,81270,1,Weekday
2023-10-25,Kolkata,Cosmetics,25,17350,0,Weekday
2023-10-25,Delhi,Electronics,25,25675,1,Weekday
2023-10-25,Delhi,Clothing,47,28153,0,Weekday
2023-10-25,Delhi,Groceries,83,15770,0,Weekday
2023-10-25,Delhi,Furniture,8,16864,0,Weekday
2023-10-25,Delhi,Cosmetics,47,7426,1,Weekday
2023-10-25,Mumbai,Electronics,25,28325,0,Weekday
2023-10-25,Mumbai,Clothing,43,29498,0,Weekday
2023-10-25,Mumbai,Groceries,62,6324,0,Weekday
2023-10-25,Mumbai,Furniture,10,35950,0,Weekday
2023-10-25,Mumbai,Cosmetics,28,6300,0,Weekday
2023-10-25,Bangalore,Electronics,25,26250,0,Weekday
2023-10-25,Bangalore,Clothing,52,45292,0,Weekday
2023-10-25,Bangalore,Groceries,80,6320,0,Weekday
2023-10-25,Bangalore,Furniture,12,35328,1,Weekday
2023-10-25,Bangalore,Cosmetics,29,22185,0,Weekday
2023-10-25,Hyderabad,Electronics,27,67041,0,Weekday
2023-10-25,Hyderabad,Clothing,55,26345,1,Weekday
2023-10-25,Hyderabad,Groceries,71,9940,0,Weekday
2023-10-25,Hyderabad,Furniture,11,34727,0,Weekday
2023-10-25,Hyderabad,Cosmetics,31,24769,0,Weekday
2023-10-26,Kolkata,Electronics,28,34076,0,Weekday
2023-10-26,Kolkata,Clothing,42,40950,0,Weekday
2023-10-26,Kolkata,Groceries,84,13188,0,Weekday
2023-10-26,Kolkata,Furniture,15,59805,1,Weekday
2023-10-26,Kolkata,Cosmetics,35,11270,0,Weekday
2023-10-26,Delhi,Electronics,26,59566,1,Weekday
2023-10-26,Delhi,Clothing,52,54236,0,Weekday
2023-10-26,Delhi,Groceries,87,4785,0,Weekday
2023-10-26,Delhi,Furniture,12,34200,1,Weekday
2023-10-26,Delhi,Cosmetics,37,13320,0,Weekday
2023-10-26,Mumbai,Electronics,20,49200,0,Weekday
2023-10-26,Mumbai,Clothing,41,27593,1,Weekday
2023-10-26,Mumbai,Groceries,68,7752,0,Weekday
2023-10-26,Mumbai,Furniture,13,25636,1,Weekday
2023-10-26,Mumbai,Cosmetics,38,27056,1,Weekday
2023-10-26,Bangalore,Electronics,26,47528,0,Weekday
2023-10-26,Bangalore,Clothing,38,15428,0,Weekday
2023-10-26,Bangalore,Groceries,87,7917,0,Weekday
2023-10-26,Bangalore,Furniture,15,82635,1,Weekday
2023-10-26,Bangalore,Cosmetics,38,14174,0,Weekday
2023-10-26,Hyderabad,Electronics,18,28350,0,Weekday
2023-10-26,Hyderabad,Clothing,49,56252,0,Weekday
2023-10-26,Hyderabad,Groceries,87,13485,0,Weekday
2023-10-26,Hyderabad,Furniture,14,25676,0,Weekday
2023-10-26,Hyderabad,Cosmetics,29,14616,0,Weekday
2023-10-27,Kolkata,Electronics,25,51275,0,Weekday
2023-10-27,Kolkata,Clothing,53,26129,0,Weekday
2023-10-27,Kolkata,Groceries,76,5928,1,Weekday
2023-10-27,Kolkata,Furniture,16,36864,1,Weekday
2023-10-27,Kolkata,Cosmetics,29,22881,0,Weekday
2023-10-27,Delhi,Electronics,30,69000,0,Weekday
2023-10-27,Delhi,Clothing,39,14781,0,Weekday
2023-10-27,Delhi,Groceries,87,11049,0,Weekday
2023-10-27,Delhi,Furniture,13,38129,0,Weekday
2023-10-27,Delhi,Cosmetics,39,26559,1,Weekday
2023-10-27,Mumbai,Electronics,22,48774,0,Weekday
2023-10-27,Mumbai,Clothing,32,19712,0,Weekday
2023-10-27,Mumbai,Groceries,80,7440,0,Weekday
2023-10-27,Mumbai,Furniture,15,50745,0,Weekday
2023-10-27,Mumbai,Cosmetics,29,19314,0,Weekday
2023-10-27,Bangalore,Electronics,24,22848,0,Weekday
2023-10-27,Bangalore,Clothing,50,15100,0,Weekday
2023-10-27,Bangalore,Groceries,79,9243,0,Weekday
2023-10-27,Bangalore,Furniture,14,25592,0,Weekday
2023-10-27,Bangalore,Cosmetics,35,10465,0,Weekday
2023-10-27,Hyderabad,Electronics,24,27864,0,Weekday
2023-10-27,Hyderabad,Clothing,47,33464,0,Weekday
2023-10-27,Hyderabad,Groceries,79,8611,1,Weekday
2023-10-27,Hyderabad,Furniture,10,55210,0,Weekday
2023-10-27,Hyderabad,Cosmetics,25,9700,0,Weekday
2023-10-28,Kolkata,Electronics,27,56592,0,Weekend
2023-10-28,Kolkata,Clothing,44,39204,1,Weekend
2023-10-28,Kolkata,Groceries,93,15066,1,Weekend
2023-10-28,Kolkata,Furniture,12,25092,0,Weekend
2023-10-28,Kolkata,Cosmetics,28,19880,0,Weekend
2023-10-28,Delhi,Electronics,25,38550,0,Weekend
2023-10-28,Delhi,Clothing,44,47916,0,Weekend
2023-10-28,Delhi,Groceries,80,8640,1,Weekend
2023-10-28,Delhi,Furniture,14,67676,1,Weekend
2023-10-28,Delhi,Cosmetics,29,4698,0,Weekend
2023-10-28,Mumbai,Electronics,22,34606,1,Weekend
2023-10-28,Mumbai,Clothing,43,29627,0,Weekend
2023-10-28,Mumbai,Groceries,101,14241,1,Weekend
2023-10-28,Mumbai,Furniture,11,48191,0,Weekend
2023-10-28,Mumbai,Cosmetics,32,10528,1,Weekend
2023-10-28,Bangalore,Electronics,33,77253,1,Weekend
2023-10-28,Bangalore,Clothing,39,46293,1,Weekend
2023-10-28,Bangalore,Groceries,73,6059,0,Weekend
2023-10-28,Bangalore,Furniture,15,37320,1,Weekend
2023-10-28,Bangalore,Cosmetics,36,18000,1,Weekend
2023-10-28,Hyderabad,Electronics,26,59800,1,Weekend
2023-10-28,Hyderabad,Clothing,48,26736,0,Weekend
2023-10-28,Hyderabad,Groceries,93,16275,0,Weekend
2023-10-28,Hyderabad,Furniture,9,27594,0,Weekend
2023-10-28,Hyderabad,Cosmetics,38,11818,1,Weekend
2023-10-29,Kolkata,Electronics,27,56646,0,Weekend
2023-10-29,Kolkata,Clothing,47,26790,0,Weekend
2023-10-29,Kolkata,Groceries,93,8463,0,Weekend
2023-10-29,Kolkata,Furniture,13,33176,1,Weekend
2023-10-29,Kolkata,Cosmetics,41,9635,1,Weekend
2023-10-29,Delhi,Electronics,21,47796,1,Weekend
2023-10-29,Delhi,Clothing,39,11856,0,Weekend
2023-10-29,Delhi,Groceries,100,13900,1,Weekend
2023-10-29,Delhi,Furniture,12,59904,0,Weekend
2023-10-29,Delhi,Cosmetics,29,19430,0,Weekend
2023-10-29,Mumbai,Electronics,40,69640,1,Weekend
2023-10-29,Mumbai,Clothing,40,25360,0,Weekend
2023-10-29,Mumbai,Groceries,69,8901,0,Weekend
2023-10-29,Mumbai,Furniture,13,42991,0,Weekend
2023-10-29,Mumbai,Cosmetics,23,3933,0,Weekend
2023-10-29,Bangalore,Electronics,25,39300,0,Weekend
2023-10-29,Bangalore,Clothing,51,22542,1,Weekend
2023-10-29,Bangalore,Groceries,93,9114,1,Weekend
2023-10-29,Bangalore,Furniture,14,62510,1,Weekend
2023-10-29,Bangalore,Cosmetics,28,4508,1,Weekend
2023-10-29,Hyderabad,Electronics,16,31360,0,Weekend
2023-10-29,Hyderabad,Clothing,55,34045,1,Weekend
2023-10-29,Hyderabad,Groceries,75,9600,0,Weekend
2023-10-29,Hyderabad,Furniture,14,30674,0,Weekend
2023-10-29,Hyderabad,Cosmetics,23,15686,0,Weekend
2023-10-30,Kolkata,Electronics,20,40060,1,Weekday
2023-10-30,Kolkata,Clothing,48,56496,0,Weekday
2023-10-30,Kolkata,Groceries,84,12348,0,Weekday
2023-10-30,Kolkata,Furniture,12,22128,0,Weekday
2023-10-30,Kolkata,Cosmetics,33,5181,0,Weekday
2023-10-30,Delhi,Electronics,20,39820,0,Weekday
2023-10-30,Delhi,Clothing,40,32120,0,Weekday
2023-10-30,Delhi,Groceries,61,5307,1,Weekday
2023-10-30,Delhi,Furniture,13,68406,0,Weekday
2023-10-30,Delhi,Cosmetics,24,7272,0,Weekday
2023-10-30,Mumbai,Electronics,30,35610,1,Weekday
2023-10-30,Mumbai,Clothing,43,21199,0,Weekday
2023-10-30,Mumbai,Groceries,78,5538,0,Weekday
2023-10-30,Mumbai,Furniture,13,38909,1,Weekday
2023-10-30,Mumbai,Cosmetics,33,9801,0,Weekday
2023-10-30,Bangalore,Electronics,32,56800,1,Weekday
2023-10-30,Bangalore,Clothing,35,34370,0,Weekday
2023-10-30,Bangalore,Groceries,77,12782,0,Weekday
2023-10-30,Bangalore,Furniture,14,78596,1,Weekday
2023-10-30,Bangalore,Cosmetics,37,6105,1,Weekday
2023-10-30,Hyderabad,Electronics,27,48627,0,Weekday
2023-10-30,Hyderabad,Clothing,48,30960,1,Weekday
2023-10-30,Hyderabad,Groceries,91,8190,0,Weekday
2023-10-30,Hyderabad,Furniture,12,63696,0,Weekday
2023-10-30,Hyderabad,Cosmetics,34,10370,1,Weekday
2023-10-31,Kolkata,Electronics,17,17816,0,Weekday
2023-10-31,Kolkata,Clothing,41,30299,0,Weekday
2023-10-31,Kolkata,Groceries,82,6478,0,Weekday
2023-10-31,Kolkata,Furniture,12,70728,0,Weekday
2023-10-31,Kolkata,Cosmetics,30,11160,1,Weekday
2023-10-31,Delhi,Electronics,27,44550,0,Weekday
2023-10-31,Delhi,Clothing,43,35432,0,Weekday
2023-10-31,Delhi,Groceries,106,9328,1,Weekday
2023-10-31,Delhi,Furniture,13,70824,0,Weekday
2023-10-31,Delhi,Cosmetics,21,9303,0,Weekday
2023-10-31,Mumbai,Electronics,25,26150,0,Weekday
2023-10-31,Mumbai,Clothing,49,35966,0,Weekday
2023-10-31,Mumbai,Groceries,73,11461,0,Weekday
2023-10-31,Mumbai,Furniture,13,28132,0,Weekday
2023-10-31,Mumbai,Cosmetics,26,11492,0,Weekday
2023-10-31,Bangalore,Electronics,25,30800,0,Weekday
2023-10-31,Bangalore,Clothing,52,21528,0,Weekday
2023-10-31,Bangalore,Groceries,64,5696,0,Weekday
2023-10-31,Bangalore,Furniture,11,57706,0,Weekday
2023-10-31,Bangalore,Cosmetics,38,21318,1,Weekday
2023-10-31,Hyderabad,Electronics,26,36894,0,Weekday
2023-10-31,Hyderabad,Clothing,37,42846,0,Weekday
2023-10-31,Hyderabad,Groceries,80,12640,0,Weekday
2023-10-31,Hyderabad,Furniture,11,19833,0,Weekday
2023-10-31,Hyderabad,Cosmetics,29,17748,0,Weekday
2023-11-01,Kolkata,Electronics,28,64736,0,Weekday
2023-11-01,Kolkata,Clothing,42,30072,0,Weekday
2023-11-01,Kolkata,Groceries,75,13650,0,Weekday
2023-11-01,Kolkata,Furniture,14,74704,0,Weekday
2023-11-01,Kolkata,Cosmetics,27,17469,0,Weekday
2023-11-01,Delhi,Electronics,35,72100,1,Weekday
2023-11-01,Delhi,Clothing,36,19008,0,Weekday
2023-11-01,Delhi,Groceries,67,9380,0,Weekday
2023-11-01,Delhi,Furniture,16,92128,1,Weekday
2023-11-01,Delhi,Cosmetics,33,18645,0,Weekday
2023-11-01,Mumbai,Electronics,22,24068,0,Weekday
2023-11-01,Mumbai,Clothing,44,15488,1,Weekday
2023-11-01,Mumbai,Groceries,73,9125,0,Weekday
2023-11-01,Mumbai,Furniture,11,65604,0,Weekday
2023-11-01,Mumbai,Cosmetics,35,20965,0,Weekday
2023-11-01,Bangalore,Electronics,27,55188,0,Weekday
2023-11-01,Bangalore,Clothing,57,61902,0,Weekday
2023-11-01,Bangalore,Groceries,70,4130,0,Weekday
2023-11-01,Bangalore,Furniture,9,21321,0,Weekday
2023-11-01,Bangalore,Cosmetics,34,26860,0,Weekday
2023-11-01,Hyderabad,Electronics,28,63000,0,Weekday
2023-11-01,Hyderabad,Clothing,42,38640,0,Weekday
2023-11-01,Hyderabad,Groceries,81,13770,0,Weekday
2023-11-01,Hyderabad,Furniture,12,70656,0,Weekday
2023-11-01,Hyderabad,Cosmetics,34,17170,1,Weekday
2023-11-02,Kolkata,Electronics,24,25224,0,Weekday
2023-11-02,Kolkata,Clothing,34,39780,0,Weekday
2023-11-02,Kolkata,Groceries,66,8844,0,Weekday
2023-11-02,Kolkata,Furniture,11,46640,0,Weekday
2023-11-02,Kolkata,Cosmetics,39,27651,1,Weekday
2023-11-02,Delhi,Electronics,22,26026,0,Weekday
2023-11-02,Delhi,Clothing,49,43610,0,Weekday
2023-11-02,Delhi,Groceries,93,6975,1,Weekday
2023-11-02,Delhi,Furniture,12,53568,0,Weekday
2023-11-02,Delhi,Cosmetics,33,22968,0,Weekday
2023-11-02,Mumbai,Electronics,35,86100,1,Weekday
2023-11-02,Mumbai,Clothing,37,41218,0,Weekday
2023-11-02,Mumbai,Groceries,74,6882,0,Weekday
2023-11-02,Mumbai,Furniture,9,33750,0,Weekday
2023-11-02,Mumbai,Cosmetics,31,17825,0,Weekday
2023-11-02,Bangalore,Electronics,32,40800,1,Weekday
2023-11-02,Bangalore,Clothing,36,13752,0,Weekday
2023-11-02,Bangalore,Groceries,80,6560,0,Weekday
2023-11-02,Bangalore,Furniture,10,42900,1,Weekday
2023-11-02,Bangalore,Cosmetics,31,10478,0,Weekday
2023-11-02,Hyderabad,Electronics,20,35440,0,Weekday
2023-11-02,Hyderabad,Clothing,65,38545,1,Weekday
2023-11-02,Hyderabad,Groceries,96,8832,0,Weekday
2023-11-02,Hyderabad,Furniture,14,27132,0,Weekday
2023-11-02,Hyderabad,Cosmetics,29,16327,0,Weekday
2023-11-03,Kolkata,Electronics,24,28008,0,Weekday
2023-11-03,Kolkata,Clothing,50,24900,0,Weekday
2023-11-03,Kolkata,Groceries,88,12232,0,Weekday
2023-11-03,Kolkata,Furniture,10,50940,0,Weekday
2023-11-03,Kolkata,Cosmetics,30,15210,0,Weekday
2023-11-03,Delhi,Electronics,33,51909,0,Weekday
2023-11-03,Delhi,Clothing,31,35743,0,Weekday
2023-11-03,Delhi,Groceries,92,12512,1,Weekday
2023-11-03,Delhi,Furniture,10,49800,0,Weekday
2023-11-03,Delhi,Cosmetics,22,6468,0,Weekday
2023-11-03,Mumbai,Electronics,32,68640,0,Weekday
2023-11-03,Mumbai,Clothing,50,45250,0,Weekday
2023-11-03,Mumbai,Groceries,89,17711,1,Weekday
2023-11-03,Mumbai,Furniture,13,38337,1,Weekday
2023-11-03,Mumbai,Cosmetics,34,5270,0,Weekday
2023-11-03,Bangalore,Electronics,23,35190,1,Weekday
2023-11-03,Bangalore,Clothing,59,39176,1,Weekday
2023-11-03,Bangalore,Groceries,89,16198,0,Weekday
2023-11-03,Bangalore,Furniture,11,36135,0,Weekday
2023-11-03,Bangalore,Cosmetics,26,4810,0,Weekday
2023-11-03,Hyderabad,Electronics,23,42090,0,Weekday
2023-11-03,Hyderabad,Clothing,43,43731,0,Weekday
2023-11-03,Hyderabad,Groceries,71,7810,1,Weekday
2023-11-03,Hyderabad,Furniture,10,42600,0,Weekday
2023-11-03,Hyderabad,Cosmetics,22,10296,0,Weekday
2023-11-04,Kolkata,Electronics,31,49631,1,Weekend
2023-11-04,Kolkata,Clothing,50,49000,1,Weekend
2023-11-04,Kolkata,Groceries,81,9882,1,Weekend
2023-11-04,Kolkata,Furniture,12,28788,0,Weekend
2023-11-04,Kolkata,Cosmetics,35,24325,0,Weekend
2023-11-04,Delhi,Electronics,23,23759,0,Weekend
2023-11-04,Delhi,Clothing,46,52578,0,Weekend
2023-11-04,Delhi,Groceries,82,4838,1,Weekend
2023-11-04,Delhi,Furniture,12,21120,0,Weekend
2023-11-04,Delhi,Cosmetics,27,6696,0,Weekend
2023-11-04,Mumbai,Electronics,26,49296,1,Weekend
2023-11-04,Mumbai,Clothing,43,42140,0,Weekend
2023-11-04,Mumbai,Groceries,88,13552,1,Weekend
2023-11-04,Mumbai,Furniture,15,78045,1,Weekend
2023-11-04,Mumbai,Cosmetics,39,11778,1,Weekend
2023-11-04,Bangalore,Electronics,32,56672,1,Weekend
2023-11-04,Bangalore,Clothing,65,37895,1,Weekend
2023-11-04,Bangalore,Groceries,69,8349,0,Weekend
2023-11-04,Bangalore,Furniture,14,58254,0,Weekend
2023-11-04,Bangalore,Cosmetics,40,20760,1,Weekend
2023-11-04,Hyderabad,Electronics,28,34216,1,Weekend
2023-11-04,Hyderabad,Clothing,63,53424,0,Weekend
2023-11-04,Hyderabad,Groceries,77,11396,0,Weekend
2023-11-04,Hyderabad,Furniture,12,67212,0,Weekend
2023-11-04,Hyderabad,Cosmetics,28,12040,0,Weekend
2023-11-05,Kolkata,Electronics,25,21175,0,Weekend
2023-11-05,Kolkata,Clothing,38,33782,0,Weekend
2023-11-05,Kolkata,Groceries,78,11622,0,Weekend
2023-11-05,Kolkata,Furniture,12,69384,0,Weekend
2023-11-05,Kolkata,Cosmetics,29,7366,1,Weekend
2023-11-05,Delhi,Electronics,20,24120,0,Weekend
2023-11-05,Delhi,Clothing,46,48760,0,Weekend
2023-11-05,Delhi,Groceries,67,10519,0,Weekend
2023-11-05,Delhi,Furniture,11,40359,0,Weekend
2023-11-05,Delhi,Cosmetics,25,18800,0,Weekend
2023-11-05,Mumbai,Electronics,20,24140,0,Weekend
2023-11-05,Mumbai,Clothing,41,44649,0,Weekend
2023-11-05,Mumbai,Groceries,76,14136,0,Weekend
2023-11-05,Mumbai,Furniture,12,45228,0,Weekend
2023-11-05,Mumbai,Cosmetics,26,5720,0,Weekend
2023-11-05,Bangalore,Electronics,23,29417,1,Weekend
2023-11-05,Bangalore,Clothing,48,54960,0,Weekend
2023-11-05,Bangalore,Groceries,73,4015,0,Weekend
2023-11-05,Bangalore,Furniture,14,47292,0,Weekend
2023-11-05,Bangalore,Cosmetics,31,14012,1,Weekend
2023-11-05,Hyderabad,Electronics,29,62263,1,Weekend
2023-11-05,Hyderabad,Clothing,43,18576,1,Weekend
2023-11-05,Hyderabad,Groceries,82,7134,1,Weekend
2023-11-05,Hyderabad,Furniture,13,21892,0,Weekend
2023-11-05,Hyderabad,Cosmetics,31,10447,0,Weekend
2023-11-06,Kolkata,Electronics,29,56231,1,Weekday
2023-11-06,Kolkata,Clothing,44,46596,0,Weekday
2023-11-06,Kolkata,Groceries,88,14432,1,Weekday
2023-11-06,Kolkata,Furniture,16,93200,0,Weekday
2023-11-06,Kolkata,Cosmetics,26,20748,0,Weekday
2023-11-06,Delhi,Electronics,23,54671,0,Weekday
2023-11-06,Delhi,Clothing,50,43500,0,Weekday
2023-11-06,Delhi,Groceries,58,6148,0,Weekday
2023-11-06,Delhi,Furniture,12,27468,0,Weekday
2023-11-06,Delhi,Cosmetics,29,18415,0,Weekday
2023-11-06,Mumbai,Electronics,24,50712,0,Weekday
2023-11-06,Mumbai,Clothing,50,27850,1,Weekday
2023-11-06,Mumbai,Groceries,86,17028,1,Weekday
2023-11-06,Mumbai,Furniture,9,20862,0,Weekday
2023-11-06,Mumbai,Cosmetics,28,15176,0,Weekday
2023-11-06,Bangalore,Electronics,25,49475,0,Weekday
2023-11-06,Bangalore,Clothing,49,54194,0,Weekday
2023-11-06,Bangalore,Groceries,67,11792,0,Weekday
2023-11-06,Bangalore,Furniture,10,26570,0,Weekday
2023-11-06,Bangalore,Cosmetics,31,24273,0,Weekday
2023-11-06,Hyderabad,Electronics,30,62310,1,Weekday
2023-11-06,Hyderabad,Clothing,45,33840,0,Weekday
2023-11-06,Hyderabad,Groceries,48,8784,0,Weekday
2023-11-06,Hyderabad,Furniture,14,30940,0,Weekday
2023-11-06,Hyderabad,Cosmetics,28,7084,1,Weekday
2023-11-07,Kolkata,Electronics,23,26565,0,Weekday
2023-11-07,Kolkata,Clothing,39,24492,0,Weekday
2023-11-07,Kolkata,Groceries,70,12530,0,Weekday
2023-11-07,Kolkata,Furniture,13,20410,1,Weekday
2023-11-07,Kolkata,Cosmetics,30,4500,0,Weekday
2023-11-07,Delhi,Electronics,20,35340,0,Weekday
2023-11-07,Delhi,Clothing,32,32192,0,Weekday
2023-11-07,Delhi,Groceries,62,11532,0,Weekday
2023-11-07,Delhi,Furniture,13,77753,0,Weekday
2023-11-07,Delhi,Cosmetics,36,5796,1,Weekday
2023-11-07,Mumbai,Electronics,30,25080,0,Weekday
2023-11-07,Mumbai,Clothing,29,30073,0,Weekday
2023-11-07,Mumbai,Groceries,56,11088,0,Weekday
2023-11-07,Mumbai,Furniture,9,53424,0,Weekday
2023-11-07,Mumbai,Cosmetics,28,10892,0,Weekday
2023-11-07,Bangalore,Electronics,28,43792,0,Weekday
2023-11-07,Bangalore,Clothing,41,24231,0,Weekday
2023-11-07,Bangalore,Groceries,65,6305,0,Weekday
2023-11-07,Bangalore,Furniture,14,42322,0,Weekday
2023-11-07,Bangalore,Cosmetics,38,12996,1,Weekday
2023-11-07,Hyderabad,Electronics,19,22040,0,Weekday
2023-11-07,Hyderabad,Clothing,46,54786,0,Weekday
2023-11-07,Hyderabad,Groceries,85,9945,0,Weekday
2023-11-07,Hyderabad,Furniture,15,78060,1,Weekday
2023-11-07,Hyderabad,Cosmetics,35,24535,1,Weekday
2023-11-08,Kolkata,Electronics,25,54475,0,Weekday
2023-11-08,Kolkata,Clothing,36,26532,1,Weekday
2023-11-08,Kolkata,Groceries,97,14259,0,Weekday
2023-11-08,Kolkata,Furniture,13,25038,0,Weekday
2023-11-08,Kolkata,Cosmetics,22,12716,0,Weekday
2023-11-08,Delhi,Electronics,28,26096,0,Weekday
2023-11-08,Delhi,Clothing,43,45279,0,Weekday
2023-11-08,Delhi,Groceries,76,8968,0,Weekday
2023-11-08,Delhi,Furniture,10,54870,0,Weekday
2023-11-08,Delhi,Cosmetics,32,13920,0,Weekday
2023-11-08,Mumbai,Electronics,26,32630,0,Weekday
2023-11-08,Mumbai,Clothing,31,26505,0,Weekday
2023-11-08,Mumbai,Groceries,66,5016,0,Weekday
2023-11-08,Mumbai,Furniture,10,19090,0,Weekday
2023-11-08,Mumbai,Cosmetics,39,21684,0,Weekday
2023-11-08,Bangalore,Electronics,23,28060,0,Weekday
2023-11-08,Bangalore,Clothing,48,50448,0,Weekday
2023-11-08,Bangalore,Groceries,86,11782,0,Weekday
2023-11-08,Bangalore,Furniture,13,48113,0,Weekday
2023-11-08,Bangalore,Cosmetics,26,8346,0,Weekday
2023-11-08,Hyderabad,Electronics,27,65313,0,Weekday
2023-11-08,Hyderabad,Clothing,60,33480,1,Weekday
2023-11-08,Hyderabad,Groceries,58,10440,0,Weekday
2023-11-08,Hyderabad,Furniture,11,33242,0,Weekday
2023-11-08,Hyderabad,Cosmetics,35,17360,1,Weekday
2023-11-09,Kolkata,Electronics,26,40378,1,Weekday
2023-11-09,Kolkata,Clothing,47,20821,0,Weekday
2023-11-09,Kolkata,Groceries,73,4964,1,Weekday
2023-11-09,Kolkata,Furniture,13,65351,0,Weekday
2023-11-09,Kolkata,Cosmetics,40,29640,1,Weekday
2023-11-09,Delhi,Electronics,26,29276,0,Weekday
2023-11-09,Delhi,Clothing,44,33000,0,Weekday
2023-11-09,Delhi,Groceries,51,7548,0,Weekday
2023-11-09,Delhi,Furniture,10,50430,0,Weekday
2023-11-09,Delhi,Cosmetics,27,10908,0,Weekday
2023-11-09,Mumbai,Electronics,25,39025,0,Weekday
2023-11-09,Mumbai,Clothing,40,18960,0,Weekday
2023-11-09,Mumbai,Groceries,73,8103,0,Weekday
2023-11-09,Mumbai,Furniture,12,63720,0,Weekday
2023-11-09,Mumbai,Cosmetics,35,25970,1,Weekday
2023-11-09,Bangalore,Electronics,20,44980,0,Weekday
2023-11-09,Bangalore,Clothing,38,37696,0,Weekday
2023-11-09,Bangalore,Groceries,81,6075,1,Weekday
2023-11-09,Bangalore,Furniture,12,46092,0,Weekday
2023-11-09,Bangalore,Cosmetics,27,11664,0,Weekday
2023-11-09,Hyderabad,Electronics,24,57984,0,Weekday
2023-11-09,Hyderabad,Clothing,41,14883,0,Weekday
2023-11-09,Hyderabad,Groceries,71,13987,0,Weekday
2023-11-09,Hyderabad,Furniture,9,38421,0,Weekday
2023-11-09,Hyderabad,Cosmetics,35,26250,0,Weekday
2023-11-10,Kolkata,Electronics,24,30528,1,Weekday
2023-11-10,Kolkata,Clothing,39,24609,1,Weekday
2023-11-10,Kolkata,Groceries,78,12480,1,Weekday
2023-11-10,Kolkata,Furniture,13,53430,0,Weekday
2023-11-10,Kolkata,Cosmetics,29,19227,1,Weekday
2023-11-10,Delhi,Electronics,25,57475,0,Weekday
2023-11-10,Delhi,Clothing,32,34720,0,Weekday
2023-11-10,Delhi,Groceries,106,11448,1,Weekday
2023-11-10,Delhi,Furniture,10,50390,0,Weekday
2023-11-10,Delhi,Cosmetics,32,14432,0,Weekday
2023-11-10,Mumbai,Electronics,27,62991,0,Weekday
2023-11-10,Mumbai,Clothing,48,50976,0,Weekday
2023-11-10,Mumbai,Groceries,86,10148,0,Weekday
2023-11-10,Mumbai,Furniture,12,23088,1,Weekday
2023-11-10,Mumbai,Cosmetics,33,11517,0,Weekday
2023-11-10,Bangalore,Electronics,27,38313,0,Weekday
2023-11-10,Bangalore,Clothing,47,25145,0,Weekday
2023-11-10,Bangalore,Groceries,67,6365,0,Weekday
2023-11-10,Bangalore,Furniture,13,43251,0,Weekday
2023-11-10,Bangalore,Cosmetics,36,24408,1,Weekday
2023-11-10,Hyderabad,Electronics,23,31027,0,Weekday
2023-11-10,Hyderabad,Clothing,41,42722,0,Weekday
2023-11-10,Hyderabad,Groceries,79,4345,0,Weekday
2023-11-10,Hyderabad,Furniture,10,45890,0,Weekday
2023-11-10,Hyderabad,Cosmetics,21,4263,0,Weekday
2023-11-11,Kolkata,Electronics,24,23304,0,Weekend
2023-11-11,Kolkata,Clothing,55,43725,0,Weekend
2023-11-11,Kolkata,Groceries,88,13024,1,Weekend
2023-11-11,Kolkata,Furniture,13,63713,1,Weekend
2023-11-11,Kolkata,Cosmetics,38,28576,0,Weekend
2023-11-11,Delhi,Electronics,24,23952,0,Weekend
2023-11-11,Delhi,Clothing,34,13294,1,Weekend
2023-11-11,Delhi,Groceries,70,9590,0,Weekend
2023-11-11,Delhi,Furniture,15,75090,0,Weekend
2023-11-11,Delhi,Cosmetics,34,9248,0,Weekend
2023-11-11,Mumbai,Electronics,37,72779,1,Weekend
2023-11-11,Mumbai,Clothing,40,23680,1,Weekend
2023-11-11,Mumbai,Groceries,66,8514,0,Weekend
2023-11-11,Mumbai,Furniture,17,70686,1,Weekend
2023-11-11,Mumbai,Cosmetics,34,11118,0,Weekend
2023-11-11,Bangalore,Electronics,27,56889,0,Weekend
2023-11-11,Bangalore,Clothing,43,14878,0,Weekend
2023-11-11,Bangalore,Groceries,73,5840,1,Weekend
2023-11-11,Bangalore,Furniture,9,24372,0,Weekend
2023-11-11,Bangalore,Cosmetics,30,12540,0,Weekend
2023-11-11,Hyderabad,Electronics,25,43225,1,Weekend
2023-11-11,Hyderabad,Clothing,44,15092,1,Weekend
2023-11-11,Hyderabad,Groceries,83,12035,0,Weekend
2023-11-11,Hyderabad,Furniture,8,46088,0,Weekend
2023-11-11,Hyderabad,Cosmetics,33,9471,0,Weekend
2023-11-12,Kolkata,Electronics,32,26464,0,Weekend
2023-11-12,Kolkata,Clothing,47,46107,1,Weekend
2023-11-12,Kolkata,Groceries,89,7209,0,Weekend
2023-11-12,Kolkata,Furniture,14,76790,0,Weekend
2023-11-12,Kolkata,Cosmetics,25,17550,0,Weekend
2023-11-12,Delhi,Electronics,32,44608,1,Weekend
2023-11-12,Delhi,Clothing,37,27713,0,Weekend
2023-11-12,Delhi,Groceries,81,15795,1,Weekend
2023-11-12,Delhi,Furniture,10,16640,1,Weekend
2023-11-12,Delhi,Cosmetics,29,19314,0,Weekend
2023-11-12,Mumbai,Electronics,28,52080,0,Weekend
2023-11-12,Mumbai,Clothing,44,32868,0,Weekend
2023-11-12,Mumbai,Groceries,66,5544,0,Weekend
2023-11-12,Mumbai,Furniture,15,48690,1,Weekend
2023-11-12,Mumbai,Cosmetics,44,34672,1,Weekend
2023-11-12,Bangalore,Electronics,28,59136,0,Weekend
2023-11-12,Bangalore,Clothing,52,59540,0,Weekend
2023-11-12,Bangalore,Groceries,76,10944,0,Weekend
2023-11-12,Bangalore,Furniture,13,45565,1,Weekend
2023-11-12,Bangalore,Cosmetics,21,5712,0,Weekend
2023-11-12,Hyderabad,Electronics,37,89429,1,Weekend
2023-11-12,Hyderabad,Clothing,30,22650,0,Weekend
2023-11-12,Hyderabad,Groceries,92,14628,1,Weekend
2023-11-12,Hyderabad,Furniture,14,70546,0,Weekend
2023-11-12,Hyderabad,Cosmetics,33,24090,1,Weekend
2023-11-13,Kolkata,Electronics,27,33939,0,Weekday
2023-11-13,Kolkata,Clothing,35,37590,0,Weekday
2023-11-13,Kolkata,Groceries,90,8370,0,Weekday
2023-11-13,Kolkata,Furniture,11,34914,0,Weekday
2023-11-13,Kolkata,Cosmetics,22,6754,0,Weekday
2023-11-13,Delhi,Electronics,29,66961,1,Weekday
2023-11-13,Delhi,Clothing,44,37180,0,Weekday
2023-11-13,Delhi,Groceries,63,6363,0,Weekday
2023-11-13,Delhi,Furniture,11,45507,1,Weekday
2023-11-13,Delhi,Cosmetics,26,14092,0,Weekday
2023-11-13,Mumbai,Electronics,27,44496,0,Weekday
2023-11-13,Mumbai,Clothing,54,19440,0,Weekday
2023-11-13,Mumbai,Groceries,91,16744,0,Weekday
2023-11-13,Mumbai,Furniture,13,52494,0,Weekday
2023-11-13,Mumbai,Cosmetics,32,16160,0,Weekday
2023-11-13,Bangalore,Electronics,28,35896,1,Weekday
2023-11-13,Bangalore,Clothing,48,32256,0,Weekday
2023-11-13,Bangalore,Groceries,93,8370,1,Weekday
2023-11-13,Bangalore,Furniture,9,36243,0,Weekday
2023-11-13,Bangalore,Cosmetics,34,8636,1,Weekday
2023-11-13,Hyderabad,Electronics,28,59276,0,Weekday
2023-11-13,Hyderabad,Clothing,58,26216,1,Weekday
2023-11-13,Hyderabad,Groceries,91,15652,1,Weekday
2023-11-13,Hyderabad,Furniture,11,42339,0,Weekday
2023-11-13,Hyderabad,Cosmetics,30,6510,0,Weekday
2023-11-14,Kolkata,Electronics,25,49400,0,Weekday
2023-11-14,Kolkata,Clothing,38,44156,0,Weekday
2023-11-14,Kolkata,Groceries,78,5304,0,Weekday
2023-11-14,Kolkata,Furniture,11,36410,1,Weekday
2023-11-14,Kolkata,Cosmetics,39,19032,1,Weekday
2023-11-14,Delhi,Electronics,23,32292,0,Weekday
2023-11-14,Delhi,Clothing,43,42011,0,Weekday
2023-11-14,Delhi,Groceries,89,6586,0,Weekday
2023-11-14,Delhi,Furniture,14,60704,1,Weekday
2023-11-14,Delhi,Cosmetics,37,6438,1,Weekday
2023-11-14,Mumbai,Electronics,20,46400,0,Weekday
2023-11-14,Mumbai,Clothing,41,30545,0,Weekday
2023-11-14,Mumbai,Groceries,80,12800,0,Weekday
2023-11-14,Mumbai,Furniture,12,21132,0,Weekday
2023-11-14,Mumbai,Cosmetics,39,29016,1,Weekday
2023-11-14,Bangalore,Electronics,22,19448,1,Weekday
2023-11-14,Bangalore,Clothing,46,42182,0,Weekday
2023-11-14,Bangalore,Groceries,92,6256,1,Weekday
2023-11-14,Bangalore,Furniture,10,38370,0,Weekday
2023-11-14,Bangalore,Cosmetics,23,9867,0,Weekday
2023-11-14,Hyderabad,Electronics,25,20800,0,Weekday
2023-11-14,Hyderabad,Clothing,45,45990,1,Weekday
2023-11-14,Hyderabad,Groceries,64,11520,0,Weekday
2023-11-14,Hyderabad,Furniture,12,60696,0,Weekday
2023-11-14,Hyderabad,Cosmetics,31,17391,0,Weekday
2023-11-15,Kolkata,Electronics,26,47320,0,Weekday
2023-11-15,Kolkata,Clothing,44,47520,0,Weekday
2023-11-15,Kolkata,Groceries,74,7548,0,Weekday
2023-11-15,Kolkata,Furniture,11,38786,0,Weekday
2023-11-15,Kolkata,Cosmetics,39,17589,0,Weekday
2023-11-15,Delhi,Electronics,22,39666,0,Weekday
2023-11-15,Delhi,Clothing,38,19608,0,Weekday
2023-11-15,Delhi,Groceries,74,7770,1,Weekday
2023-11-15,Delhi,Furniture,12,62364,0,Weekday
2023-11-15,Delhi,Cosmetics,32,17664,0,Weekday
2023-11-15,Mumbai,Electronics,32,69760,1,Weekday
2023-11-15,Mumbai,Clothing,31,19995,0,Weekday
2023-11-15,Mumbai,Groceries,84,4704,0,Weekday
2023-11-15,Mumbai,Furniture,14,83006,1,Weekday
2023-11-15,Mumbai,Cosmetics,37,21460,0,Weekday
2023-11-15,Bangalore,Electronics,31,28582,0,Weekday
2023-11-15,Bangalore,Clothing,41,13448,0,Weekday
2023-11-15,Bangalore,Groceries,73,11023,0,Weekday
2023-11-15,Bangalore,Furniture,16,81312,0,Weekday
2023-11-15,Bangalore,Cosmetics,32,6144,0,Weekday
2023-11-15,Hyderabad,Electronics,26,48542,0,Weekday
2023-11-15,Hyderabad,Clothing,39,34086,0,Weekday
2023-11-15,Hyderabad,Groceries,63,10584,0,Weekday
2023-11-15,Hyderabad,Furniture,12,44508,1,Weekday
2023-11-15,Hyderabad,Cosmetics,27,21060,0,Weekday
2023-11-16,Kolkata,Electronics,28,30240,0,Weekday
2023-11-16,Kolkata,Clothing,47,45778,0,Weekday
2023-11-16,Kolkata,Groceries,90,11700,0,Weekday
2023-11-16,Kolkata,Furniture,12,39876,1,Weekday
2023-11-16,Kolkata,Cosmetics,34,27098,0,Weekday
2023-11-16,Delhi,Electronics,29,37120,0,Weekday
2023-11-16,Delhi,Clothing,50,31300,1,Weekday
2023-11-16,Delhi,Groceries,61,10919,0,Weekday
2023-11-16,Delhi,Furniture,16,53296,1,Weekday
2023-11-16,Delhi,Cosmetics,29,12731,0,Weekday
2023-11-16,Mumbai,Electronics,26,23218,0,Weekday
2023-11-16,Mumbai,Clothing,33,13134,1,Weekday
2023-11-16,Mumbai,Groceries,76,11932,0,Weekday
2023-11-16,Mumbai,Furniture,10,17290,0,Weekday
2023-11-16,Mumbai,Cosmetics,31,16058,0,Weekday
2023-11-16,Bangalore,Electronics,33,43857,1,Weekday
2023-11-16,Bangalore,Clothing,48,14448,1,Weekday
2023-11-16,Bangalore,Groceries,91,16380,1,Weekday
2023-11-16,Bangalore,Furniture,12,20484,0,Weekday
2023-11-16,Bangalore,Cosmetics,40,6360,1,Weekday
2023-11-16,Hyderabad,Electronics,20,46400,0,Weekday
2023-11-16,Hyderabad,Clothing,36,41076,0,Weekday
2023-11-16,Hyderabad,Groceries,89,7565,1,Weekday
2023-11-16,Hyderabad,Furniture,12,29064,0,Weekday
2023-11-16,Hyderabad,Cosmetics,37,23014,1,Weekday
2023-11-17,Kolkata,Electronics,22,49808,0,Weekday
2023-11-17,Kolkata,Clothing,45,24480,0,Weekday
2023-11-17,Kolkata,Groceries,58,3422,1,Weekday
2023-11-17,Kolkata,Furniture,11,27236,0,Weekday
2023-11-17,Kolkata,Cosmetics,20,14420,0,Weekday
2023-11-17,Delhi,Electronics,24,20736,1,Weekday
2023-11-17,Delhi,Clothing,53,55120,1,Weekday
2023-11-17,Delhi,Groceries,88,6424,0,Weekday
2023-11-17,Delhi,Furniture,10,34280,0,Weekday
2023-11-17,Delhi,Cosmetics,28,6944,0,Weekday
2023-11-17,Mumbai,Electronics,30,24810,1,Weekday
2023-11-17,Mumbai,Clothing,44,34760,1,Weekday
2023-11-17,Mumbai,Groceries,66,6930,0,Weekday
2023-11-17,Mumbai,Furniture,15,85755,1,Weekday
2023-11-17,Mumbai,Cosmetics,28,16352,0,Weekday
2023-11-17,Bangalore,Electronics,29,47821,1,Weekday
2023-11-17,Bangalore,Clothing,46,42642,0,Weekday
2023-11-17,Bangalore,Groceries,81,6804,0,Weekday
2023-11-17,Bangalore,Furniture,13,51688,0,Weekday
2023-11-17,Bangalore,Cosmetics,24,18696,0,Weekday
2023-11-17,Hyderabad,Electronics,28,27076,0,Weekday
2023-11-17,Hyderabad,Clothing,50,51300,0,Weekday
2023-11-17,Hyderabad,Groceries,88,15576,0,Weekday
2023-11-17,Hyderabad,Furniture,13,29081,0,Weekday
2023-11-17,Hyderabad,Cosmetics,37,8806,1,Weekday
2023-11-18,Kolkata,Electronics,25,26850,0,Weekend
2023-11-18,Kolkata,Clothing,39,12051,1,Weekend
2023-11-18,Kolkata,Groceries,88,8272,0,Weekend
2023-11-18,Kolkata,Furniture,13,63882,0,Weekend
2023-11-18,Kolkata,Cosmetics,36,6876,1,Weekend
2023-11-18,Delhi,Electronics,25,28150,1,Weekend
2023-11-18,Delhi,Clothing,44,25476,1,Weekend
2023-11-18,Delhi,Groceries,79,9401,0,Weekend
2023-11-18,Delhi,Furniture,11,61974,1,Weekend
2023-11-18,Delhi,Cosmetics,48,38016,1,Weekend
2023-11-18,Mumbai,Electronics,36,31212,1,Weekend
2023-11-18,Mumbai,Clothing,50,17050,0,Weekend
2023-11-18,Mumbai,Groceries,90,9540,1,Weekend
2023-11-18,Mumbai,Furniture,8,39304,0,Weekend
2023-11-18,Mumbai,Cosmetics,29,12209,0,Weekend
2023-11-18,Bangalore,Electronics,31,31186,1,Weekend
2023-11-18,Bangalore,Clothing,47,34028,0,Weekend
2023-11-18,Bangalore,Groceries,78,12714,0,Weekend
2023-11-18,Bangalore,Furniture,13,63063,0,Weekend
2023-11-18,Bangalore,Cosmetics,31,7936,0,Weekend
2023-11-18,Hyderabad,Electronics,32,65760,1,Weekend
2023-11-18,Hyderabad,Clothing,45,31995,0,Weekend
2023-11-18,Hyderabad,Groceries,100,5800,1,Weekend
2023-11-18,Hyderabad,Furniture,13,34567,1,Weekend
2023-11-18,Hyderabad,Cosmetics,26,14222,0,Weekend
2023-11-19,Kolkata,Electronics,41,64903,1,Weekend
2023-11-19,Kolkata,Clothing,37,28194,0,Weekend
2023-11-19,Kolkata,Groceries,73,10658,1,Weekend
2023-11-19,Kolkata,Furniture,15,46290,1,Weekend
2023-11-19,Kolkata,Cosmetics,34,26452,1,Weekend
2023-11-19,Delhi,Electronics,22,28842,0,Weekend
2023-11-19,Delhi,Clothing,42,33642,1,Weekend
2023-11-19,Delhi,Groceries,63,4032,0,Weekend
2023-11-19,Delhi,Furniture,15,68535,1,Weekend
2023-11-19,Delhi,Cosmetics,31,7688,1,Weekend
2023-11-19,Mumbai,Electronics,18,18180,0,Weekend
2023-11-19,Mumbai,Clothing,48,19920,0,Weekend
2023-11-19,Mumbai,Groceries,60,4320,0,Weekend
2023-11-19,Mumbai,Furniture,17,99909,1,Weekend
2023-11-19,Mumbai,Cosmetics,33,16764,1,Weekend
2023-11-19,Bangalore,Electronics,24,32568,1,Weekend
2023-11-19,Bangalore,Clothing,51,21777,0,Weekend
2023-11-19,Bangalore,Groceries,60,11880,0,Weekend
2023-11-19,Bangalore,Furniture,12,20688,0,Weekend
2023-11-19,Bangalore,Cosmetics,31,14353,1,Weekend
2023-11-19,Hyderabad,Electronics,26,62166,0,Weekend
2023-11-19,Hyderabad,Clothing,37,27824,0,Weekend
2023-11-19,Hyderabad,Groceries,71,11928,0,Weekend
2023-11-19,Hyderabad,Furniture,13,21450,0,Weekend
2023-11-19,Hyderabad,Cosmetics,37,15392,1,Weekend
2023-11-20,Kolkata,Electronics,28,26488,0,Weekday
2023-11-20,Kolkata,Clothing,37,13690,0,Weekday
2023-11-20,Kolkata,Groceries,66,9702,0,Weekday
2023-11-20,Kolkata,Furniture,15,64260,0,Weekday
2023-11-20,Kolkata,Cosmetics,43,20597,1,Weekday
2023-11-20,Delhi,Electronics,24,47904,0,Weekday
2023-11-20,Delhi,Clothing,52,42224,0,Weekday
2023-11-20,Delhi,Groceries,87,16356,0,Weekday
2023-11-20,Delhi,Furniture,12,39264,0,Weekday
2023-11-20,Delhi,Cosmetics,46,35374,1,Weekday
2023-11-20,Mumbai,Electronics,29,58609,1,Weekday
2023-11-20,Mumbai,Clothing,43,28767,0,Weekday
2023-11-20,Mumbai,Groceries,90,17460,0,Weekday
2023-11-20,Mumbai,Furniture,11,42944,0,Weekday
2023-11-20,Mumbai,Cosmetics,29,6438,0,Weekday
2023-11-20,Bangalore,Electronics,23,34109,0,Weekday
2023-11-20,Bangalore,Clothing,46,53360,0,Weekday
2023-11-20,Bangalore,Groceries,84,5796,0,Weekday
2023-11-20,Bangalore,Furniture,14,74284,1,Weekday
2023-11-20,Bangalore,Cosmetics,32,24640,0,Weekday
2023-11-20,Hyderabad,Electronics,25,33525,0,Weekday
2023-11-20,Hyderabad,Clothing,31,22878,0,Weekday
2023-11-20,Hyderabad,Groceries,75,6825,0,Weekday
2023-11-20,Hyderabad,Furniture,9,42507,0,Weekday
2023-11-20,Hyderabad,Cosmetics,32,14432,0,Weekday
2023-11-21,Kolkata,Electronics,30,55650,1,Weekday
2023-11-21,Kolkata,Clothing,45,31455,0,Weekday
2023-11-21,Kolkata,Groceries,67,10251,0,Weekday
2023-11-21,Kolkata,Furniture,11,41965,0,Weekday
2023-11-21,Kolkata,Cosmetics,36,23112,1,Weekday
2023-11-21,Delhi,Electronics,25,33000,1,Weekday
2023-11-21,Delhi,Clothing,49,51156,0,Weekday
2023-11-21,Delhi,Groceries,55,8030,0,Weekday
2023-11-21,Delhi,Furniture,12,20436,0,Weekday
2023-11-21,Delhi,Cosmetics,21,12873,0,Weekday
2023-11-21,Mumbai,Electronics,28,27496,0,Weekday
2023-11-21,Mumbai,Clothing,46,37306,1,Weekday
2023-11-21,Mumbai,Groceries,72,3960,0,Weekday
2023-11-21,Mumbai,Furniture,15,51165,1,Weekday
2023-11-21,Mumbai,Cosmetics,30,18720,0,Weekday
2023-11-21,Bangalore,Electronics,27,35154,1,Weekday
2023-11-21,Bangalore,Clothing,36,26064,0,Weekday
2023-11-21,Bangalore,Groceries,70,9100,0,Weekday
2023-11-21,Bangalore,Furniture,15,86250,1,Weekday
2023-11-21,Bangalore,Cosmetics,31,18042,0,Weekday
2023-11-21,Hyderabad,Electronics,27,34830,1,Weekday
2023-11-21,Hyderabad,Clothing,43,27391,0,Weekday
2023-11-21,Hyderabad,Groceries,69,13731,0,Weekday
2023-11-21,Hyderabad,Furniture,12,36180,0,Weekday
2023-11-21,Hyderabad,Cosmetics,35,6860,0,Weekday
2023-11-22,Kolkata,Electronics,23,22218,0,Weekday
2023-11-22,Kolkata,Clothing,49,39886,0,Weekday
2023-11-22,Kolkata,Groceries,65,3315,0,Weekday
2023-11-22,Kolkata,Furniture,15,53685,1,Weekday
2023-11-22,Kolkata,Cosmetics,25,4400,1,Weekday
2023-11-22,Delhi,Electronics,32,74528,1,Weekday
2023-11-22,Delhi,Clothing,43,27606,0,Weekday
2023-11-22,Delhi,Groceries,82,9348,0,Weekday
2023-11-22,Delhi,Furniture,14,35210,1,Weekday
2023-11-22,Delhi,Cosmetics,30,21270,0,Weekday
2023-11-22,Mumbai,Electronics,23,26795,0,Weekday
2023-11-22,Mumbai,Clothing,69,81144,1,Weekday
2023-11-22,Mumbai,Groceries,62,9362,0,Weekday
2023-11-22,Mumbai,Furniture,15,60150,1,Weekday
2023-11-22,Mumbai,Cosmetics,37,29267,1,Weekday
2023-11-22,Bangalore,Electronics,17,38811,0,Weekday
2023-11-22,Bangalore,Clothing,50,47650,0,Weekday
2023-11-22,Bangalore,Groceries,74,9176,0,Weekday
2023-11-22,Bangalore,Furniture,14,82936,0,Weekday
2023-11-22,Bangalore,Cosmetics,28,6888,0,Weekday
2023-11-22,Hyderabad,Electronics,21,50631,0,Weekday
2023-11-22,Hyderabad,Clothing,45,32580,0,Weekday
2023-11-22,Hyderabad,Groceries,68,10948,0,Weekday
2023-11-22,Hyderabad,Furniture,13,42302,0,Weekday
2023-11-22,Hyderabad,Cosmetics,32,14528,0,Weekday
2023-11-23,Kolkata,Electronics,27,32697,0,Weekday
2023-11-23,Kolkata,Clothing,48,54096,0,Weekday
2023-11-23,Kolkata,Groceries,68,9248,0,Weekday
2023-11-23,Kolkata,Furniture,15,65400,0,Weekday
2023-11-23,Kolkata,Cosmetics,35,12250,1,Weekday
2023-11-23,Delhi,Electronics,19,44061,0,Weekday
2023-11-23,Delhi,Clothing,51,18768,0,Weekday
2023-11-23,Delhi,Groceries,88,13728,1,Weekday
2023-11-23,Delhi,Furniture,10,42790,0,Weekday
2023-11-23,Delhi,Cosmetics,27,6534,1,Weekday
2023-11-23,Mumbai,Electronics,28,47740,1,Weekday
2023-11-23,Mumbai,Clothing,32,24480,0,Weekday
2023-11-23,Mumbai,Groceries,95,11590,0,Weekday
2023-11-23,Mumbai,Furniture,10,56200,0,Weekday
2023-11-23,Mumbai,Cosmetics,27,16713,0,Weekday
2023-11-23,Bangalore,Electronics,18,24894,0,Weekday
2023-11-23,Bangalore,Clothing,48,54576,1,Weekday
2023-11-23,Bangalore,Groceries,83,4150,0,Weekday
2023-11-23,Bangalore,Furniture,13,63505,0,Weekday
2023-11-23,Bangalore,Cosmetics,39,22230,0,Weekday
2023-11-23,Hyderabad,Electronics,16,16944,0,Weekday
2023-11-23,Hyderabad,Clothing,36,12672,0,Weekday
2023-11-23,Hyderabad,Groceries,68,6052,0,Weekday
2023-11-23,Hyderabad,Furniture,15,71100,0,Weekday
2023-11-23,Hyderabad,Cosmetics,32,7648,1,Weekday
2023-11-24,Kolkata,Electronics,26,49530,1,Weekday
2023-11-24,Kolkata,Clothing,37,43771,0,Weekday
2023-11-24,Kolkata,Groceries,63,4473,0,Weekday
2023-11-24,Kolkata,Furniture,14,69706,0,Weekday
2023-11-24,Kolkata,Cosmetics,33,25047,0,Weekday
2023-11-24,Delhi,Electronics,25,31450,0,Weekday
2023-11-24,Delhi,Clothing,40,28280,0,Weekday
2023-11-24,Delhi,Groceries,91,7280,0,Weekday
2023-11-24,Delhi,Furniture,9,39357,0,Weekday
2023-11-24,Delhi,Cosmetics,37,15022,0,Weekday
2023-11-24,Mumbai,Electronics,26,59644,0,Weekday
2023-11-24,Mumbai,Clothing,36,24408,0,Weekday
2023-11-24,Mumbai,Groceries,59,6785,0,Weekday
2023-11-24,Mumbai,Furniture,15,50790,1,Weekday
2023-11-24,Mumbai,Cosmetics,30,14310,0,Weekday
2023-11-24,Bangalore,Electronics,27,23652,0,Weekday
2023-11-24,Bangalore,Clothing,39,32955,0,Weekday
2023-11-24,Bangalore,Groceries,95,11020,0,Weekday
2023-11-24,Bangalore,Furniture,14,58366,0,Weekday
2023-11-24,Bangalore,Cosmetics,34,25194,0,Weekday
2023-11-24,Hyderabad,Electronics,33,66825,1,Weekday
2023-11-24,Hyderabad,Clothing,36,13644,0,Weekday
2023-11-24,Hyderabad,Groceries,81,14499,0,Weekday
2023-11-24,Hyderabad,Furniture,12,50772,0,Weekday
2023-11-24,Hyderabad,Cosmetics,23,4876,0,Weekday
2023-11-25,Kolkata,Electronics,36,34704,1,Weekend
2023-11-25,Kolkata,Clothing,43,41022,1,Weekend
2023-11-25,Kolkata,Groceries,78,5616,0,Weekend
2023-11-25,Kolkata,Furniture,9,19710,0,Weekend
2023-11-25,Kolkata,Cosmetics,34,16354,1,Weekend
2023-11-25,Delhi,Electronics,35,71960,1,Weekend
2023-11-25,Delhi,Clothing,62,62620,1,Weekend
2023-11-25,Delhi,Groceries,68,3536,0,Weekend
2023-11-25,Delhi,Furniture,12,33552,1,Weekend
2023-11-25,Delhi,Cosmetics,40,24760,1,Weekend
2023-11-25,Mumbai,Electronics,35,35945,1,Weekend
2023-11-25,Mumbai,Clothing,39,27573,0,Weekend
2023-11-25,Mumbai,Groceries,87,16356,0,Weekend
2023-11-25,Mumbai,Furniture,10,54980,0,Weekend
2023-11-25,Mumbai,Cosmetics,38,14098,1,Weekend
2023-11-25,Bangalore,Electronics,26,29302,0,Weekend
2023-11-25,Bangalore,Clothing,43,23048,0,Weekend
2023-11-25,Bangalore,Groceries,61,4209,0,Weekend
2023-11-25,Bangalore,Furniture,13,73346,0,Weekend
2023-11-25,Bangalore,Cosmetics,32,13856,0,Weekend
2023-11-25,Hyderabad,Electronics,24,50064,0,Weekend
2023-11-25,Hyderabad,Clothing,43,26574,0,Weekend
2023-11-25,Hyderabad,Groceries,75,14175,1,Weekend
2023-11-25,Hyderabad,Furniture,11,33330,1,Weekend
2023-11-25,Hyderabad,Cosmetics,29,19459,1,Weekend
2023-11-26,Kolkata,Electronics,23,39721,0,Weekend
2023-11-26,Kolkata,Clothing,54,49896,0,Weekend
2023-11-26,Kolkata,Groceries,101,7070,1,Weekend
2023-11-26,Kolkata,Furniture,13,61997,0,Weekend
2023-11-26,Kolkata,Cosmetics,34,5338,0,Weekend
2023-11-26,Delhi,Electronics,43,94686,1,Weekend
2023-11-26,Delhi,Clothing,52,31148,1,Weekend
2023-11-26,Delhi,Groceries,98,16856,1,Weekend
2023-11-26,Delhi,Furniture,12,69732,0,Weekend
2023-11-26,Delhi,Cosmetics,22,9350,0,Weekend
2023-11-26,Mumbai,Electronics,28,66444,1,Weekend
2023-11-26,Mumbai,Clothing,45,38430,0,Weekend
2023-11-26,Mumbai,Groceries,65,10790,1,Weekend
2023-11-26,Mumbai,Furniture,12,69012,0,Weekend
2023-11-26,Mumbai,Cosmetics,36,18756,0,Weekend
2023-11-26,Bangalore,Electronics,24,37224,0,Weekend
2023-11-26,Bangalore,Clothing,47,49303,0,Weekend
2023-11-26,Bangalore,Groceries,80,12400,0,Weekend
2023-11-26,Bangalore,Furniture,20,105140,1,Weekend
2023-11-26,Bangalore,Cosmetics,25,15200,0,Weekend
2023-11-26,Hyderabad,Electronics,23,54303,0,Weekend
2023-11-26,Hyderabad,Clothing,49,17640,0,Weekend
2023-11-26,Hyderabad,Groceries,91,8099,0,Weekend
2023-11-26,Hyderabad,Furniture,12,38088,0,Weekend
2023-11-26,Hyderabad,Cosmetics,32,6144,1,Weekend
2023-11-27,Kolkata,Electronics,25,57350,0,Weekday
2023-11-27,Kolkata,Clothing,31,32891,0,Weekday
2023-11-27,Kolkata,Groceries,66,3498,0,Weekday
2023-11-27,Kolkata,Furniture,18,95094,0,Weekday
2023-11-27,Kolkata,Cosmetics,27,6183,0,Weekday
2023-11-27,Delhi,Electronics,26,36530,1,Weekday
2023-11-27,Delhi,Clothing,46,24012,0,Weekday
2023-11-27,Delhi,Groceries,71,6177,0,Weekday
2023-11-27,Delhi,Furniture,16,92384,0,Weekday
2023-11-27,Delhi,Cosmetics,32,13088,0,Weekday
2023-11-27,Mumbai,Electronics,27,62613,1,Weekday
2023-11-27,Mumbai,Clothing,31,15810,1,Weekday
2023-11-27,Mumbai,Groceries,54,6264,0,Weekday
2023-11-27,Mumbai,Furniture,18,92070,1,Weekday
2023-11-27,Mumbai,Cosmetics,32,16192,1,Weekday
2023-11-27,Bangalore,Electronics,18,43668,0,Weekday
2023-11-27,Bangalore,Clothing,55,23210,0,Weekday
2023-11-27,Bangalore,Groceries,95,18525,0,Weekday
2023-11-27,Bangalore,Furniture,16,59520,0,Weekday
2023-11-27,Bangalore,Cosmetics,31,5797,0,Weekday
2023-11-27,Hyderabad,Electronics,29,23345,1,Weekday
2023-11-27,Hyderabad,Clothing,38,40128,0,Weekday
2023-11-27,Hyderabad,Groceries,66,10296,0,Weekday
2023-11-27,Hyderabad,Furniture,17,87533,1,Weekday
2023-11-27,Hyderabad,Cosmetics,38,15922,0,Weekday
2023-11-28,Kolkata,Electronics,27,55593,0,Weekday
2023-11-28,Kolkata,Clothing,43,32981,1,Weekday
2023-11-28,Kolkata,Groceries,89,6586,0,Weekday
2023-11-28,Kolkata,Furniture,11,35794,0,Weekday
2023-11-28,Kolkata,Cosmetics,36,25812,0,Weekday
2023-11-28,Delhi,Electronics,25,39750,0,Weekday
2023-11-28,Delhi,Clothing,62,27218,0,Weekday
2023-11-28,Delhi,Groceries,72,14256,0,Weekday
2023-11-28,Delhi,Furniture,14,39956,0,Weekday
2023-11-28,Delhi,Cosmetics,28,21840,0,Weekday
2023-11-28,Mumbai,Electronics,30,49800,1,Weekday
2023-11-28,Mumbai,Clothing,36,37332,0,Weekday
2023-11-28,Mumbai,Groceries,63,10773,0,Weekday
2023-11-28,Mumbai,Furniture,11,60819,0,Weekday
2023-11-28,Mumbai,Cosmetics,35,21280,0,Weekday
2023-11-28,Bangalore,Electronics,38,65512,1,Weekday
2023-11-28,Bangalore,Clothing,48,19824,0,Weekday
2023-11-28,Bangalore,Groceries,86,5504,0,Weekday
2023-11-28,Bangalore,Furniture,10,51170,1,Weekday
2023-11-28,Bangalore,Cosmetics,38,19836,0,Weekday
2023-11-28,Hyderabad,Electronics,23,36616,0,Weekday
2023-11-28,Hyderabad,Clothing,41,43460,0,Weekday
2023-11-28,Hyderabad,Groceries,94,15698,1,Weekday
2023-11-28,Hyderabad,Furniture,12,66636,0,Weekday
2023-11-28,Hyderabad,Cosmetics,26,15366,0,Weekday
2023-11-29,Kolkata,Electronics,22,38720,0,Weekday
2023-11-29,Kolkata,Clothing,56,49168,1,Weekday
2023-11-29,Kolkata,Groceries,71,14129,0,Weekday
2023-11-29,Kolkata,Furniture,14,82152,0,Weekday
2023-11-29,Kolkata,Cosmetics,37,24642,1,Weekday
2023-11-29,Delhi,Electronics,29,25056,1,Weekday
2023-11-29,Delhi,Clothing,40,12600,0,Weekday
2023-11-29,Delhi,Groceries,64,4864,0,Weekday
2023-11-29,Delhi,Furniture,12,70200,0,Weekday
2023-11-29,Delhi,Cosmetics,35,6335,1,Weekday
2023-11-29,Mumbai,Electronics,22,39974,0,Weekday
2023-11-29,Mumbai,Clothing,36,22284,0,Weekday
2023-11-29,Mumbai,Groceries,87,17226,0,Weekday
2023-11-29,Mumbai,Furniture,13,23985,0,Weekday
2023-11-29,Mumbai,Cosmetics,34,20706,0,Weekday
2023-11-29,Bangalore,Electronics,17,22712,0,Weekday
2023-11-29,Bangalore,Clothing,48,54576,0,Weekday
2023-11-29,Bangalore,Groceries,77,4081,0,Weekday
2023-11-29,Bangalore,Furniture,10,20780,0,Weekday
2023-11-29,Bangalore,Cosmetics,29,5365,0,Weekday
2023-11-29,Hyderabad,Electronics,31,34162,0,Weekday
2023-11-29,Hyderabad,Clothing,68,73848,1,Weekday
2023-11-29,Hyderabad,Groceries,62,6138,0,Weekday
2023-11-29,Hyderabad,Furniture,15,84135,0,Weekday
2023-11-29,Hyderabad,Cosmetics,31,20274,0,Weekday
2023-11-30,Kolkata,Electronics,34,29886,0,Weekday
2023-11-30,Kolkata,Clothing,54,17442,1,Weekday
2023-11-30,Kolkata,Groceries,80,11440,0,Weekday
2023-11-30,Kolkata,Furniture,11,53471,0,Weekday
2023-11-30,Kolkata,Cosmetics,36,9612,1,Weekday
2023-11-30,Delhi,Electronics,26,44590,1,Weekday
2023-11-30,Delhi,Clothing,44,51964,0,Weekday
2023-11-30,Delhi,Groceries,86,15910,0,Weekday
2023-11-30,Delhi,Furniture,17,46478,1,Weekday
2023-11-30,Delhi,Cosmetics,28,9352,1,Weekday
2023-11-30,Mumbai,Electronics,24,27720,0,Weekday
2023-11-30,Mumbai,Clothing,49,26999,0,Weekday
2023-11-30,Mumbai,Groceries,101,16362,0,Weekday
2023-11-30,Mumbai,Furniture,9,17451,0,Weekday
2023-11-30,Mumbai,Cosmetics,27,10314,0,Weekday
2023-11-30,Bangalore,Electronics,21,46305,0,Weekday
2023-11-30,Bangalore,Clothing,38,44878,0,Weekday
2023-11-30,Bangalore,Groceries,80,4320,0,Weekday
2023-11-30,Bangalore,Furniture,12,28176,0,Weekday
2023-11-30,Bangalore,Cosmetics,21,13356,0,Weekday
2023-11-30,Hyderabad,Electronics,32,38720,1,Weekday
2023-11-30,Hyderabad,Clothing,46,50784,1,Weekday
2023-11-30,Hyderabad,Groceries,94,9306,0,Weekday
2023-11-30,Hyderabad,Furniture,11,44913,0,Weekday
2023-11-30,Hyderabad,Cosmetics,22,13882,0,Weekday
2023-12-01,Kolkata,Electronics,28,53816,1,Weekday
2023-12-01,Kolkata,Clothing,46,55108,1,Weekday
2023-12-01,Kolkata,Groceries,95,13870,1,Weekday
2023-12-01,Kolkata,Furniture,17,88519,1,Weekday
2023-12-01,Kolkata,Cosmetics,37,23569,1,Weekday
2023-12-01,Delhi,Electronics,24,25272,1,Weekday
2023-12-01,Delhi,Clothing,32,13056,0,Weekday
2023-12-01,Delhi,Groceries,81,7776,0,Weekday
2023-12-01,Delhi,Furniture,11,37455,0,Weekday
2023-12-01,Delhi,Cosmetics,30,7950,0,Weekday
2023-12-01,Mumbai,Electronics,23,36363,0,Weekday
2023-12-01,Mumbai,Clothing,39,46761,0,Weekday
2023-12-01,Mumbai,Groceries,68,4692,0,Weekday
2023-12-01,Mumbai,Furniture,17,79016,1,Weekday
2023-12-01,Mumbai,Cosmetics,32,8672,0,Weekday
2023-12-01,Bangalore,Electronics,23,25139,0,Weekday
2023-12-01,Bangalore,Clothing,57,17955,1,Weekday
2023-12-01,Bangalore,Groceries,57,6384,0,Weekday
2023-12-01,Bangalore,Furniture,11,23364,0,Weekday
2023-12-01,Bangalore,Cosmetics,34,12410,0,Weekday
2023-12-01,Hyderabad,Electronics,25,32050,0,Weekday
2023-12-01,Hyderabad,Clothing,68,30056,1,Weekday
2023-12-01,Hyderabad,Groceries,82,13366,0,Weekday
2023-12-01,Hyderabad,Furniture,12,27180,1,Weekday
2023-12-01,Hyderabad,Cosmetics,18,2988,1,Weekday
2023-12-02,Kolkata,Electronics,19,42313,0,Weekend
2023-12-02,Kolkata,Clothing,42,25494,0,Weekend
2023-12-02,Kolkata,Groceries,92,13340,1,Weekend
2023-12-02,Kolkata,Furniture,12,69024,0,Weekend
2023-12-02,Kolkata,Cosmetics,36,20340,0,Weekend
2023-12-02,Delhi,Electronics,27,36180,1,Weekend
2023-12-02,Delhi,Clothing,47,20257,1,Weekend
2023-12-02,Delhi,Groceries,61,10797,0,Weekend
2023-12-02,Delhi,Furniture,11,60456,0,Weekend
2023-12-02,Delhi,Cosmetics,25,12475,0,Weekend
2023-12-02,Mumbai,Electronics,18,26946,0,Weekend
2023-12-02,Mumbai,Clothing,53,43778,0,Weekend
2023-12-02,Mumbai,Groceries,92,9016,1,Weekend
2023-12-02,Mumbai,Furniture,20,90640,1,Weekend
2023-12-02,Mumbai,Cosmetics,29,14413,1,Weekend
2023-12-02,Bangalore,Electronics,15,12825,0,Weekend
2023-12-02,Bangalore,Clothing,56,16968,1,Weekend
2023-12-02,Bangalore,Groceries,57,5529,0,Weekend
2023-12-02,Bangalore,Furniture,13,28067,0,Weekend
2023-12-02,Bangalore,Cosmetics,32,12864,0,Weekend
2023-12-02,Hyderabad,Electronics,23,51934,0,Weekend
2023-12-02,Hyderabad,Clothing,49,16268,1,Weekend
2023-12-02,Hyderabad,Groceries,83,10292,1,Weekend
2023-12-02,Hyderabad,Furniture,10,25010,0,Weekend
2023-12-02,Hyderabad,Cosmetics,35,9310,0,Weekend
2023-12-03,Kolkata,Electronics,27,59913,0,Weekend
2023-12-03,Kolkata,Clothing,38,40508,1,Weekend
2023-12-03,Kolkata,Groceries,73,14089,0,Weekend
2023-12-03,Kolkata,Furniture,15,40050,1,Weekend
2023-12-03,Kolkata,Cosmetics,35,25970,1,Weekend
2023-12-03,Delhi,Electronics,24,38448,0,Weekend
2023-12-03,Delhi,Clothing,41,26896,1,Weekend
2023-12-03,Delhi,Groceries,54,4914,0,Weekend
2023-12-03,Delhi,Furniture,15,49005,1,Weekend
2023-12-03,Delhi,Cosmetics,35,26110,0,Weekend
2023-12-03,Mumbai,Electronics,23,37398,1,Weekend
2023-12-03,Mumbai,Clothing,52,18616,1,Weekend
2023-12-03,Mumbai,Groceries,62,9796,0,Weekend
2023-12-03,Mumbai,Furniture,13,36283,0,Weekend
2023-12-03,Mumbai,Cosmetics,34,25194,0,Weekend
2023-12-03,Bangalore,Electronics,26,52364,1,Weekend
2023-12-03,Bangalore,Clothing,41,16933,0,Weekend
2023-12-03,Bangalore,Groceries,73,14089,1,Weekend
2023-12-03,Bangalore,Furniture,16,38080,0,Weekend
2023-12-03,Bangalore,Cosmetics,24,10104,0,Weekend
2023-12-03,Hyderabad,Electronics,29,47734,0,Weekend
2023-12-03,Hyderabad,Clothing,37,20054,0,Weekend
2023-12-03,Hyderabad,Groceries,84,8904,1,Weekend
2023-12-03,Hyderabad,Furniture,12,32844,1,Weekend
2023-12-03,Hyderabad,Cosmetics,29,5655,0,Weekend
2023-12-04,Kolkata,Electronics,25,50900,0,Weekday
2023-12-04,Kolkata,Clothing,43,33153,0,Weekday
2023-12-04,Kolkata,Groceries,61,7625,0,Weekday
2023-12-04,Kolkata,Furniture,13,23192,0,Weekday
2023-12-04,Kolkata,Cosmetics,36,25092,1,Weekday
2023-12-04,Delhi,Electronics,23,27347,0,Weekday
2023-12-04,Delhi,Clothing,46,23368,0,Weekday
2023-12-04,Delhi,Groceries,54,3186,0,Weekday
2023-12-04,Delhi,Furniture,9,49437,0,Weekday
2023-12-04,Delhi,Cosmetics,25,17750,1,Weekday
2023-12-04,Mumbai,Electronics,35,44870,1,Weekday
2023-12-04,Mumbai,Clothing,41,17876,0,Weekday
2023-12-04,Mumbai,Groceries,53,3763,0,Weekday
2023-12-04,Mumbai,Furniture,12,26532,1,Weekday
2023-12-04,Mumbai,Cosmetics,29,14616,0,Weekday
2023-12-04,Bangalore,Electronics,27,33966,0,Weekday
2023-12-04,Bangalore,Clothing,45,27855,0,Weekday
2023-12-04,Bangalore,Groceries,78,12792,0,Weekday
2023-12-04,Bangalore,Furniture,14,40166,0,Weekday
2023-12-04,Bangalore,Cosmetics,28,12068,1,Weekday
2023-12-04,Hyderabad,Electronics,27,57267,0,Weekday
2023-12-04,Hyderabad,Clothing,40,46640,0,Weekday
2023-12-04,Hyderabad,Groceries,76,3800,0,Weekday
2023-12-04,Hyderabad,Furniture,15,29955,0,Weekday
2023-12-04,Hyderabad,Cosmetics,22,11704,0,Weekday
2023-12-05,Kolkata,Electronics,31,70556,1,Weekday
2023-12-05,Kolkata,Clothing,45,18135,0,Weekday
2023-12-05,Kolkata,Groceries,73,9563,0,Weekday
2023-12-05,Kolkata,Furniture,13,69251,0,Weekday
2023-12-05,Kolkata,Cosmetics,37,20276,0,Weekday
2023-12-05,Delhi,Electronics,30,36330,1,Weekday
2023-12-05,Delhi,Clothing,40,18000,0,Weekday
2023-12-05,Delhi,Groceries,97,11058,1,Weekday
2023-12-05,Delhi,Furniture,13,33683,0,Weekday
2023-12-05,Delhi,Cosmetics,23,17227,0,Weekday
2023-12-05,Mumbai,Electronics,26,61386,0,Weekday
2023-12-05,Mumbai,Clothing,29,25839,0,Weekday
2023-12-05,Mumbai,Groceries,65,6760,0,Weekday
2023-12-05,Mumbai,Furniture,9,44946,0,Weekday
2023-12-05,Mumbai,Cosmetics,25,14925,0,Weekday
2023-12-05,Bangalore,Electronics,30,43620,0,Weekday
2023-12-05,Bangalore,Clothing,42,46872,0,Weekday
2023-12-05,Bangalore,Groceries,93,16089,1,Weekday
2023-12-05,Bangalore,Furniture,13,54236,0,Weekday
2023-12-05,Bangalore,Cosmetics,32,19936,1,Weekday
2023-12-05,Hyderabad,Electronics,21,26292,0,Weekday
2023-12-05,Hyderabad,Clothing,49,37632,0,Weekday
2023-12-05,Hyderabad,Groceries,70,3570,0,Weekday
2023-12-05,Hyderabad,Furniture,13,72748,0,Weekday
2023-12-05,Hyderabad,Cosmetics,30,12630,0,Weekday
2023-12-06,Kolkata,Electronics,23,38594,0,Weekday
2023-12-06,Kolkata,Clothing,40,41960,0,Weekday
2023-12-06,Kolkata,Groceries,70,9590,0,Weekday
2023-12-06,Kolkata,Furniture,11,62172,0,Weekday
2023-12-06,Kolkata,Cosmetics,23,4623,0,Weekday
2023-12-06,Delhi,Electronics,24,58800,0,Weekday
2023-12-06,Delhi,Clothing,49,26754,0,Weekday
2023-12-06,Delhi,Groceries,79,11455,1,Weekday
2023-12-06,Delhi,Furniture,10,16990,0,Weekday
2023-12-06,Delhi,Cosmetics,27,15417,0,Weekday
2023-12-06,Mumbai,Electronics,27,57483,0,Weekday
2023-12-06,Mumbai,Clothing,26,21918,0,Weekday
2023-12-06,Mumbai,Groceries,76,9728,1,Weekday
2023-12-06,Mumbai,Furniture,8,12368,0,Weekday
2023-12-06,Mumbai,Cosmetics,19,11058,0,Weekday
2023-12-06,Bangalore,Electronics,28,29176,1,Weekday
2023-12-06,Bangalore,Clothing,47,51888,0,Weekday
2023-12-06,Bangalore,Groceries,94,12596,1,Weekday
2023-12-06,Bangalore,Furniture,10,53340,0,Weekday
2023-12-06,Bangalore,Cosmetics,43,15480,0,Weekday
2023-12-06,Hyderabad,Electronics,22,54362,0,Weekday
2023-12-06,Hyderabad,Clothing,40,24280,0,Weekday
2023-12-06,Hyderabad,Groceries,66,9372,0,Weekday
2023-12-06,Hyderabad,Furniture,13,41301,0,Weekday
2023-12-06,Hyderabad,Cosmetics,37,8954,1,Weekday
2023-12-07,Kolkata,Electronics,30,42240,1,Weekday
2023-12-07,Kolkata,Clothing,51,23154,1,Weekday
2023-12-07,Kolkata,Groceries,67,10050,0,Weekday
2023-12-07,Kolkata,Furniture,15,52110,0,Weekday
2023-12-07,Kolkata,Cosmetics,32,8864,0,Weekday
2023-12-07,Delhi,Electronics,29,44196,0,Weekday
2023-12-07,Delhi,Clothing,45,41535,0,Weekday
2023-12-07,Delhi,Groceries,84,14112,0,Weekday
2023-12-07,Delhi,Furniture,17,76772,1,Weekday
2023-12-07,Delhi,Cosmetics,23,16054,0,Weekday
2023-12-07,Mumbai,Electronics,26,63388,0,Weekday
2023-12-07,Mumbai,Clothing,41,25133,0,Weekday
2023-12-07,Mumbai,Groceries,85,11050,0,Weekday
2023-12-07,Mumbai,Furniture,13,77597,0,Weekday
2023-12-07,Mumbai,Cosmetics,26,13676,0,Weekday
2023-12-07,Bangalore,Electronics,21,38346,0,Weekday
2023-12-07,Bangalore,Clothing,43,47343,0,Weekday
2023-12-07,Bangalore,Groceries,77,5236,0,Weekday
2023-12-07,Bangalore,Furniture,12,39264,1,Weekday
2023-12-07,Bangalore,Cosmetics,24,18840,0,Weekday
2023-12-07,Hyderabad,Electronics,21,25011,0,Weekday
2023-12-07,Hyderabad,Clothing,51,54519,1,Weekday
2023-12-07,Hyderabad,Groceries,57,9234,0,Weekday
2023-12-07,Hyderabad,Furniture,12,20388,0,Weekday
2023-12-07,Hyderabad,Cosmetics,40,6960,1,Weekday
2023-12-08,Kolkata,Electronics,29,29029,0,Weekday
2023-12-08,Kolkata,Clothing,38,27892,0,Weekday
2023-12-08,Kolkata,Groceries,39,3939,0,Weekday
2023-12-08,Kolkata,Furniture,12,46728,0,Weekday
2023-12-08,Kolkata,Cosmetics,38,5776,0,Weekday
2023-12-08,Delhi,Electronics,27,25812,0,Weekday
2023-12-08,Delhi,Clothing,46,20516,0,Weekday
2023-12-08,Delhi,Groceries,88,4928,1,Weekday
2023-12-08,Delhi,Furniture,12,35292,0,Weekday
2023-12-08,Delhi,Cosmetics,26,8892,0,Weekday
2023-12-08,Mumbai,Electronics,31,70618,1,Weekday
2023-12-08,Mumbai,Clothing,48,35952,0,Weekday
2023-12-08,Mumbai,Groceries,79,8769,0,Weekday
2023-12-08,Mumbai,Furniture,11,50864,0,Weekday
2023-12-08,Mumbai,Cosmetics,28,7000,0,Weekday
2023-12-08,Bangalore,Electronics,28,36876,1,Weekday
2023-12-08,Bangalore,Clothing,38,15732,0,Weekday
2023-12-08,Bangalore,Groceries,81,12474,0,Weekday
2023-12-08,Bangalore,Furniture,12,40344,0,Weekday
2023-12-08,Bangalore,Cosmetics,23,4761,0,Weekday
2023-12-08,Hyderabad,Electronics,33,48081,1,Weekday
2023-12-08,Hyderabad,Clothing,42,34692,0,Weekday
2023-12-08,Hyderabad,Groceries,76,14364,0,Weekday
2023-12-08,Hyderabad,Furniture,14,31122,0,Weekday
2023-12-08,Hyderabad,Cosmetics,35,20510,1,Weekday
2023-12-09,Kolkata,Electronics,23,39123,0,Weekend
2023-12-09,Kolkata,Clothing,66,42966,1,Weekend
2023-12-09,Kolkata,Groceries,92,8924,0,Weekend
2023-12-09,Kolkata,Furniture,12,46416,0,Weekend
2023-12-09,Kolkata,Cosmetics,30,6720,0,Weekend
2023-12-09,Delhi,Electronics,26,26390,1,Weekend
2023-12-09,Delhi,Clothing,44,15444,0,Weekend
2023-12-09,Delhi,Groceries,72,9144,0,Weekend
2023-12-09,Delhi,Furniture,13,33514,0,Weekend
2023-12-09,Delhi,Cosmetics,33,24288,1,Weekend
2023-12-09,Mumbai,Electronics,37,80845,1,Weekend
2023-12-09,Mumbai,Clothing,30,34380,0,Weekend
2023-12-09,Mumbai,Groceries,86,9374,1,Weekend
2023-12-09,Mumbai,Furniture,13,43979,1,Weekend
2023-12-09,Mumbai,Cosmetics,28,7392,0,Weekend
2023-12-09,Bangalore,Electronics,26,54938,0,Weekend
2023-12-09,Bangalore,Clothing,49,50617,1,Weekend
2023-12-09,Bangalore,Groceries,56,9912,0,Weekend
2023-12-09,Bangalore,Furniture,18,55746,1,Weekend
2023-12-09,Bangalore,Cosmetics,35,9905,0,Weekend
2023-12-09,Hyderabad,Electronics,28,63308,0,Weekend
2023-12-09,Hyderabad,Clothing,55,32450,1,Weekend
2023-12-09,Hyderabad,Groceries,78,8112,1,Weekend
2023-12-09,Hyderabad,Furniture,15,28125,1,Weekend
2023-12-09,Hyderabad,Cosmetics,35,23380,1,Weekend
2023-12-10,Kolkata,Electronics,25,44525,0,Weekend
2023-12-10,Kolkata,Clothing,46,53452,0,Weekend
2023-12-10,Kolkata,Groceries,66,12804,1,Weekend
2023-12-10,Kolkata,Furniture,15,25470,1,Weekend
2023-12-10,Kolkata,Cosmetics,30,12300,0,Weekend
2023-12-10,Delhi,Electronics,37,62049,1,Weekend
2023-12-10,Delhi,Clothing,36,32688,1,Weekend
2023-12-10,Delhi,Groceries,93,12462,0,Weekend
2023-12-10,Delhi,Furniture,14,57820,1,Weekend
2023-12-10,Delhi,Cosmetics,32,6208,0,Weekend
2023-12-10,Mumbai,Electronics,24,36864,1,Weekend
2023-12-10,Mumbai,Clothing,57,59793,1,Weekend
2023-12-10,Mumbai,Groceries,71,3621,1,Weekend
2023-12-10,Mumbai,Furniture,12,19308,0,Weekend
2023-12-10,Mumbai,Cosmetics,40,18760,1,Weekend
2023-12-10,Bangalore,Electronics,22,48114,0,Weekend
2023-12-10,Bangalore,Clothing,43,13932,1,Weekend
2023-12-10,Bangalore,Groceries,81,8829,1,Weekend
2023-12-10,Bangalore,Furniture,11,24805,0,Weekend
2023-12-10,Bangalore,Cosmetics,21,3654,0,Weekend
2023-12-10,Hyderabad,Electronics,32,28480,1,Weekend
2023-12-10,Hyderabad,Clothing,49,15778,0,Weekend
2023-12-10,Hyderabad,Groceries,83,9296,0,Weekend
2023-12-10,Hyderabad,Furniture,18,56592,1,Weekend
2023-12-10,Hyderabad,Cosmetics,38,20558,1,Weekend
2023-12-11,Kolkata,Electronics,29,32944,0,Weekday
2023-12-11,Kolkata,Clothing,43,29068,0,Weekday
2023-12-11,Kolkata,Groceries,92,16560,0,Weekday
2023-12-11,Kolkata,Furniture,14,47460,0,Weekday
2023-12-11,Kolkata,Cosmetics,27,19278,0,Weekday
2023-12-11,Delhi,Electronics,27,56349,0,Weekday
2023-12-11,Delhi,Clothing,44,40612,0,Weekday
2023-12-11,Delhi,Groceries,92,14168,1,Weekday
2023-12-11,Delhi,Furniture,11,37081,0,Weekday
2023-12-11,Delhi,Cosmetics,26,7462,1,Weekday
2023-12-11,Mumbai,Electronics,22,32076,1,Weekday
2023-12-11,Mumbai,Clothing,45,52605,0,Weekday
2023-12-11,Mumbai,Groceries,79,8137,0,Weekday
2023-12-11,Mumbai,Furniture,10,54160,1,Weekday
2023-12-11,Mumbai,Cosmetics,38,28690,1,Weekday
2023-12-11,Bangalore,Electronics,21,29862,0,Weekday
2023-12-11,Bangalore,Clothing,46,41676,0,Weekday
2023-12-11,Bangalore,Groceries,70,10920,0,Weekday
2023-12-11,Bangalore,Furniture,15,68610,1,Weekday
2023-12-11,Bangalore,Cosmetics,28,8092,1,Weekday
2023-12-11,Hyderabad,Electronics,27,66204,1,Weekday
2023-12-11,Hyderabad,Clothing,47,34592,0,Weekday
2023-12-11,Hyderabad,Groceries,76,9500,0,Weekday
2023-12-11,Hyderabad,Furniture,13,72657,0,Weekday
2023-12-11,Hyderabad,Cosmetics,32,7008,0,Weekday
2023-12-12,Kolkata,Electronics,34,70890,1,Weekday
2023-12-12,Kolkata,Clothing,49,51646,0,Weekday
2023-12-12,Kolkata,Groceries,94,9588,1,Weekday
2023-12-12,Kolkata,Furniture,11,50666,0,Weekday
2023-12-12,Kolkata,Cosmetics,28,11900,0,Weekday
2023-12-12,Delhi,Electronics,29,57275,1,Weekday
2023-12-12,Delhi,Clothing,55,49995,1,Weekday
2023-12-12,Delhi,Groceries,78,11700,1,Weekday
2023-12-12,Delhi,Furniture,12,57612,0,Weekday
2023-12-12,Delhi,Cosmetics,30,17460,0,Weekday
2023-12-12,Mumbai,Electronics,22,29854,0,Weekday
2023-12-12,Mumbai,Clothing,48,35712,0,Weekday
2023-12-12,Mumbai,Groceries,55,4675,0,Weekday
2023-12-12,Mumbai,Furniture,12,28488,0,Weekday
2023-12-12,Mumbai,Cosmetics,38,30172,1,Weekday
2023-12-12,Bangalore,Electronics,24,52392,1,Weekday
2023-12-12,Bangalore,Clothing,48,21408,0,Weekday
2023-12-12,Bangalore,Groceries,63,11088,0,Weekday
2023-12-12,Bangalore,Furniture,12,32448,0,Weekday
2023-12-12,Bangalore,Cosmetics,29,19778,0,Weekday
2023-12-12,Hyderabad,Electronics,20,22060,1,Weekday
2023-12-12,Hyderabad,Clothing,38,26372,0,Weekday
2023-12-12,Hyderabad,Groceries,72,5616,0,Weekday
2023-12-12,Hyderabad,Furniture,14,35308,0,Weekday
2023-12-12,Hyderabad,Cosmetics,30,13260,0,Weekday
2023-12-13,Kolkata,Electronics,22,54516,0,Weekday
2023-12-13,Kolkata,Clothing,28,13972,1,Weekday
2023-12-13,Kolkata,Groceries,76,12312,1,Weekday
2023-12-13,Kolkata,Furniture,20,73640,1,Weekday
2023-12-13,Kolkata,Cosmetics,22,17050,0,Weekday
2023-12-13,Delhi,Electronics,25,56625,1,Weekday
2023-12-13,Delhi,Clothing,45,26370,0,Weekday
2023-12-13,Delhi,Groceries,99,8415,0,Weekday
2023-12-13,Delhi,Furniture,8,26504,0,Weekday
2023-12-13,Delhi,Cosmetics,30,11850,0,Weekday
2023-12-13,Mumbai,Electronics,27,61695,0,Weekday
2023-12-13,Mumbai,Clothing,47,20821,0,Weekday
2023-12-13,Mumbai,Groceries,57,6840,0,Weekday
2023-12-13,Mumbai,Furniture,12,41400,0,Weekday
2023-12-13,Mumbai,Cosmetics,29,13050,0,Weekday
2023-12-13,Bangalore,Electronics,22,29656,0,Weekday
2023-12-13,Bangalore,Clothing,42,49644,1,Weekday
2023-12-13,Bangalore,Groceries,82,16072,0,Weekday
2023-12-13,Bangalore,Furniture,15,37230,1,Weekday
2023-12-13,Bangalore,Cosmetics,32,22656,1,Weekday
2023-12-13,Hyderabad,Electronics,23,22218,0,Weekday
2023-12-13,Hyderabad,Clothing,45,39285,0,Weekday
2023-12-13,Hyderabad,Groceries,111,14541,1,Weekday
2023-12-13,Hyderabad,Furniture,11,44682,0,Weekday
2023-12-13,Hyderabad,Cosmetics,30,15060,0,Weekday
2023-12-14,Kolkata,Electronics,30,57960,0,Weekday
2023-12-14,Kolkata,Clothing,43,24553,0,Weekday
2023-12-14,Kolkata,Groceries,75,11700,0,Weekday
2023-12-14,Kolkata,Furniture,15,61485,1,Weekday
2023-12-14,Kolkata,Cosmetics,26,20618,0,Weekday
2023-12-14,Delhi,Electronics,22,29700,0,Weekday
2023-12-14,Delhi,Clothing,43,29627,0,Weekday
2023-12-14,Delhi,Groceries,66,12870,0,Weekday
2023-12-14,Delhi,Furniture,12,54312,0,Weekday
2023-12-14,Delhi,Cosmetics,29,20590,0,Weekday
2023-12-14,Mumbai,Electronics,33,45210,1,Weekday
2023-12-14,Mumbai,Clothing,45,40320,0,Weekday
2023-12-14,Mumbai,Groceries,93,18414,1,Weekday
2023-12-14,Mumbai,Furniture,14,23702,1,Weekday
2023-12-14,Mumbai,Cosmetics,36,16236,0,Weekday
2023-12-14,Bangalore,Electronics,28,37912,1,Weekday
2023-12-14,Bangalore,Clothing,38,33212,0,Weekday
2023-12-14,Bangalore,Groceries,71,11644,0,Weekday
2023-12-14,Bangalore,Furniture,10,42030,0,Weekday
2023-12-14,Bangalore,Cosmetics,28,16492,0,Weekday
2023-12-14,Hyderabad,Electronics,19,37734,0,Weekday
2023-12-14,Hyderabad,Clothing,48,48768,0,Weekday
2023-12-14,Hyderabad,Groceries,69,5313,0,Weekday
2023-12-14,Hyderabad,Furniture,12,47808,0,Weekday
2023-12-14,Hyderabad,Cosmetics,33,21417,0,Weekday
2023-12-15,Kolkata,Electronics,24,27000,0,Weekday
2023-12-15,Kolkata,Clothing,42,49686,0,Weekday
2023-12-15,Kolkata,Groceries,82,14924,0,Weekday
2023-12-15,Kolkata,Furniture,16,54336,0,Weekday
2023-12-15,Kolkata,Cosmetics,23,15295,0,Weekday
2023-12-15,Delhi,Electronics,25,42425,0,Weekday
2023-12-15,Delhi,Clothing,32,19968,0,Weekday
2023-12-15,Delhi,Groceries,99,12771,0,Weekday
2023-12-15,Delhi,Furniture,15,28380,1,Weekday
2023-12-15,Delhi,Cosmetics,36,20988,0,Weekday
2023-12-15,Mumbai,Electronics,27,29808,0,Weekday
2023-12-15,Mumbai,Clothing,53,53848,1,Weekday
2023-12-15,Mumbai,Groceries,73,9782,1,Weekday
2023-12-15,Mumbai,Furniture,12,57084,0,Weekday
2023-12-15,Mumbai,Cosmetics,23,15824,0,Weekday
2023-12-15,Bangalore,Electronics,21,46263,0,Weekday
2023-12-15,Bangalore,Clothing,33,36894,1,Weekday
2023-12-15,Bangalore,Groceries,104,16744,1,Weekday
2023-12-15,Bangalore,Furniture,9,32436,0,Weekday
2023-12-15,Bangalore,Cosmetics,28,6748,1,Weekday
2023-12-15,Hyderabad,Electronics,22,51128,0,Weekday
2023-12-15,Hyderabad,Clothing,48,55536,1,Weekday
2023-12-15,Hyderabad,Groceries,55,6655,0,Weekday
2023-12-15,Hyderabad,Furniture,12,35904,0,Weekday
2023-12-15,Hyderabad,Cosmetics,36,8856,1,Weekday
2023-12-16,Kolkata,Electronics,25,32225,1,Weekend
2023-12-16,Kolkata,Clothing,27,29889,0,Weekend
2023-12-16,Kolkata,Groceries,71,11928,0,Weekend
2023-12-16,Kolkata,Furniture,11,45727,0,Weekend
2023-12-16,Kolkata,Cosmetics,44,29216,1,Weekend
2023-12-16,Delhi,Electronics,29,46458,1,Weekend
2023-12-16,Delhi,Clothing,53,30740,1,Weekend
2023-12-16,Delhi,Groceries,66,4554,0,Weekend
2023-12-16,Delhi,Furniture,13,61152,0,Weekend
2023-12-16,Delhi,Cosmetics,33,23991,1,Weekend
2023-12-16,Mumbai,Electronics,27,25488,0,Weekend
2023-12-16,Mumbai,Clothing,46,50370,0,Weekend
2023-12-16,Mumbai,Groceries,83,10790,1,Weekend
2023-12-16,Mumbai,Furniture,12,64788,1,Weekend
2023-12-16,Mumbai,Cosmetics,39,21762,1,Weekend
2023-12-16,Bangalore,Electronics,21,32781,0,Weekend
2023-12-16,Bangalore,Clothing,49,57967,0,Weekend
2023-12-16,Bangalore,Groceries,85,8245,0,Weekend
2023-12-16,Bangalore,Furniture,13,55575,1,Weekend
2023-12-16,Bangalore,Cosmetics,27,21006,0,Weekend
2023-12-16,Hyderabad,Electronics,28,49392,1,Weekend
2023-12-16,Hyderabad,Clothing,52,18148,1,Weekend
2023-12-16,Hyderabad,Groceries,79,5214,0,Weekend
2023-12-16,Hyderabad,Furniture,11,62898,0,Weekend
2023-12-16,Hyderabad,Cosmetics,30,7800,0,Weekend
2023-12-17,Kolkata,Electronics,26,60970,1,Weekend
2023-12-17,Kolkata,Clothing,54,44010,1,Weekend
2023-12-17,Kolkata,Groceries,59,11741,0,Weekend
2023-12-17,Kolkata,Furniture,13,68081,0,Weekend
2023-12-17,Kolkata,Cosmetics,34,24922,0,Weekend
2023-12-17,Delhi,Electronics,31,37169,1,Weekend
2023-12-17,Delhi,Clothing,32,29600,0,Weekend
2023-12-17,Delhi,Groceries,98,17444,1,Weekend
2023-12-17,Delhi,Furniture,15,58755,1,Weekend
2023-12-17,Delhi,Cosmetics,28,20356,0,Weekend
2023-12-17,Mumbai,Electronics,23,33281,0,Weekend
2023-12-17,Mumbai,Clothing,36,39960,0,Weekend
2023-12-17,Mumbai,Groceries,69,5865,0,Weekend
2023-12-17,Mumbai,Furniture,11,52393,0,Weekend
2023-12-17,Mumbai,Cosmetics,30,12300,1,Weekend
2023-12-17,Bangalore,Electronics,21,37800,1,Weekend
2023-12-17,Bangalore,Clothing,49,37338,1,Weekend
2023-12-17,Bangalore,Groceries,70,11480,0,Weekend
2023-12-17,Bangalore,Furniture,12,43092,0,Weekend
2023-12-17,Bangalore,Cosmetics,33,19503,1,Weekend
2023-12-17,Hyderabad,Electronics,26,26962,0,Weekend
2023-12-17,Hyderabad,Clothing,50,39000,1,Weekend
2023-12-17,Hyderabad,Groceries,59,7611,0,Weekend
2023-12-17,Hyderabad,Furniture,16,72880,1,Weekend
2023-12-17,Hyderabad,Cosmetics,41,11685,1,Weekend
2023-12-18,Kolkata,Electronics,26,48256,0,Weekday
2023-12-18,Kolkata,Clothing,47,44039,1,Weekday
2023-12-18,Kolkata,Groceries,77,3927,0,Weekday
2023-12-18,Kolkata,Furniture,17,29070,1,Weekday
2023-12-18,Kolkata,Cosmetics,28,16604,0,Weekday
2023-12-18,Delhi,Electronics,37,70411,1,Weekday
2023-12-18,Delhi,Clothing,49,14749,0,Weekday
2023-12-18,Delhi,Groceries,82,12546,1,Weekday
2023-12-18,Delhi,Furniture,15,86640,0,Weekday
2023-12-18,Delhi,Cosmetics,37,16502,0,Weekday
2023-12-18,Mumbai,Electronics,26,58344,0,Weekday
2023-12-18,Mumbai,Clothing,42,41832,0,Weekday
2023-12-18,Mumbai,Groceries,66,7788,1,Weekday
2023-12-18,Mumbai,Furniture,12,47412,1,Weekday
2023-12-18,Mumbai,Cosmetics,37,25715,0,Weekday
2023-12-18,Bangalore,Electronics,25,29025,0,Weekday
2023-12-18,Bangalore,Clothing,41,37228,0,Weekday
2023-12-18,Bangalore,Groceries,88,15840,0,Weekday
2023-12-18,Bangalore,Furniture,12,68436,1,Weekday
2023-12-18,Bangalore,Cosmetics,29,20764,0,Weekday
2023-12-18,Hyderabad,Electronics,27,44685,0,Weekday
2023-12-18,Hyderabad,Clothing,41,15252,1,Weekday
2023-12-18,Hyderabad,Groceries,73,6132,0,Weekday
2023-12-18,Hyderabad,Furniture,14,32802,0,Weekday
2023-12-18,Hyderabad,Cosmetics,27,4131,0,Weekday
2023-12-19,Kolkata,Electronics,23,31165,0,Weekday
2023-12-19,Kolkata,Clothing,37,43068,0,Weekday
2023-12-19,Kolkata,Groceries,63,10017,0,Weekday
2023-12-19,Kolkata,Furniture,10,33890,0,Weekday
2023-12-19,Kolkata,Cosmetics,24,16728,0,Weekday
2023-12-19,Delhi,Electronics,22,25850,0,Weekday
2023-12-19,Delhi,Clothing,48,34032,1,Weekday
2023-12-19,Delhi,Groceries,71,12709,0,Weekday
2023-12-19,Delhi,Furniture,14,35070,0,Weekday
2023-12-19,Delhi,Cosmetics,31,8370,0,Weekday
2023-12-19,Mumbai,Electronics,27,24138,0,Weekday
2023-12-19,Mumbai,Clothing,46,18768,0,Weekday
2023-12-19,Mumbai,Groceries,92,9936,0,Weekday
2023-12-19,Mumbai,Furniture,12,28344,0,Weekday
2023-12-19,Mumbai,Cosmetics,36,27216,1,Weekday
2023-12-19,Bangalore,Electronics,26,28990,1,Weekday
2023-12-19,Bangalore,Clothing,42,12600,0,Weekday
2023-12-19,Bangalore,Groceries,63,3213,0,Weekday
2023-12-19,Bangalore,Furniture,13,37076,1,Weekday
2023-12-19,Bangalore,Cosmetics,27,4428,0,Weekday
2023-12-19,Hyderabad,Electronics,27,63963,1,Weekday
2023-12-19,Hyderabad,Clothing,53,40810,1,Weekday
2023-12-19,Hyderabad,Groceries,77,7315,0,Weekday
2023-12-19,Hyderabad,Furniture,11,44352,0,Weekday
2023-12-19,Hyderabad,Cosmetics,27,6858,0,Weekday
2023-12-20,Kolkata,Electronics,22,21362,0,Weekday
2023-12-20,Kolkata,Clothing,39,33579,0,Weekday
2023-12-20,Kolkata,Groceries,85,6375,0,Weekday
2023-12-20,Kolkata,Furniture,12,39252,0,Weekday
2023-12-20,Kolkata,Cosmetics,37,26640,1,Weekday
2023-12-20,Delhi,Electronics,21,41916,0,Weekday
2023-12-20,Delhi,Clothing,48,22368,0,Weekday
2023-12-20,Delhi,Groceries,58,3016,0,Weekday
2023-12-20,Delhi,Furniture,15,87300,1,Weekday
2023-12-20,Delhi,Cosmetics,35,19670,0,Weekday
2023-12-20,Mumbai,Electronics,32,71712,1,Weekday
2023-12-20,Mumbai,Clothing,47,23265,1,Weekday
2023-12-20,Mumbai,Groceries,72,4608,1,Weekday
2023-12-20,Mumbai,Furniture,11,39655,1,Weekday
2023-12-20,Mumbai,Cosmetics,25,11100,0,Weekday
2023-12-20,Bangalore,Electronics,26,46878,0,Weekday
2023-12-20,Bangalore,Clothing,39,43758,0,Weekday
2023-12-20,Bangalore,Groceries,75,7950,0,Weekday
2023-12-20,Bangalore,Furniture,13,43108,1,Weekday
2023-12-20,Bangalore,Cosmetics,28,20664,0,Weekday
2023-12-20,Hyderabad,Electronics,27,23679,0,Weekday
2023-12-20,Hyderabad,Clothing,43,33712,0,Weekday
2023-12-20,Hyderabad,Groceries,78,4056,0,Weekday
2023-12-20,Hyderabad,Furniture,12,22752,0,Weekday
2023-12-20,Hyderabad,Cosmetics,28,7980,0,Weekday
2023-12-21,Kolkata,Electronics,28,60144,0,Weekday
2023-12-21,Kolkata,Clothing,43,33669,1,Weekday
2023-12-21,Kolkata,Groceries,105,8925,0,Weekday
2023-12-21,Kolkata,Furniture,12,50124,0,Weekday
2023-12-21,Kolkata,Cosmetics,30,10290,0,Weekday
2023-12-21,Delhi,Electronics,21,30744,0,Weekday
2023-12-21,Delhi,Clothing,36,37836,0,Weekday
2023-12-21,Delhi,Groceries,72,12312,0,Weekday
2023-12-21,Delhi,Furniture,12,39036,0,Weekday
2023-12-21,Delhi,Cosmetics,27,21519,1,Weekday
2023-12-21,Mumbai,Electronics,38,82878,1,Weekday
2023-12-21,Mumbai,Clothing,37,17538,0,Weekday
2023-12-21,Mumbai,Groceries,75,6900,1,Weekday
2023-12-21,Mumbai,Furniture,11,42097,0,Weekday
2023-12-21,Mumbai,Cosmetics,31,13981,0,Weekday
2023-12-21,Bangalore,Electronics,24,32856,0,Weekday
2023-12-21,Bangalore,Clothing,37,42883,0,Weekday
2023-12-21,Bangalore,Groceries,77,10703,0,Weekday
2023-12-21,Bangalore,Furniture,12,49548,0,Weekday
2023-12-21,Bangalore,Cosmetics,34,5270,0,Weekday
2023-12-21,Hyderabad,Electronics,30,26370,0,Weekday
2023-12-21,Hyderabad,Clothing,37,14208,0,Weekday
2023-12-21,Hyderabad,Groceries,64,10752,0,Weekday
2023-12-21,Hyderabad,Furniture,16,78976,0,Weekday
2023-12-21,Hyderabad,Cosmetics,42,17262,0,Weekday
2023-12-22,Kolkata,Electronics,24,32544,0,Weekday
2023-12-22,Kolkata,Clothing,53,49396,1,Weekday
2023-12-22,Kolkata,Groceries,80,6720,0,Weekday
2023-12-22,Kolkata,Furniture,15,79725,0,Weekday
2023-12-22,Kolkata,Cosmetics,31,16895,0,Weekday
2023-12-22,Delhi,Electronics,25,28325,0,Weekday
2023-12-22,Delhi,Clothing,42,32844,0,Weekday
2023-12-22,Delhi,Groceries,93,5766,0,Weekday
2023-12-22,Delhi,Furniture,11,18909,0,Weekday
2023-12-22,Delhi,Cosmetics,35,7700,0,Weekday
2023-12-22,Mumbai,Electronics,27,41877,0,Weekday
2023-12-22,Mumbai,Clothing,44,44748,0,Weekday
2023-12-22,Mumbai,Groceries,56,10864,0,Weekday
2023-12-22,Mumbai,Furniture,14,50106,0,Weekday
2023-12-22,Mumbai,Cosmetics,32,8128,0,Weekday
2023-12-22,Bangalore,Electronics,27,35964,0,Weekday
2023-12-22,Bangalore,Clothing,44,34936,0,Weekday
2023-12-22,Bangalore,Groceries,94,18612,1,Weekday
2023-12-22,Bangalore,Furniture,14,26040,0,Weekday
2023-12-22,Bangalore,Cosmetics,32,24352,0,Weekday
2023-12-22,Hyderabad,Electronics,19,22154,0,Weekday
2023-12-22,Hyderabad,Clothing,47,53392,0,Weekday
2023-12-22,Hyderabad,Groceries,80,11760,0,Weekday
2023-12-22,Hyderabad,Furniture,13,47710,0,Weekday
2023-12-22,Hyderabad,Cosmetics,29,11745,1,Weekday
2023-12-23,Kolkata,Electronics,24,32136,1,Weekend
2023-12-23,Kolkata,Clothing,38,28234,0,Weekend
2023-12-23,Kolkata,Groceries,122,6954,1,Weekend
2023-12-23,Kolkata,Furniture,17,74494,1,Weekend
2023-12-23,Kolkata,Cosmetics,30,21150,0,Weekend
2023-12-23,Delhi,Electronics,22,41954,0,Weekend
2023-12-23,Delhi,Clothing,48,46224,0,Weekend
2023-12-23,Delhi,Groceries,82,5740,1,Weekend
2023-12-23,Delhi,Furniture,15,24180,1,Weekend
2023-12-23,Delhi,Cosmetics,31,20243,0,Weekend
2023-12-23,Mumbai,Electronics,19,25593,0,Weekend
2023-12-23,Mumbai,Clothing,28,33376,0,Weekend
2023-12-23,Mumbai,Groceries,75,9075,0,Weekend
2023-12-23,Mumbai,Furniture,15,63885,1,Weekend
2023-12-23,Mumbai,Cosmetics,37,14541,1,Weekend
2023-12-23,Bangalore,Electronics,21,35847,0,Weekend
2023-12-23,Bangalore,Clothing,45,26640,0,Weekend
2023-12-23,Bangalore,Groceries,116,12412,1,Weekend
2023-12-23,Bangalore,Furniture,14,23492,0,Weekend
2023-12-23,Bangalore,Cosmetics,33,11121,1,Weekend
2023-12-23,Hyderabad,Electronics,23,20608,0,Weekend
2023-12-23,Hyderabad,Clothing,50,24550,1,Weekend
2023-12-23,Hyderabad,Groceries,96,8736,1,Weekend
2023-12-23,Hyderabad,Furniture,17,50813,0,Weekend
2023-12-23,Hyderabad,Cosmetics,26,14950,0,Weekend
2023-12-24,Kolkata,Electronics,28,48832,1,Weekend
2023-12-24,Kolkata,Clothing,40,40480,0,Weekend
2023-12-24,Kolkata,Groceries,75,8250,0,Weekend
2023-12-24,Kolkata,Furniture,11,46926,0,Weekend
2023-12-24,Kolkata,Cosmetics,27,5832,0,Weekend
2023-12-24,Delhi,Electronics,31,51119,1,Weekend
2023-12-24,Delhi,Clothing,43,30874,0,Weekend
2023-12-24,Delhi,Groceries,75,7275,1,Weekend
2023-12-24,Delhi,Furniture,14,48748,0,Weekend
2023-12-24,Delhi,Cosmetics,38,24662,1,Weekend
2023-12-24,Mumbai,Electronics,23,26565,1,Weekend
2023-12-24,Mumbai,Clothing,36,19656,0,Weekend
2023-12-24,Mumbai,Groceries,106,10282,1,Weekend
2023-12-24,Mumbai,Furniture,16,54336,0,Weekend
2023-12-24,Mumbai,Cosmetics,35,18620,1,Weekend
2023-12-24,Bangalore,Electronics,33,64449,0,Weekend
2023-12-24,Bangalore,Clothing,54,63450,0,Weekend
2023-12-24,Bangalore,Groceries,85,16490,1,Weekend
2023-12-24,Bangalore,Furniture,12,24444,1,Weekend
2023-12-24,Bangalore,Cosmetics,29,14181,0,Weekend
2023-12-24,Hyderabad,Electronics,24,47616,0,Weekend
2023-12-24,Hyderabad,Clothing,50,54200,0,Weekend
2023-12-24,Hyderabad,Groceries,101,13130,1,Weekend
2023-12-24,Hyderabad,Furniture,15,31725,1,Weekend
2023-12-24,Hyderabad,Cosmetics,31,6975,0,Weekend
2023-12-25,Kolkata,Electronics,22,36146,0,Weekday
2023-12-25,Kolkata,Clothing,43,42355,0,Weekday
2023-12-25,Kolkata,Groceries,87,7047,0,Weekday
2023-12-25,Kolkata,Furniture,8,17600,0,Weekday
2023-12-25,Kolkata,Cosmetics,32,23040,0,Weekday
2023-12-25,Delhi,Electronics,26,36504,0,Weekday
2023-12-25,Delhi,Clothing,42,22974,0,Weekday
2023-12-25,Delhi,Groceries,84,15624,0,Weekday
2023-12-25,Delhi,Furniture,12,58404,0,Weekday
2023-12-25,Delhi,Cosmetics,40,26360,1,Weekday
2023-12-25,Mumbai,Electronics,24,45696,0,Weekday
2023-12-25,Mumbai,Clothing,42,47502,0,Weekday
2023-12-25,Mumbai,Groceries,66,8448,0,Weekday
2023-12-25,Mumbai,Furniture,13,33436,1,Weekday
2023-12-25,Mumbai,Cosmetics,37,8066,1,Weekday
2023-12-25,Bangalore,Electronics,24,43104,0,Weekday
2023-12-25,Bangalore,Clothing,54,34074,0,Weekday
2023-12-25,Bangalore,Groceries,55,7865,0,Weekday
2023-12-25,Bangalore,Furniture,12,39648,0,Weekday
2023-12-25,Bangalore,Cosmetics,42,13440,0,Weekday
2023-12-25,Hyderabad,Electronics,25,42275,0,Weekday
2023-12-25,Hyderabad,Clothing,57,39273,0,Weekday
2023-12-25,Hyderabad,Groceries,83,13695,1,Weekday
2023-12-25,Hyderabad,Furniture,14,65268,0,Weekday
2023-12-25,Hyderabad,Cosmetics,33,17952,0,Weekday
2023-12-26,Kolkata,Electronics,26,23712,0,Weekday
2023-12-26,Kolkata,Clothing,55,56815,0,Weekday
2023-12-26,Kolkata,Groceries,53,8109,0,Weekday
2023-12-26,Kolkata,Furniture,16,27680,0,Weekday
2023-12-26,Kolkata,Cosmetics,34,6290,0,Weekday
2023-12-26,Delhi,Electronics,24,36912,0,Weekday
2023-12-26,Delhi,Clothing,55,23210,0,Weekday
2023-12-26,Delhi,Groceries,72,11232,0,Weekday
2023-12-26,Delhi,Furniture,11,54087,1,Weekday
2023-12-26,Delhi,Cosmetics,32,13856,0,Weekday
2023-12-26,Mumbai,Electronics,28,64484,0,Weekday
2023-12-26,Mumbai,Clothing,48,14592,0,Weekday
2023-12-26,Mumbai,Groceries,80,8800,0,Weekday
2023-12-26,Mumbai,Furniture,11,40964,0,Weekday
2023-12-26,Mumbai,Cosmetics,34,11288,0,Weekday
2023-12-26,Bangalore,Electronics,28,32228,1,Weekday
2023-12-26,Bangalore,Clothing,44,26268,0,Weekday
2023-12-26,Bangalore,Groceries,69,3519,0,Weekday
2023-12-26,Bangalore,Furniture,10,32840,0,Weekday
2023-12-26,Bangalore,Cosmetics,42,7098,1,Weekday
2023-12-26,Hyderabad,Electronics,33,39633,1,Weekday
2023-12-26,Hyderabad,Clothing,38,40546,0,Weekday
2023-12-26,Hyderabad,Groceries,59,10030,0,Weekday
2023-12-26,Hyderabad,Furniture,12,69768,0,Weekday
2023-12-26,Hyderabad,Cosmetics,36,8172,0,Weekday
2023-12-27,Kolkata,Electronics,27,28890,1,Weekday
2023-12-27,Kolkata,Clothing,37,13061,0,Weekday
2023-12-27,Kolkata,Groceries,74,10212,0,Weekday
2023-12-27,Kolkata,Furniture,10,49510,1,Weekday
2023-12-27,Kolkata,Cosmetics,29,11658,0,Weekday
2023-12-27,Delhi,Electronics,32,30656,0,Weekday
2023-12-27,Delhi,Clothing,61,24766,1,Weekday
2023-12-27,Delhi,Groceries,82,13530,0,Weekday
2023-12-27,Delhi,Furniture,13,74295,1,Weekday
2023-12-27,Delhi,Cosmetics,38,14668,0,Weekday
2023-12-27,Mumbai,Electronics,29,62089,1,Weekday
2023-12-27,Mumbai,Clothing,42,47292,0,Weekday
2023-12-27,Mumbai,Groceries,75,12975,0,Weekday
2023-12-27,Mumbai,Furniture,13,71045,0,Weekday
2023-12-27,Mumbai,Cosmetics,32,11968,0,Weekday
2023-12-27,Bangalore,Electronics,18,34128,0,Weekday
2023-12-27,Bangalore,Clothing,53,36570,1,Weekday
2023-12-27,Bangalore,Groceries,41,4961,0,Weekday
2023-12-27,Bangalore,Furniture,13,76167,0,Weekday
2023-12-27,Bangalore,Cosmetics,32,9280,0,Weekday
2023-12-27,Hyderabad,Electronics,24,23952,0,Weekday
2023-12-27,Hyderabad,Clothing,46,49450,0,Weekday
2023-12-27,Hyderabad,Groceries,83,14608,0,Weekday
2023-12-27,Hyderabad,Furniture,9,20988,0,Weekday
2023-12-27,Hyderabad,Cosmetics,30,10740,0,Weekday
2023-12-28,Kolkata,Electronics,21,22197,0,Weekday
2023-12-28,Kolkata,Clothing,49,37387,1,Weekday
2023-12-28,Kolkata,Groceries,89,13083,0,Weekday
2023-12-28,Kolkata,Furniture,14,66584,0,Weekday
2023-12-28,Kolkata,Cosmetics,23,13754,0,Weekday
2023-12-28,Delhi,Electronics,26,35984,0,Weekday
2023-12-28,Delhi,Clothing,43,24811,0,Weekday
2023-12-28,Delhi,Groceries,75,7200,0,Weekday
2023-12-28,Delhi,Furniture,12,54096,0,Weekday
2023-12-28,Delhi,Cosmetics,26,19630,0,Weekday
2023-12-28,Mumbai,Electronics,18,20808,0,Weekday
2023-12-28,Mumbai,Clothing,49,39053,1,Weekday
2023-12-28,Mumbai,Groceries,76,11324,0,Weekday
2023-12-28,Mumbai,Furniture,13,48464,1,Weekday
2023-12-28,Mumbai,Cosmetics,24,5712,0,Weekday
2023-12-28,Bangalore,Electronics,25,20675,0,Weekday
2023-12-28,Bangalore,Clothing,53,48124,0,Weekday
2023-12-28,Bangalore,Groceries,97,15326,1,Weekday
2023-12-28,Bangalore,Furniture,11,31328,1,Weekday
2023-12-28,Bangalore,Cosmetics,28,14840,0,Weekday
2023-12-28,Hyderabad,Electronics,25,55175,0,Weekday
2023-12-28,Hyderabad,Clothing,43,38528,0,Weekday
2023-12-28,Hyderabad,Groceries,70,13440,0,Weekday
2023-12-28,Hyderabad,Furniture,10,43170,0,Weekday
2023-12-28,Hyderabad,Cosmetics,28,7336,1,Weekday
2023-12-29,Kolkata,Electronics,30,72780,1,Weekday
2023-12-29,Kolkata,Clothing,38,33364,0,Weekday
2023-12-29,Kolkata,Groceries,90,15750,1,Weekday
2023-12-29,Kolkata,Furniture,13,26767,0,Weekday
2023-12-29,Kolkata,Cosmetics,37,25123,0,Weekday
2023-12-29,Delhi,Electronics,29,23751,0,Weekday
2023-12-29,Delhi,Clothing,47,53157,1,Weekday
2023-12-29,Delhi,Groceries,88,8448,1,Weekday
2023-12-29,Delhi,Furniture,12,34572,0,Weekday
2023-12-29,Delhi,Cosmetics,33,26037,0,Weekday
2023-12-29,Mumbai,Electronics,31,63240,0,Weekday
2023-12-29,Mumbai,Clothing,51,61149,0,Weekday
2023-12-29,Mumbai,Groceries,66,7458,0,Weekday
2023-12-29,Mumbai,Furniture,13,39234,1,Weekday
2023-12-29,Mumbai,Cosmetics,39,13923,1,Weekday
2023-12-29,Bangalore,Electronics,24,41544,1,Weekday
2023-12-29,Bangalore,Clothing,42,48342,0,Weekday
2023-12-29,Bangalore,Groceries,86,11266,0,Weekday
2023-12-29,Bangalore,Furniture,10,20460,0,Weekday
2023-12-29,Bangalore,Cosmetics,35,13510,1,Weekday
2023-12-29,Hyderabad,Electronics,25,30825,1,Weekday
2023-12-29,Hyderabad,Clothing,51,47634,1,Weekday
2023-12-29,Hyderabad,Groceries,90,10710,1,Weekday
2023-12-29,Hyderabad,Furniture,12,20700,0,Weekday
2023-12-29,Hyderabad,Cosmetics,31,19127,0,Weekday
2023-12-30,Kolkata,Electronics,27,48843,0,Weekend
2023-12-30,Kolkata,Clothing,49,20335,0,Weekend
2023-12-30,Kolkata,Groceries,73,12337,0,Weekend
2023-12-30,Kolkata,Furniture,16,24832,1,Weekend
2023-12-30,Kolkata,Cosmetics,32,24864,0,Weekend
2023-12-30,Delhi,Electronics,22,37422,0,Weekend
2023-12-30,Delhi,Clothing,49,47873,1,Weekend
2023-12-30,Delhi,Groceries,65,9685,0,Weekend
2023-12-30,Delhi,Furniture,14,62328,1,Weekend
2023-12-30,Delhi,Cosmetics,42,33012,1,Weekend
2023-12-30,Mumbai,Electronics,25,37300,0,Weekend
2023-12-30,Mumbai,Clothing,37,20202,0,Weekend
2023-12-30,Mumbai,Groceries,83,7055,0,Weekend
2023-12-30,Mumbai,Furniture,10,15120,0,Weekend
2023-12-30,Mumbai,Cosmetics,19,8056,0,Weekend
2023-12-30,Bangalore,Electronics,26,50102,0,Weekend
2023-12-30,Bangalore,Clothing,43,31347,1,Weekend
2023-12-30,Bangalore,Groceries,87,14007,0,Weekend
2023-12-30,Bangalore,Furniture,17,27761,0,Weekend
2023-12-30,Bangalore,Cosmetics,32,24192,0,Weekend
2023-12-30,Hyderabad,Electronics,26,46618,0,Weekend
2023-12-30,Hyderabad,Clothing,40,47920,1,Weekend
2023-12-30,Hyderabad,Groceries,82,10414,1,Weekend
2023-12-30,Hyderabad,Furniture,12,61764,0,Weekend
2023-12-30,Hyderabad,Cosmetics,36,8352,1,Weekend
2023-12-31,Kolkata,Electronics,18,33282,1,Weekend
2023-12-31,Kolkata,Clothing,56,65408,0,Weekend
2023-12-31,Kolkata,Groceries,94,9024,0,Weekend
2023-12-31,Kolkata,Furniture,13,51493,1,Weekend
2023-12-31,Kolkata,Cosmetics,37,9176,0,Weekend
2023-12-31,Delhi,Electronics,26,45708,1,Weekend
2023-12-31,Delhi,Clothing,45,20160,0,Weekend
2023-12-31,Delhi,Groceries,86,9632,0,Weekend
2023-12-31,Delhi,Furniture,16,90864,1,Weekend
2023-12-31,Delhi,Cosmetics,31,19716,1,Weekend
2023-12-31,Mumbai,Electronics,24,28920,1,Weekend
2023-12-31,Mumbai,Clothing,55,41305,1,Weekend
2023-12-31,Mumbai,Groceries,78,11310,1,Weekend
2023-12-31,Mumbai,Furniture,15,34980,1,Weekend
2023-12-31,Mumbai,Cosmetics,43,28380,1,Weekend
2023-12-31,Bangalore,Electronics,30,71220,1,Weekend
2023-12-31,Bangalore,Clothing,35,18095,1,Weekend
2023-12-31,Bangalore,Groceries,78,3900,0,Weekend
2023-12-31,Bangalore,Furniture,15,86385,1,Weekend
2023-12-31,Bangalore,Cosmetics,23,14927,0,Weekend
2023-12-31,Hyderabad,Electronics,34,55352,0,Weekend
2023-12-31,Hyderabad,Clothing,37,27047,0,Weekend
2023-12-31,Hyderabad,Groceries,78,6864,0,Weekend
2023-12-31,Hyderabad,Furniture,13,71097,0,Weekend
2023-12-31,Hyderabad,Cosmetics,32,22080,0,Weekend
2024-01-01,Kolkata,Electronics,18,15210,1,Weekday
2024-01-01,Kolkata,Clothing,37,35890,0,Weekday
2024-01-01,Kolkata,Groceries,68,8772,0,Weekday
2024-01-01,Kolkata,Furniture,10,53400,1,Weekday
2024-01-01,Kolkata,Cosmetics,25,19200,0,Weekday
2024-01-01,Delhi,Electronics,28,35392,1,Weekday
2024-01-01,Delhi,Clothing,42,45318,0,Weekday
2024-01-01,Delhi,Groceries,61,4026,0,Weekday
2024-01-01,Delhi,Furniture,10,16750,1,Weekday
2024-01-01,Delhi,Cosmetics,31,19778,1,Weekday
2024-01-01,Mumbai,Electronics,26,55744,1,Weekday
2024-01-01,Mumbai,Clothing,28,28252,0,Weekday
2024-01-01,Mumbai,Groceries,62,7440,0,Weekday
2024-01-01,Mumbai,Furniture,11,34089,1,Weekday
2024-01-01,Mumbai,Cosmetics,17,3570,0,Weekday
2024-01-01,Bangalore,Electronics,24,43776,1,Weekday
2024-01-01,Bangalore,Clothing,39,35178,0,Weekday
2024-01-01,Bangalore,Groceries,65,10790,0,Weekday
2024-01-01,Bangalore,Furniture,13,27859,1,Weekday
2024-01-01,Bangalore,Cosmetics,24,13416,0,Weekday
2024-01-01,Hyderabad,Electronics,20,48000,0,Weekday
2024-01-01,Hyderabad,Clothing,35,14630,0,Weekday
2024-01-01,Hyderabad,Groceries,55,4730,0,Weekday
2024-01-01,Hyderabad,Furniture,10,53580,0,Weekday
2024-01-01,Hyderabad,Cosmetics,25,13700,0,Weekday
2024-01-02,Kolkata,Electronics,12,15408,0,Weekday
2024-01-02,Kolkata,Clothing,28,10248,0,Weekday
2024-01-02,Kolkata,Groceries,88,14256,0,Weekday
2024-01-02,Kolkata,Furniture,12,32340,0,Weekday
2024-01-02,Kolkata,Cosmetics,21,9492,0,Weekday
2024-01-02,Delhi,Electronics,24,48744,0,Weekday
2024-01-02,Delhi,Clothing,39,21099,0,Weekday
2024-01-02,Delhi,Groceries,50,9200,0,Weekday
2024-01-02,Delhi,Furniture,9,47493,1,Weekday
2024-01-02,Delhi,Cosmetics,30,11550,1,Weekday
2024-01-02,Mumbai,Electronics,16,22448,0,Weekday
2024-01-02,Mumbai,Clothing,36,20736,0,Weekday
2024-01-02,Mumbai,Groceries,63,10080,0,Weekday
2024-01-02,Mumbai,Furniture,10,28100,1,Weekday
2024-01-02,Mumbai,Cosmetics,19,9747,0,Weekday
2024-01-02,Bangalore,Electronics,16,39376,0,Weekday
2024-01-02,Bangalore,Clothing,36,26316,0,Weekday
2024-01-02,Bangalore,Groceries,64,10496,0,Weekday
2024-01-02,Bangalore,Furniture,9,51669,0,Weekday
2024-01-02,Bangalore,Cosmetics,32,5888,1,Weekday
2024-01-02,Hyderabad,Electronics,15,34380,0,Weekday
2024-01-02,Hyderabad,Clothing,34,39474,0,Weekday
2024-01-02,Hyderabad,Groceries,69,11316,0,Weekday
2024-01-02,Hyderabad,Furniture,9,51759,0,Weekday
2024-01-02,Hyderabad,Cosmetics,25,18600,0,Weekday
2024-01-03,Kolkata,Electronics,18,30618,0,Weekday
2024-01-03,Kolkata,Clothing,46,37766,1,Weekday
2024-01-03,Kolkata,Groceries,59,9086,1,Weekday
2024-01-03,Kolkata,Furniture,12,58176,1,Weekday
2024-01-03,Kolkata,Cosmetics,21,14343,0,Weekday
2024-01-03,Delhi,Electronics,24,30192,0,Weekday
2024-01-03,Delhi,Clothing,32,34624,0,Weekday
2024-01-03,Delhi,Groceries,73,14527,1,Weekday
2024-01-03,Delhi,Furniture,9,22734,0,Weekday
2024-01-03,Delhi,Cosmetics,23,14697,1,Weekday
2024-01-03,Mumbai,Electronics,22,39446,0,Weekday
2024-01-03,Mumbai,Clothing,36,39744,0,Weekday
2024-01-03,Mumbai,Groceries,62,3720,0,Weekday
2024-01-03,Mumbai,Furniture,9,50535,0,Weekday
2024-01-03,Mumbai,Cosmetics,30,17970,0,Weekday
2024-01-03,Bangalore,Electronics,22,43032,1,Weekday
2024-01-03,Bangalore,Clothing,37,24161,1,Weekday
2024-01-03,Bangalore,Groceries,66,7458,1,Weekday
2024-01-03,Bangalore,Furniture,7,28315,0,Weekday
2024-01-03,Bangalore,Cosmetics,33,23232,1,Weekday
2024-01-03,Hyderabad,Electronics,13,21333,0,Weekday
2024-01-03,Hyderabad,Clothing,31,20553,0,Weekday
2024-01-03,Hyderabad,Groceries,58,7076,1,Weekday
2024-01-03,Hyderabad,Furniture,11,62854,0,Weekday
2024-01-03,Hyderabad,Cosmetics,29,12876,0,Weekday
2024-01-04,Kolkata,Electronics,27,60345,0,Weekday
2024-01-04,Kolkata,Clothing,37,11581,0,Weekday
2024-01-04,Kolkata,Groceries,56,3304,0,Weekday
2024-01-04,Kolkata,Furniture,10,16300,0,Weekday
2024-01-04,Kolkata,Cosmetics,31,16151,1,Weekday
2024-01-04,Delhi,Electronics,24,43872,0,Weekday
2024-01-04,Delhi,Clothing,39,34515,1,Weekday
2024-01-04,Delhi,Groceries,38,2888,0,Weekday
2024-01-04,Delhi,Furniture,10,22590,0,Weekday
2024-01-04,Delhi,Cosmetics,21,8778,0,Weekday
2024-01-04,Mumbai,Electronics,22,34386,0,Weekday
2024-01-04,Mumbai,Clothing,39,26208,0,Weekday
2024-01-04,Mumbai,Groceries,75,8550,0,Weekday
2024-01-04,Mumbai,Furniture,11,42966,1,Weekday
2024-01-04,Mumbai,Cosmetics,19,7068,0,Weekday
2024-01-04,Bangalore,Electronics,17,36006,0,Weekday
2024-01-04,Bangalore,Clothing,38,22496,0,Weekday
2024-01-04,Bangalore,Groceries,53,3710,0,Weekday
2024-01-04,Bangalore,Furniture,8,21056,0,Weekday
2024-01-04,Bangalore,Cosmetics,21,5607,0,Weekday
2024-01-04,Hyderabad,Electronics,16,27744,0,Weekday
2024-01-04,Hyderabad,Clothing,28,19964,0,Weekday
2024-01-04,Hyderabad,Groceries,61,5307,0,Weekday
2024-01-04,Hyderabad,Furniture,8,41112,0,Weekday
2024-01-04,Hyderabad,Cosmetics,26,10738,0,Weekday
2024-01-05,Kolkata,Electronics,23,18814,1,Weekday
2024-01-05,Kolkata,Clothing,34,36244,0,Weekday
2024-01-05,Kolkata,Groceries,60,7560,0,Weekday
2024-01-05,Kolkata,Furniture,9,50643,0,Weekday
2024-01-05,Kolkata,Cosmetics,27,6615,0,Weekday
2024-01-05,Delhi,Electronics,21,47901,1,Weekday
2024-01-05,Delhi,Clothing,26,25896,0,Weekday
2024-01-05,Delhi,Groceries,58,2958,0,Weekday
2024-01-05,Delhi,Furniture,15,27585,1,Weekday
2024-01-05,Delhi,Cosmetics,25,10600,0,Weekday
2024-01-05,Mumbai,Electronics,25,51275,1,Weekday
2024-01-05,Mumbai,Clothing,37,12543,0,Weekday
2024-01-05,Mumbai,Groceries,41,3116,0,Weekday
2024-01-05,Mumbai,Furniture,12,36576,1,Weekday
2024-01-05,Mumbai,Cosmetics,34,26724,1,Weekday
2024-01-05,Bangalore,Electronics,22,22792,1,Weekday
2024-01-05,Bangalore,Clothing,41,40057,0,Weekday
2024-01-05,Bangalore,Groceries,45,3600,0,Weekday
2024-01-05,Bangalore,Furniture,9,46089,1,Weekday
2024-01-05,Bangalore,Cosmetics,20,3400,0,Weekday
2024-01-05,Hyderabad,Electronics,19,17214,0,Weekday
2024-01-05,Hyderabad,Clothing,39,19578,0,Weekday
2024-01-05,Hyderabad,Groceries,63,10458,0,Weekday
2024-01-05,Hyderabad,Furniture,7,11620,0,Weekday
2024-01-05,Hyderabad,Cosmetics,31,24769,0,Weekday
2024-01-06,Kolkata,Electronics,21,45108,0,Weekend
2024-01-06,Kolkata,Clothing,42,33390,1,Weekend
2024-01-06,Kolkata,Groceries,50,9150,1,Weekend
2024-01-06,Kolkata,Furniture,8,33752,0,Weekend
2024-01-06,Kolkata,Cosmetics,25,7000,0,Weekend
2024-01-06,Delhi,Electronics,21,32844,1,Weekend
2024-01-06,Delhi,Clothing,35,30940,0,Weekend
2024-01-06,Delhi,Groceries,58,3712,0,Weekend
2024-01-06,Delhi,Furniture,10,24520,0,Weekend
2024-01-06,Delhi,Cosmetics,26,19838,0,Weekend
2024-01-06,Mumbai,Electronics,21,28266,0,Weekend
2024-01-06,Mumbai,Clothing,46,53130,1,Weekend
2024-01-06,Mumbai,Groceries,54,8964,1,Weekend
2024-01-06,Mumbai,Furniture,12,37260,1,Weekend
2024-01-06,Mumbai,Cosmetics,24,4104,0,Weekend
2024-01-06,Bangalore,Electronics,16,31680,1,Weekend
2024-01-06,Bangalore,Clothing,33,21087,0,Weekend
2024-01-06,Bangalore,Groceries,55,7920,0,Weekend
2024-01-06,Bangalore,Furniture,11,59873,0,Weekend
2024-01-06,Bangalore,Cosmetics,29,17632,0,Weekend
2024-01-06,Hyderabad,Electronics,22,52250,1,Weekend
2024-01-06,Hyderabad,Clothing,28,24276,0,Weekend
2024-01-06,Hyderabad,Groceries,72,7272,1,Weekend
2024-01-06,Hyderabad,Furniture,8,43552,0,Weekend
2024-01-06,Hyderabad,Cosmetics,25,4650,0,Weekend
2024-01-07,Kolkata,Electronics,22,47784,0,Weekend
2024-01-07,Kolkata,Clothing,28,13272,0,Weekend
2024-01-07,Kolkata,Groceries,63,4914,0,Weekend
2024-01-07,Kolkata,Furniture,10,19850,0,Weekend
2024-01-07,Kolkata,Cosmetics,23,7590,1,Weekend
2024-01-07,Delhi,Electronics,19,35568,1,Weekend
2024-01-07,Delhi,Clothing,33,13002,0,Weekend
2024-01-07,Delhi,Groceries,57,5187,1,Weekend
2024-01-07,Delhi,Furniture,14,31346,0,Weekend
2024-01-07,Delhi,Cosmetics,26,7124,0,Weekend
2024-01-07,Mumbai,Electronics,25,43475,1,Weekend
2024-01-07,Mumbai,Clothing,29,18879,0,Weekend
2024-01-07,Mumbai,Groceries,49,9408,0,Weekend
2024-01-07,Mumbai,Furniture,11,60181,1,Weekend
2024-01-07,Mumbai,Cosmetics,22,5654,0,Weekend
2024-01-07,Bangalore,Electronics,23,27278,0,Weekend
2024-01-07,Bangalore,Clothing,29,15834,0,Weekend
2024-01-07,Bangalore,Groceries,24,3432,1,Weekend
2024-01-07,Bangalore,Furniture,8,40152,1,Weekend
2024-01-07,Bangalore,Cosmetics,27,5832,1,Weekend
2024-01-07,Hyderabad,Electronics,25,62000,1,Weekend
2024-01-07,Hyderabad,Clothing,34,14314,1,Weekend
2024-01-07,Hyderabad,Groceries,67,6968,1,Weekend
2024-01-07,Hyderabad,Furniture,9,39060,1,Weekend
2024-01-07,Hyderabad,Cosmetics,28,14448,1,Weekend
2024-01-08,Kolkata,Electronics,23,35765,1,Weekday
2024-01-08,Kolkata,Clothing,39,23283,0,Weekday
2024-01-08,Kolkata,Groceries,67,11390,0,Weekday
2024-01-08,Kolkata,Furniture,8,39384,0,Weekday
2024-01-08,Kolkata,Cosmetics,32,11072,1,Weekday
2024-01-08,Delhi,Electronics,21,22386,0,Weekday
2024-01-08,Delhi,Clothing,38,34086,0,Weekday
2024-01-08,Delhi,Groceries,56,9016,0,Weekday
2024-01-08,Delhi,Furniture,6,31908,0,Weekday
2024-01-08,Delhi,Cosmetics,17,7480,0,Weekday
2024-01-08,Mumbai,Electronics,24,43800,0,Weekday
2024-01-08,Mumbai,Clothing,40,13440,1,Weekday
2024-01-08,Mumbai,Groceries,51,7599,0,Weekday
2024-01-08,Mumbai,Furniture,9,42336,0,Weekday
2024-01-08,Mumbai,Cosmetics,23,17296,0,Weekday
2024-01-08,Bangalore,Electronics,19,37240,1,Weekday
2024-01-08,Bangalore,Clothing,36,41580,0,Weekday
2024-01-08,Bangalore,Groceries,70,13580,0,Weekday
2024-01-08,Bangalore,Furniture,8,13656,0,Weekday
2024-01-08,Bangalore,Cosmetics,23,11247,0,Weekday
2024-01-08,Hyderabad,Electronics,21,32991,1,Weekday
2024-01-08,Hyderabad,Clothing,31,36859,0,Weekday
2024-01-08,Hyderabad,Groceries,72,3960,0,Weekday
2024-01-08,Hyderabad,Furniture,10,41550,0,Weekday
2024-01-08,Hyderabad,Cosmetics,26,14456,1,Weekday
2024-01-09,Kolkata,Electronics,16,25664,0,Weekday
2024-01-09,Kolkata,Clothing,39,41613,1,Weekday
2024-01-09,Kolkata,Groceries,75,10950,0,Weekday
2024-01-09,Kolkata,Furniture,12,19704,1,Weekday
2024-01-09,Kolkata,Cosmetics,34,27030,1,Weekday
2024-01-09,Delhi,Electronics,24,30504,0,Weekday
2024-01-09,Delhi,Clothing,28,14644,0,Weekday
2024-01-09,Delhi,Groceries,46,2806,0,Weekday
2024-01-09,Delhi,Furniture,7,41895,0,Weekday
2024-01-09,Delhi,Cosmetics,24,4944,0,Weekday
2024-01-09,Mumbai,Electronics,25,41425,0,Weekday
2024-01-09,Mumbai,Clothing,34,11288,1,Weekday
2024-01-09,Mumbai,Groceries,47,8930,0,Weekday
2024-01-09,Mumbai,Furniture,6,18282,0,Weekday
2024-01-09,Mumbai,Cosmetics,32,22720,1,Weekday
2024-01-09,Bangalore,Electronics,19,26049,1,Weekday
2024-01-09,Bangalore,Clothing,34,36346,0,Weekday
2024-01-09,Bangalore,Groceries,53,8639,0,Weekday
2024-01-09,Bangalore,Furniture,9,46989,0,Weekday
2024-01-09,Bangalore,Cosmetics,23,12213,0,Weekday
2024-01-09,Hyderabad,Electronics,26,28210,1,Weekday
2024-01-09,Hyderabad,Clothing,34,18870,0,Weekday
2024-01-09,Hyderabad,Groceries,53,8427,0,Weekday
2024-01-09,Hyderabad,Furniture,10,54750,0,Weekday
2024-01-09,Hyderabad,Cosmetics,26,17004,1,Weekday
2024-01-10,Kolkata,Electronics,20,17880,1,Weekday
2024-01-10,Kolkata,Clothing,26,17186,0,Weekday
2024-01-10,Kolkata,Groceries,58,9280,1,Weekday
2024-01-10,Kolkata,Furniture,8,41160,0,Weekday
2024-01-10,Kolkata,Cosmetics,28,10752,0,Weekday
2024-01-10,Delhi,Electronics,20,33880,0,Weekday
2024-01-10,Delhi,Clothing,37,16835,0,Weekday
2024-01-10,Delhi,Groceries,62,3534,1,Weekday
2024-01-10,Delhi,Furniture,9,30987,1,Weekday
2024-01-10,Delhi,Cosmetics,29,19633,1,Weekday
2024-01-10,Mumbai,Electronics,25,53925,0,Weekday
2024-01-10,Mumbai,Clothing,32,11200,0,Weekday
2024-01-10,Mumbai,Groceries,48,8160,0,Weekday
2024-01-10,Mumbai,Furniture,11,17325,1,Weekday
2024-01-10,Mumbai,Cosmetics,23,7245,0,Weekday
2024-01-10,Bangalore,Electronics,19,30685,0,Weekday
2024-01-10,Bangalore,Clothing,36,26928,1,Weekday
2024-01-10,Bangalore,Groceries,70,6930,0,Weekday
2024-01-10,Bangalore,Furniture,9,14571,0,Weekday
2024-01-10,Bangalore,Cosmetics,24,17856,0,Weekday
2024-01-10,Hyderabad,Electronics,24,28848,1,Weekday
2024-01-10,Hyderabad,Clothing,44,15444,0,Weekday
2024-01-10,Hyderabad,Groceries,63,8820,0,Weekday
2024-01-10,Hyderabad,Furniture,9,37008,0,Weekday
2024-01-10,Hyderabad,Cosmetics,28,14896,0,Weekday
2024-01-11,Kolkata,Electronics,16,36080,0,Weekday
2024-01-11,Kolkata,Clothing,33,33000,0,Weekday
2024-01-11,Kolkata,Groceries,47,7426,0,Weekday
2024-01-11,Kolkata,Furniture,11,18370,1,Weekday
2024-01-11,Kolkata,Cosmetics,24,6024,0,Weekday
2024-01-11,Delhi,Electronics,21,45822,1,Weekday
2024-01-11,Delhi,Clothing,35,22120,0,Weekday
2024-01-11,Delhi,Groceries,69,5106,0,Weekday
2024-01-11,Delhi,Furniture,13,34528,1,Weekday
2024-01-11,Delhi,Cosmetics,20,15800,0,Weekday
2024-01-11,Mumbai,Electronics,20,37900,0,Weekday
2024-01-11,Mumbai,Clothing,35,10815,0,Weekday
2024-01-11,Mumbai,Groceries,44,7040,0,Weekday
2024-01-11,Mumbai,Furniture,11,54307,0,Weekday
2024-01-11,Mumbai,Cosmetics,20,4020,0,Weekday
2024-01-11,Bangalore,Electronics,19,30096,1,Weekday
2024-01-11,Bangalore,Clothing,38,16910,0,Weekday
2024-01-11,Bangalore,Groceries,55,5555,0,Weekday
2024-01-11,Bangalore,Furniture,12,51396,1,Weekday
2024-01-11,Bangalore,Cosmetics,25,12450,1,Weekday
2024-01-11,Hyderabad,Electronics,18,31482,1,Weekday
2024-01-11,Hyderabad,Clothing,31,36983,0,Weekday
2024-01-11,Hyderabad,Groceries,69,5175,0,Weekday
2024-01-11,Hyderabad,Furniture,10,34270,0,Weekday
2024-01-11,Hyderabad,Cosmetics,27,4698,1,Weekday
2024-01-12,Kolkata,Electronics,22,53152,1,Weekday
2024-01-12,Kolkata,Clothing,35,15680,1,Weekday
2024-01-12,Kolkata,Groceries,70,13230,1,Weekday
2024-01-12,Kolkata,Furniture,7,24948,0,Weekday
2024-01-12,Kolkata,Cosmetics,22,12782,0,Weekday
2024-01-12,Delhi,Electronics,20,44960,0,Weekday
2024-01-12,Delhi,Clothing,26,14456,1,Weekday
2024-01-12,Delhi,Groceries,69,8763,1,Weekday
2024-01-12,Delhi,Furniture,12,42564,0,Weekday
2024-01-12,Delhi,Cosmetics,27,15579,0,Weekday
2024-01-12,Mumbai,Electronics,18,25560,0,Weekday
2024-01-12,Mumbai,Clothing,33,13266,0,Weekday
2024-01-12,Mumbai,Groceries,69,7452,0,Weekday
2024-01-12,Mumbai,Furniture,7,38269,0,Weekday
2024-01-12,Mumbai,Cosmetics,25,18800,0,Weekday
2024-01-12,Bangalore,Electronics,20,18200,0,Weekday
2024-01-12,Bangalore,Clothing,44,45584,0,Weekday
2024-01-12,Bangalore,Groceries,60,10140,1,Weekday
2024-01-12,Bangalore,Furniture,10,46460,0,Weekday
2024-01-12,Bangalore,Cosmetics,24,10344,0,Weekday
2024-01-12,Hyderabad,Electronics,15,36435,0,Weekday
2024-01-12,Hyderabad,Clothing,28,27916,0,Weekday
2024-01-12,Hyderabad,Groceries,58,8120,0,Weekday
2024-01-12,Hyderabad,Furniture,8,24632,0,Weekday
2024-01-12,Hyderabad,Cosmetics,30,11550,1,Weekday
2024-01-13,Kolkata,Electronics,16,29936,1,Weekend
2024-01-13,Kolkata,Clothing,29,21025,0,Weekend
2024-01-13,Kolkata,Groceries,50,5500,0,Weekend
2024-01-13,Kolkata,Furniture,9,30753,0,Weekend
2024-01-13,Kolkata,Cosmetics,25,14350,0,Weekend
2024-01-13,Delhi,Electronics,18,24120,0,Weekend
2024-01-13,Delhi,Clothing,45,35055,1,Weekend
2024-01-13,Delhi,Groceries,53,5035,0,Weekend
2024-01-13,Delhi,Furniture,8,31408,0,Weekend
2024-01-13,Delhi,Cosmetics,20,12560,0,Weekend
2024-01-13,Mumbai,Electronics,22,44154,1,Weekend
2024-01-13,Mumbai,Clothing,35,27265,1,Weekend
2024-01-13,Mumbai,Groceries,40,2120,1,Weekend
2024-01-13,Mumbai,Furniture,10,21430,0,Weekend
2024-01-13,Mumbai,Cosmetics,27,5724,1,Weekend
2024-01-13,Bangalore,Electronics,20,17960,0,Weekend
2024-01-13,Bangalore,Clothing,42,37002,0,Weekend
2024-01-13,Bangalore,Groceries,56,9576,0,Weekend
2024-01-13,Bangalore,Furniture,9,26955,0,Weekend
2024-01-13,Bangalore,Cosmetics,27,14526,0,Weekend
2024-01-13,Hyderabad,Electronics,21,19845,0,Weekend
2024-01-13,Hyderabad,Clothing,41,33784,1,Weekend
2024-01-13,Hyderabad,Groceries,53,8056,0,Weekend
2024-01-13,Hyderabad,Furniture,10,50170,1,Weekend
2024-01-13,Hyderabad,Cosmetics,33,19272,1,Weekend
2024-01-14,Kolkata,Electronics,21,48153,0,Weekend
2024-01-14,Kolkata,Clothing,29,21895,0,Weekend
2024-01-14,Kolkata,Groceries,58,8932,0,Weekend
2024-01-14,Kolkata,Furniture,12,45540,0,Weekend
2024-01-14,Kolkata,Cosmetics,19,7524,0,Weekend
2024-01-14,Delhi,Electronics,26,34372,0,Weekend
2024-01-14,Delhi,Clothing,41,15416,1,Weekend
2024-01-14,Delhi,Groceries,67,3484,0,Weekend
2024-01-14,Delhi,Furniture,12,69012,0,Weekend
2024-01-14,Delhi,Cosmetics,27,8856,0,Weekend
2024-01-14,Mumbai,Electronics,19,22990,0,Weekend
2024-01-14,Mumbai,Clothing,47,50055,1,Weekend
2024-01-14,Mumbai,Groceries,53,6466,0,Weekend
2024-01-14,Mumbai,Furniture,12,45060,1,Weekend
2024-01-14,Mumbai,Cosmetics,24,5808,0,Weekend
2024-01-14,Bangalore,Electronics,23,23828,1,Weekend
2024-01-14,Bangalore,Clothing,26,27690,1,Weekend
2024-01-14,Bangalore,Groceries,61,12139,0,Weekend
2024-01-14,Bangalore,Furniture,11,43373,1,Weekend
2024-01-14,Bangalore,Cosmetics,13,5057,0,Weekend
2024-01-14,Hyderabad,Electronics,24,49104,1,Weekend
2024-01-14,Hyderabad,Clothing,32,25344,0,Weekend
2024-01-14,Hyderabad,Groceries,77,12012,1,Weekend
2024-01-14,Hyderabad,Furniture,11,24299,0,Weekend
2024-01-14,Hyderabad,Cosmetics,25,9325,0,Weekend
2024-01-15,Kolkata,Electronics,18,29016,1,Weekday
2024-01-15,Kolkata,Clothing,29,29609,0,Weekday
2024-01-15,Kolkata,Groceries,39,6162,0,Weekday
2024-01-15,Kolkata,Furniture,10,18350,1,Weekday
2024-01-15,Kolkata,Cosmetics,29,7540,0,Weekday
2024-01-15,Delhi,Electronics,25,59025,1,Weekday
2024-01-15,Delhi,Clothing,46,30958,1,Weekday
2024-01-15,Delhi,Groceries,70,13230,1,Weekday
2024-01-15,Delhi,Furniture,11,32241,0,Weekday
2024-01-15,Delhi,Cosmetics,30,16350,0,Weekday
2024-01-15,Mumbai,Electronics,20,35060,0,Weekday
2024-01-15,Mumbai,Clothing,32,15072,0,Weekday
2024-01-15,Mumbai,Groceries,63,5607,1,Weekday
2024-01-15,Mumbai,Furniture,12,46980,0,Weekday
2024-01-15,Mumbai,Cosmetics,29,6583,0,Weekday
2024-01-15,Bangalore,Electronics,16,19088,0,Weekday
2024-01-15,Bangalore,Clothing,39,34086,0,Weekday
2024-01-15,Bangalore,Groceries,43,8256,0,Weekday
2024-01-15,Bangalore,Furniture,8,41168,0,Weekday
2024-01-15,Bangalore,Cosmetics,25,6050,0,Weekday
2024-01-15,Hyderabad,Electronics,25,41800,0,Weekday
2024-01-15,Hyderabad,Clothing,37,35779,0,Weekday
2024-01-15,Hyderabad,Groceries,53,10229,0,Weekday
2024-01-15,Hyderabad,Furniture,9,38520,0,Weekday
2024-01-15,Hyderabad,Cosmetics,30,11640,0,Weekday
2024-01-16,Kolkata,Electronics,20,16580,0,Weekday
2024-01-16,Kolkata,Clothing,27,32373,0,Weekday
2024-01-16,Kolkata,Groceries,54,10692,0,Weekday
2024-01-16,Kolkata,Furniture,9,27837,0,Weekday
2024-01-16,Kolkata,Cosmetics,23,14950,0,Weekday
2024-01-16,Delhi,Electronics,19,28538,1,Weekday
2024-01-16,Delhi,Clothing,38,16530,0,Weekday
2024-01-16,Delhi,Groceries,85,5440,0,Weekday
2024-01-16,Delhi,Furniture,6,32334,0,Weekday
2024-01-16,Delhi,Cosmetics,26,9984,0,Weekday
2024-01-16,Mumbai,Electronics,26,30186,1,Weekday
2024-01-16,Mumbai,Clothing,39,30459,0,Weekday
2024-01-16,Mumbai,Groceries,71,3550,1,Weekday
2024-01-16,Mumbai,Furniture,8,43424,0,Weekday
2024-01-16,Mumbai,Cosmetics,22,4444,0,Weekday
2024-01-16,Bangalore,Electronics,23,48507,1,Weekday
2024-01-16,Bangalore,Clothing,37,36519,0,Weekday
2024-01-16,Bangalore,Groceries,73,9636,0,Weekday
2024-01-16,Bangalore,Furniture,11,21439,0,Weekday
2024-01-16,Bangalore,Cosmetics,26,15964,0,Weekday
2024-01-16,Hyderabad,Electronics,22,18766,0,Weekday
2024-01-16,Hyderabad,Clothing,29,20590,0,Weekday
2024-01-16,Hyderabad,Groceries,53,6996,0,Weekday
2024-01-16,Hyderabad,Furniture,8,39584,0,Weekday
2024-01-16,Hyderabad,Cosmetics,28,21532,0,Weekday
2024-01-17,Kolkata,Electronics,18,41148,1,Weekday
2024-01-17,Kolkata,Clothing,34,23392,0,Weekday
2024-01-17,Kolkata,Groceries,53,2915,0,Weekday
2024-01-17,Kolkata,Furniture,9,47115,1,Weekday
2024-01-17,Kolkata,Cosmetics,24,14472,0,Weekday
2024-01-17,Delhi,Electronics,23,50508,1,Weekday
2024-01-17,Delhi,Clothing,35,21770,0,Weekday
2024-01-17,Delhi,Groceries,58,10556,0,Weekday
2024-01-17,Delhi,Furniture,9,36090,1,Weekday
2024-01-17,Delhi,Cosmetics,27,7074,0,Weekday
2024-01-17,Mumbai,Electronics,20,46120,0,Weekday
2024-01-17,Mumbai,Clothing,49,37975,1,Weekday
2024-01-17,Mumbai,Groceries,72,9288,1,Weekday
2024-01-17,Mumbai,Furniture,11,47839,1,Weekday
2024-01-17,Mumbai,Cosmetics,28,20132,1,Weekday
2024-01-17,Bangalore,Electronics,24,23040,1,Weekday
2024-01-17,Bangalore,Clothing,45,27810,1,Weekday
2024-01-17,Bangalore,Groceries,58,8990,0,Weekday
2024-01-17,Bangalore,Furniture,8,18976,0,Weekday
2024-01-17,Bangalore,Cosmetics,35,26355,1,Weekday
2024-01-17,Hyderabad,Electronics,20,22680,1,Weekday
2024-01-17,Hyderabad,Clothing,39,43056,0,Weekday
2024-01-17,Hyderabad,Groceries,67,8710,1,Weekday
2024-01-17,Hyderabad,Furniture,8,26592,0,Weekday
2024-01-17,Hyderabad,Cosmetics,22,12144,0,Weekday
2024-01-18,Kolkata,Electronics,18,14958,0,Weekday
2024-01-18,Kolkata,Clothing,31,18817,0,Weekday
2024-01-18,Kolkata,Groceries,51,9537,0,Weekday
2024-01-18,Kolkata,Furniture,9,48843,0,Weekday
2024-01-18,Kolkata,Cosmetics,31,20677,1,Weekday
2024-01-18,Delhi,Electronics,23,57109,1,Weekday
2024-01-18,Delhi,Clothing,39,31707,0,Weekday
2024-01-18,Delhi,Groceries,66,13002,0,Weekday
2024-01-18,Delhi,Furniture,13,45929,1,Weekday
2024-01-18,Delhi,Cosmetics,21,9933,0,Weekday
2024-01-18,Mumbai,Electronics,22,51964,1,Weekday
2024-01-18,Mumbai,Clothing,33,34881,0,Weekday
2024-01-18,Mumbai,Groceries,40,4840,1,Weekday
2024-01-18,Mumbai,Furniture,12,43068,1,Weekday
2024-01-18,Mumbai,Cosmetics,24,14088,0,Weekday
2024-01-18,Bangalore,Electronics,25,52700,1,Weekday
2024-01-18,Bangalore,Clothing,33,39105,0,Weekday
2024-01-18,Bangalore,Groceries,64,6080,1,Weekday
2024-01-18,Bangalore,Furniture,12,62544,0,Weekday
2024-01-18,Bangalore,Cosmetics,20,15220,0,Weekday
2024-01-18,Hyderabad,Electronics,22,37356,0,Weekday
2024-01-18,Hyderabad,Clothing,38,13148,0,Weekday
2024-01-18,Hyderabad,Groceries,57,4503,0,Weekday
2024-01-18,Hyderabad,Furniture,12,34056,1,Weekday
2024-01-18,Hyderabad,Cosmetics,25,9800,0,Weekday
2024-01-19,Kolkata,Electronics,23,29302,0,Weekday
2024-01-19,Kolkata,Clothing,35,26950,0,Weekday
2024-01-19,Kolkata,Groceries,65,9750,1,Weekday
2024-01-19,Kolkata,Furniture,9,28395,0,Weekday
2024-01-19,Kolkata,Cosmetics,25,8850,1,Weekday
2024-01-19,Delhi,Electronics,18,44892,0,Weekday
2024-01-19,Delhi,Clothing,42,38262,0,Weekday
2024-01-19,Delhi,Groceries,85,9095,0,Weekday
2024-01-19,Delhi,Furniture,9,20259,0,Weekday
2024-01-19,Delhi,Cosmetics,25,18875,0,Weekday
2024-01-19,Mumbai,Electronics,13,11765,0,Weekday
2024-01-19,Mumbai,Clothing,41,17794,0,Weekday
2024-01-19,Mumbai,Groceries,61,9882,1,Weekday
2024-01-19,Mumbai,Furniture,10,38680,0,Weekday
2024-01-19,Mumbai,Cosmetics,19,11590,0,Weekday
2024-01-19,Bangalore,Electronics,21,46557,0,Weekday
2024-01-19,Bangalore,Clothing,31,25854,0,Weekday
2024-01-19,Bangalore,Groceries,63,3591,0,Weekday
2024-01-19,Bangalore,Furniture,9,37323,0,Weekday
2024-01-19,Bangalore,Cosmetics,30,5250,1,Weekday
2024-01-19,Hyderabad,Electronics,19,36708,0,Weekday
2024-01-19,Hyderabad,Clothing,29,24766,0,Weekday
2024-01-19,Hyderabad,Groceries,50,5750,0,Weekday
2024-01-19,Hyderabad,Furniture,14,70126,0,Weekday
2024-01-19,Hyderabad,Cosmetics,27,5508,0,Weekday
2024-01-20,Kolkata,Electronics,25,23450,1,Weekend
2024-01-20,Kolkata,Clothing,32,18560,0,Weekend
2024-01-20,Kolkata,Groceries,56,6888,1,Weekend
2024-01-20,Kolkata,Furniture,14,34566,1,Weekend
2024-01-20,Kolkata,Cosmetics,27,17550,0,Weekend
2024-01-20,Delhi,Electronics,24,53016,0,Weekend
2024-01-20,Delhi,Clothing,38,12312,1,Weekend
2024-01-20,Delhi,Groceries,69,8832,0,Weekend
2024-01-20,Delhi,Furniture,10,17660,0,Weekend
2024-01-20,Delhi,Cosmetics,26,9698,1,Weekend
2024-01-20,Mumbai,Electronics,19,24947,0,Weekend
2024-01-20,Mumbai,Clothing,40,14960,1,Weekend
2024-01-20,Mumbai,Groceries,58,5626,0,Weekend
2024-01-20,Mumbai,Furniture,11,51436,0,Weekend
2024-01-20,Mumbai,Cosmetics,20,14660,0,Weekend
2024-01-20,Bangalore,Electronics,28,41468,1,Weekend
2024-01-20,Bangalore,Clothing,35,23940,1,Weekend
2024-01-20,Bangalore,Groceries,53,10441,0,Weekend
2024-01-20,Bangalore,Furniture,9,37143,0,Weekend
2024-01-20,Bangalore,Cosmetics,23,9568,0,Weekend
2024-01-20,Hyderabad,Electronics,23,31510,0,Weekend
2024-01-20,Hyderabad,Clothing,34,22304,1,Weekend
2024-01-20,Hyderabad,Groceries,60,3120,0,Weekend
2024-01-20,Hyderabad,Furniture,11,38060,1,Weekend
2024-01-20,Hyderabad,Cosmetics,23,6923,0,Weekend
2024-01-21,Kolkata,Electronics,21,39081,0,Weekend
2024-01-21,Kolkata,Clothing,33,11748,0,Weekend
2024-01-21,Kolkata,Groceries,61,4209,1,Weekend
2024-01-21,Kolkata,Furniture,10,21380,0,Weekend
2024-01-21,Kolkata,Cosmetics,25,19325,0,Weekend
2024-01-21,Delhi,Electronics,23,40296,0,Weekend
2024-01-21,Delhi,Clothing,27,29403,0,Weekend
2024-01-21,Delhi,Groceries,57,6726,0,Weekend
2024-01-21,Delhi,Furniture,10,44770,1,Weekend
2024-01-21,Delhi,Cosmetics,21,5334,0,Weekend
2024-01-21,Mumbai,Electronics,25,53500,0,Weekend
2024-01-21,Mumbai,Clothing,33,15642,0,Weekend
2024-01-21,Mumbai,Groceries,58,3596,0,Weekend
2024-01-21,Mumbai,Furniture,7,25494,0,Weekend
2024-01-21,Mumbai,Cosmetics,21,11004,0,Weekend
2024-01-21,Bangalore,Electronics,23,37743,1,Weekend
2024-01-21,Bangalore,Clothing,33,15081,0,Weekend
2024-01-21,Bangalore,Groceries,67,10586,0,Weekend
2024-01-21,Bangalore,Furniture,12,32316,1,Weekend
2024-01-21,Bangalore,Cosmetics,25,8850,0,Weekend
2024-01-21,Hyderabad,Electronics,21,20664,0,Weekend
2024-01-21,Hyderabad,Clothing,42,32382,1,Weekend
2024-01-21,Hyderabad,Groceries,69,5934,1,Weekend
2024-01-21,Hyderabad,Furniture,11,36751,0,Weekend
2024-01-21,Hyderabad,Cosmetics,19,3705,0,Weekend
2024-01-22,Kolkata,Electronics,26,36218,1,Weekday
2024-01-22,Kolkata,Clothing,41,22673,1,Weekday
2024-01-22,Kolkata,Groceries,47,7238,0,Weekday
2024-01-22,Kolkata,Furniture,9,45117,0,Weekday
2024-01-22,Kolkata,Cosmetics,29,12992,0,Weekday
2024-01-22,Delhi,Electronics,24,42096,1,Weekday
2024-01-22,Delhi,Clothing,42,17052,1,Weekday
2024-01-22,Delhi,Groceries,57,9405,0,Weekday
2024-01-22,Delhi,Furniture,9,30438,0,Weekday
2024-01-22,Delhi,Cosmetics,20,15240,0,Weekday
2024-01-22,Mumbai,Electronics,20,20460,0,Weekday
2024-01-22,Mumbai,Clothing,32,27232,0,Weekday
2024-01-22,Mumbai,Groceries,69,11178,0,Weekday
2024-01-22,Mumbai,Furniture,10,46260,0,Weekday
2024-01-22,Mumbai,Cosmetics,24,5592,0,Weekday
2024-01-22,Bangalore,Electronics,23,43125,1,Weekday
2024-01-22,Bangalore,Clothing,45,27630,1,Weekday
2024-01-22,Bangalore,Groceries,67,3953,0,Weekday
2024-01-22,Bangalore,Furniture,11,54945,0,Weekday
2024-01-22,Bangalore,Cosmetics,27,21465,1,Weekday
2024-01-22,Hyderabad,Electronics,26,39026,0,Weekday
2024-01-22,Hyderabad,Clothing,32,22848,0,Weekday
2024-01-22,Hyderabad,Groceries,53,8109,0,Weekday
2024-01-22,Hyderabad,Furniture,11,52778,0,Weekday
2024-01-22,Hyderabad,Cosmetics,24,11280,0,Weekday
2024-01-23,Kolkata,Electronics,23,46161,0,Weekday
2024-01-23,Kolkata,Clothing,26,14378,0,Weekday
2024-01-23,Kolkata,Groceries,74,5476,0,Weekday
2024-01-23,Kolkata,Furniture,14,39046,1,Weekday
2024-01-23,Kolkata,Cosmetics,24,19104,0,Weekday
2024-01-23,Delhi,Electronics,17,36074,0,Weekday
2024-01-23,Delhi,Clothing,21,16800,0,Weekday
2024-01-23,Delhi,Groceries,53,7579,0,Weekday
2024-01-23,Delhi,Furniture,10,30750,0,Weekday
2024-01-23,Delhi,Cosmetics,22,7854,0,Weekday
2024-01-23,Mumbai,Electronics,22,24816,0,Weekday
2024-01-23,Mumbai,Clothing,39,22074,0,Weekday
2024-01-23,Mumbai,Groceries,58,11542,0,Weekday
2024-01-23,Mumbai,Furniture,10,34050,1,Weekday
2024-01-23,Mumbai,Cosmetics,26,19448,0,Weekday
2024-01-23,Bangalore,Electronics,18,20520,0,Weekday
2024-01-23,Bangalore,Clothing,29,10962,0,Weekday
2024-01-23,Bangalore,Groceries,66,5874,0,Weekday
2024-01-23,Bangalore,Furniture,8,31704,0,Weekday
2024-01-23,Bangalore,Cosmetics,28,4228,0,Weekday
2024-01-23,Hyderabad,Electronics,17,26044,0,Weekday
2024-01-23,Hyderabad,Clothing,33,28578,0,Weekday
2024-01-23,Hyderabad,Groceries,56,10472,0,Weekday
2024-01-23,Hyderabad,Furniture,10,15820,0,Weekday
2024-01-23,Hyderabad,Cosmetics,28,20972,0,Weekday
2024-01-24,Kolkata,Electronics,15,27240,0,Weekday
2024-01-24,Kolkata,Clothing,28,12096,1,Weekday
2024-01-24,Kolkata,Groceries,67,6432,1,Weekday
2024-01-24,Kolkata,Furniture,10,39880,0,Weekday
2024-01-24,Kolkata,Cosmetics,33,22605,1,Weekday
2024-01-24,Delhi,Electronics,23,20930,0,Weekday
2024-01-24,Delhi,Clothing,36,16632,0,Weekday
2024-01-24,Delhi,Groceries,71,13348,1,Weekday
2024-01-24,Delhi,Furniture,10,58270,0,Weekday
2024-01-24,Delhi,Cosmetics,26,13598,0,Weekday
2024-01-24,Mumbai,Electronics,18,19062,0,Weekday
2024-01-24,Mumbai,Clothing,34,33796,0,Weekday
2024-01-24,Mumbai,Groceries,69,6210,0,Weekday
2024-01-24,Mumbai,Furniture,10,46600,0,Weekday
2024-01-24,Mumbai,Cosmetics,34,6698,1,Weekday
2024-01-24,Bangalore,Electronics,19,46474,0,Weekday
2024-01-24,Bangalore,Clothing,43,37367,0,Weekday
2024-01-24,Bangalore,Groceries,61,3050,1,Weekday
2024-01-24,Bangalore,Furniture,6,19422,0,Weekday
2024-01-24,Bangalore,Cosmetics,29,7917,0,Weekday
2024-01-24,Hyderabad,Electronics,18,42588,0,Weekday
2024-01-24,Hyderabad,Clothing,24,28152,0,Weekday
2024-01-24,Hyderabad,Groceries,62,8432,1,Weekday
2024-01-24,Hyderabad,Furniture,7,22631,0,Weekday
2024-01-24,Hyderabad,Cosmetics,30,18150,0,Weekday
2024-01-25,Kolkata,Electronics,18,22770,0,Weekday
2024-01-25,Kolkata,Clothing,31,33325,0,Weekday
2024-01-25,Kolkata,Groceries,67,7370,0,Weekday
2024-01-25,Kolkata,Furniture,12,46236,1,Weekday
2024-01-25,Kolkata,Cosmetics,26,10140,0,Weekday
2024-01-25,Delhi,Electronics,20,44580,0,Weekday
2024-01-25,Delhi,Clothing,38,32756,0,Weekday
2024-01-25,Delhi,Groceries,51,8364,0,Weekday
2024-01-25,Delhi,Furniture,9,34992,1,Weekday
2024-01-25,Delhi,Cosmetics,42,6636,1,Weekday
2024-01-25,Mumbai,Electronics,22,29106,0,Weekday
2024-01-25,Mumbai,Clothing,36,41004,1,Weekday
2024-01-25,Mumbai,Groceries,71,12212,1,Weekday
2024-01-25,Mumbai,Furniture,11,29953,1,Weekday
2024-01-25,Mumbai,Cosmetics,26,3900,1,Weekday
2024-01-25,Bangalore,Electronics,22,42284,1,Weekday
2024-01-25,Bangalore,Clothing,37,38036,0,Weekday
2024-01-25,Bangalore,Groceries,68,9452,1,Weekday
2024-01-25,Bangalore,Furniture,10,38920,0,Weekday
2024-01-25,Bangalore,Cosmetics,23,9361,0,Weekday
2024-01-25,Hyderabad,Electronics,24,26688,0,Weekday
2024-01-25,Hyderabad,Clothing,35,13965,1,Weekday
2024-01-25,Hyderabad,Groceries,68,9996,0,Weekday
2024-01-25,Hyderabad,Furniture,9,18981,0,Weekday
2024-01-25,Hyderabad,Cosmetics,29,4379,0,Weekday
2024-01-26,Kolkata,Electronics,20,31040,0,Weekday
2024-01-26,Kolkata,Clothing,31,27931,0,Weekday
2024-01-26,Kolkata,Groceries,70,9450,1,Weekday
2024-01-26,Kolkata,Furniture,11,57464,1,Weekday
2024-01-26,Kolkata,Cosmetics,26,13260,0,Weekday
2024-01-26,Delhi,Electronics,25,46125,0,Weekday
2024-01-26,Delhi,Clothing,36,28692,1,Weekday
2024-01-26,Delhi,Groceries,56,7336,0,Weekday
2024-01-26,Delhi,Furniture,10,26600,0,Weekday
2024-01-26,Delhi,Cosmetics,27,12555,1,Weekday
2024-01-26,Mumbai,Electronics,17,14178,0,Weekday
2024-01-26,Mumbai,Clothing,37,29008,1,Weekday
2024-01-26,Mumbai,Groceries,53,10123,0,Weekday
2024-01-26,Mumbai,Furniture,6,31776,1,Weekday
2024-01-26,Mumbai,Cosmetics,26,11050,0,Weekday
2024-01-26,Bangalore,Electronics,16,26112,0,Weekday
2024-01-26,Bangalore,Clothing,40,42640,0,Weekday
2024-01-26,Bangalore,Groceries,53,7844,0,Weekday
2024-01-26,Bangalore,Furniture,7,40348,0,Weekday
2024-01-26,Bangalore,Cosmetics,30,13410,0,Weekday
2024-01-26,Hyderabad,Electronics,20,20880,0,Weekday
2024-01-26,Hyderabad,Clothing,31,22134,0,Weekday
2024-01-26,Hyderabad,Groceries,67,3417,0,Weekday
2024-01-26,Hyderabad,Furniture,9,50427,1,Weekday
2024-01-26,Hyderabad,Cosmetics,28,10108,0,Weekday
2024-01-27,Kolkata,Electronics,20,20340,0,Weekend
2024-01-27,Kolkata,Clothing,30,21990,0,Weekend
2024-01-27,Kolkata,Groceries,67,8844,0,Weekend
2024-01-27,Kolkata,Furniture,11,52393,1,Weekend
2024-01-27,Kolkata,Cosmetics,22,4708,0,Weekend
2024-01-27,Delhi,Electronics,19,23959,0,Weekend
2024-01-27,Delhi,Clothing,32,12256,0,Weekend
2024-01-27,Delhi,Groceries,55,5060,0,Weekend
2024-01-27,Delhi,Furniture,11,25575,0,Weekend
2024-01-27,Delhi,Cosmetics,29,22678,0,Weekend
2024-01-27,Mumbai,Electronics,23,50002,0,Weekend
2024-01-27,Mumbai,Clothing,32,36576,0,Weekend
2024-01-27,Mumbai,Groceries,71,6319,0,Weekend
2024-01-27,Mumbai,Furniture,8,28168,0,Weekend
2024-01-27,Mumbai,Cosmetics,22,11858,0,Weekend
2024-01-27,Bangalore,Electronics,20,37140,0,Weekend
2024-01-27,Bangalore,Clothing,38,17328,0,Weekend
2024-01-27,Bangalore,Groceries,59,5251,0,Weekend
2024-01-27,Bangalore,Furniture,8,14328,0,Weekend
2024-01-27,Bangalore,Cosmetics,21,15120,1,Weekend
2024-01-27,Hyderabad,Electronics,24,25080,1,Weekend
2024-01-27,Hyderabad,Clothing,28,29456,0,Weekend
2024-01-27,Hyderabad,Groceries,45,3825,0,Weekend
2024-01-27,Hyderabad,Furniture,9,48924,0,Weekend
2024-01-27,Hyderabad,Cosmetics,31,15500,1,Weekend
2024-01-28,Kolkata,Electronics,25,54575,1,Weekend
2024-01-28,Kolkata,Clothing,34,13294,0,Weekend
2024-01-28,Kolkata,Groceries,50,3650,0,Weekend
2024-01-28,Kolkata,Furniture,9,27261,0,Weekend
2024-01-28,Kolkata,Cosmetics,27,5697,0,Weekend
2024-01-28,Delhi,Electronics,19,22287,0,Weekend
2024-01-28,Delhi,Clothing,38,33782,0,Weekend
2024-01-28,Delhi,Groceries,67,10385,0,Weekend
2024-01-28,Delhi,Furniture,15,24765,1,Weekend
2024-01-28,Delhi,Cosmetics,24,10272,0,Weekend
2024-01-28,Mumbai,Electronics,17,36397,0,Weekend
2024-01-28,Mumbai,Clothing,42,43428,0,Weekend
2024-01-28,Mumbai,Groceries,75,5325,1,Weekend
2024-01-28,Mumbai,Furniture,13,26650,1,Weekend
2024-01-28,Mumbai,Cosmetics,21,6594,0,Weekend
2024-01-28,Bangalore,Electronics,18,35496,0,Weekend
2024-01-28,Bangalore,Clothing,36,13788,1,Weekend
2024-01-28,Bangalore,Groceries,62,11284,0,Weekend
2024-01-28,Bangalore,Furniture,10,50730,0,Weekend
2024-01-28,Bangalore,Cosmetics,26,11128,0,Weekend
2024-01-28,Hyderabad,Electronics,17,32300,0,Weekend
2024-01-28,Hyderabad,Clothing,39,12831,0,Weekend
2024-01-28,Hyderabad,Groceries,70,10430,0,Weekend
2024-01-28,Hyderabad,Furniture,10,15310,0,Weekend
2024-01-28,Hyderabad,Cosmetics,28,20440,1,Weekend
2024-01-29,Kolkata,Electronics,19,38418,1,Weekday
2024-01-29,Kolkata,Clothing,25,15950,0,Weekday
2024-01-29,Kolkata,Groceries,51,5865,0,Weekday
2024-01-29,Kolkata,Furniture,12,26124,0,Weekday
2024-01-29,Kolkata,Cosmetics,21,6615,0,Weekday
2024-01-29,Delhi,Electronics,23,50485,1,Weekday
2024-01-29,Delhi,Clothing,46,35512,1,Weekday
2024-01-29,Delhi,Groceries,67,8576,1,Weekday
2024-01-29,Delhi,Furniture,11,54516,0,Weekday
2024-01-29,Delhi,Cosmetics,29,20358,1,Weekday
2024-01-29,Mumbai,Electronics,20,22580,0,Weekday
2024-01-29,Mumbai,Clothing,41,25666,0,Weekday
2024-01-29,Mumbai,Groceries,52,7436,0,Weekday
2024-01-29,Mumbai,Furniture,10,20150,0,Weekday
2024-01-29,Mumbai,Cosmetics,29,14471,0,Weekday
2024-01-29,Bangalore,Electronics,21,31668,0,Weekday
2024-01-29,Bangalore,Clothing,40,44000,1,Weekday
2024-01-29,Bangalore,Groceries,65,12155,1,Weekday
2024-01-29,Bangalore,Furniture,14,34132,1,Weekday
2024-01-29,Bangalore,Cosmetics,20,4840,0,Weekday
2024-01-29,Hyderabad,Electronics,16,30864,0,Weekday
2024-01-29,Hyderabad,Clothing,41,37761,0,Weekday
2024-01-29,Hyderabad,Groceries,65,3250,0,Weekday
2024-01-29,Hyderabad,Furniture,7,34048,0,Weekday
2024-01-29,Hyderabad,Cosmetics,35,20055,1,Weekday
2024-01-30,Kolkata,Electronics,14,14196,0,Weekday
2024-01-30,Kolkata,Clothing,41,41738,1,Weekday
2024-01-30,Kolkata,Groceries,42,2562,0,Weekday
2024-01-30,Kolkata,Furniture,13,21645,0,Weekday
2024-01-30,Kolkata,Cosmetics,26,13234,1,Weekday
2024-01-30,Delhi,Electronics,27,45954,1,Weekday
2024-01-30,Delhi,Clothing,27,31995,0,Weekday
2024-01-30,Delhi,Groceries,75,6300,1,Weekday
2024-01-30,Delhi,Furniture,14,48720,0,Weekday
2024-01-30,Delhi,Cosmetics,22,14190,0,Weekday
2024-01-30,Mumbai,Electronics,19,21223,1,Weekday
2024-01-30,Mumbai,Clothing,32,21248,0,Weekday
2024-01-30,Mumbai,Groceries,83,15438,1,Weekday
2024-01-30,Mumbai,Furniture,9,19107,0,Weekday
2024-01-30,Mumbai,Cosmetics,22,15114,0,Weekday
2024-01-30,Bangalore,Electronics,24,38424,0,Weekday
2024-01-30,Bangalore,Clothing,37,38887,0,Weekday
2024-01-30,Bangalore,Groceries,67,4489,0,Weekday
2024-01-30,Bangalore,Furniture,8,26960,0,Weekday
2024-01-30,Bangalore,Cosmetics,26,14508,0,Weekday
2024-01-30,Hyderabad,Electronics,19,31331,0,Weekday
2024-01-30,Hyderabad,Clothing,37,40885,0,Weekday
2024-01-30,Hyderabad,Groceries,82,14432,1,Weekday
2024-01-30,Hyderabad,Furniture,9,40815,0,Weekday
2024-01-30,Hyderabad,Cosmetics,22,13882,0,Weekday
2024-01-31,Kolkata,Electronics,29,42108,1,Weekday
2024-01-31,Kolkata,Clothing,36,22860,1,Weekday
2024-01-31,Kolkata,Groceries,64,11840,0,Weekday
2024-01-31,Kolkata,Furniture,11,18128,1,Weekday
2024-01-31,Kolkata,Cosmetics,21,8400,0,Weekday
2024-01-31,Delhi,Electronics,20,32560,0,Weekday
2024-01-31,Delhi,Clothing,38,44726,0,Weekday
2024-01-31,Delhi,Groceries,71,9727,0,Weekday
2024-01-31,Delhi,Furniture,9,29700,1,Weekday
2024-01-31,Delhi,Cosmetics,29,13253,1,Weekday
2024-01-31,Mumbai,Electronics,22,26202,0,Weekday
2024-01-31,Mumbai,Clothing,30,27510,0,Weekday
2024-01-31,Mumbai,Groceries,56,11032,0,Weekday
2024-01-31,Mumbai,Furniture,8,46864,0,Weekday
2024-01-31,Mumbai,Cosmetics,30,10950,1,Weekday
2024-01-31,Bangalore,Electronics,23,53245,1,Weekday
2024-01-31,Bangalore,Clothing,25,18800,0,Weekday
2024-01-31,Bangalore,Groceries,62,6882,0,Weekday
2024-01-31,Bangalore,Furniture,12,62436,1,Weekday
2024-01-31,Bangalore,Cosmetics,27,20385,1,Weekday
2024-01-31,Hyderabad,Electronics,19,43795,0,Weekday
2024-01-31,Hyderabad,Clothing,24,15888,0,Weekday
2024-01-31,Hyderabad,Groceries,58,8642,0,Weekday
2024-01-31,Hyderabad,Furniture,11,21098,0,Weekday
2024-01-31,Hyderabad,Cosmetics,25,11425,0,Weekday
2024-02-01,Kolkata,Electronics,25,29500,1,Weekday
2024-02-01,Kolkata,Clothing,32,16384,1,Weekday
2024-02-01,Kolkata,Groceries,54,6264,0,Weekday
2024-02-01,Kolkata,Furniture,9,21132,0,Weekday
2024-02-01,Kolkata,Cosmetics,25,9750,0,Weekday
2024-02-01,Delhi,Electronics,18,16632,0,Weekday
2024-02-01,Delhi,Clothing,48,47808,1,Weekday
2024-02-01,Delhi,Groceries,77,5390,0,Weekday
2024-02-01,Delhi,Furniture,12,29004,0,Weekday
2024-02-01,Delhi,Cosmetics,26,13156,0,Weekday
2024-02-01,Mumbai,Electronics,23,37375,0,Weekday
2024-02-01,Mumbai,Clothing,33,19305,0,Weekday
2024-02-01,Mumbai,Groceries,74,13690,1,Weekday
2024-02-01,Mumbai,Furniture,11,27654,0,Weekday
2024-02-01,Mumbai,Cosmetics,19,6821,0,Weekday
2024-02-01,Bangalore,Electronics,24,28776,0,Weekday
2024-02-01,Bangalore,Clothing,28,9296,0,Weekday
2024-02-01,Bangalore,Groceries,48,7824,0,Weekday
2024-02-01,Bangalore,Furniture,9,43128,0,Weekday
2024-02-01,Bangalore,Cosmetics,30,22440,1,Weekday
2024-02-01,Hyderabad,Electronics,22,49434,0,Weekday
2024-02-01,Hyderabad,Clothing,29,25984,0,Weekday
2024-02-01,Hyderabad,Groceries,52,8892,0,Weekday
2024-02-01,Hyderabad,Furniture,9,41004,0,Weekday
2024-02-01,Hyderabad,Cosmetics,22,5808,0,Weekday
2024-02-02,Kolkata,Electronics,25,55075,1,Weekday
2024-02-02,Kolkata,Clothing,22,9944,0,Weekday
2024-02-02,Kolkata,Groceries,59,5487,0,Weekday
2024-02-02,Kolkata,Furniture,5,20765,0,Weekday
2024-02-02,Kolkata,Cosmetics,32,22304,1,Weekday
2024-02-02,Delhi,Electronics,26,46748,0,Weekday
2024-02-02,Delhi,Clothing,39,36036,0,Weekday
2024-02-02,Delhi,Groceries,76,4636,1,Weekday
2024-02-02,Delhi,Furniture,13,74126,0,Weekday
2024-02-02,Delhi,Cosmetics,19,14212,0,Weekday
2024-02-02,Mumbai,Electronics,15,32205,1,Weekday
2024-02-02,Mumbai,Clothing,31,13423,0,Weekday
2024-02-02,Mumbai,Groceries,63,6237,1,Weekday
2024-02-02,Mumbai,Furniture,10,53540,1,Weekday
2024-02-02,Mumbai,Cosmetics,23,11431,0,Weekday
2024-02-02,Bangalore,Electronics,21,26607,0,Weekday
2024-02-02,Bangalore,Clothing,35,27475,0,Weekday
2024-02-02,Bangalore,Groceries,64,8128,0,Weekday
2024-02-02,Bangalore,Furniture,8,23384,0,Weekday
2024-02-02,Bangalore,Cosmetics,24,18480,0,Weekday
2024-02-02,Hyderabad,Electronics,23,40825,0,Weekday
2024-02-02,Hyderabad,Clothing,34,16422,0,Weekday
2024-02-02,Hyderabad,Groceries,63,8001,1,Weekday
2024-02-02,Hyderabad,Furniture,7,19943,0,Weekday
2024-02-02,Hyderabad,Cosmetics,20,9800,0,Weekday
2024-02-03,Kolkata,Electronics,18,41238,0,Weekend
2024-02-03,Kolkata,Clothing,42,20034,0,Weekend
2024-02-03,Kolkata,Groceries,62,3968,0,Weekend
2024-02-03,Kolkata,Furniture,8,24912,0,Weekend
2024-02-03,Kolkata,Cosmetics,26,13806,0,Weekend
2024-02-03,Delhi,Electronics,22,41822,0,Weekend
2024-02-03,Delhi,Clothing,48,41040,1,Weekend
2024-02-03,Delhi,Groceries,60,9240,1,Weekend
2024-02-03,Delhi,Furniture,8,35304,1,Weekend
2024-02-03,Delhi,Cosmetics,26,5824,0,Weekend
2024-02-03,Mumbai,Electronics,26,49634,1,Weekend
2024-02-03,Mumbai,Clothing,33,14850,0,Weekend
2024-02-03,Mumbai,Groceries,62,12152,1,Weekend
2024-02-03,Mumbai,Furniture,10,44740,1,Weekend
2024-02-03,Mumbai,Cosmetics,28,11116,0,Weekend
2024-02-03,Bangalore,Electronics,23,36340,0,Weekend
2024-02-03,Bangalore,Clothing,34,33762,0,Weekend
2024-02-03,Bangalore,Groceries,64,4224,1,Weekend
2024-02-03,Bangalore,Furniture,10,57850,0,Weekend
2024-02-03,Bangalore,Cosmetics,23,12489,0,Weekend
2024-02-03,Hyderabad,Electronics,22,40436,1,Weekend
2024-02-03,Hyderabad,Clothing,37,29711,1,Weekend
2024-02-03,Hyderabad,Groceries,78,12558,1,Weekend
2024-02-03,Hyderabad,Furniture,10,26890,0,Weekend
2024-02-03,Hyderabad,Cosmetics,31,9424,1,Weekend
2024-02-04,Kolkata,Electronics,25,20100,1,Weekend
2024-02-04,Kolkata,Clothing,40,20800,1,Weekend
2024-02-04,Kolkata,Groceries,66,13002,0,Weekend
2024-02-04,Kolkata,Furniture,10,30530,0,Weekend
2024-02-04,Kolkata,Cosmetics,24,3792,1,Weekend
2024-02-04,Delhi,Electronics,23,35512,0,Weekend
2024-02-04,Delhi,Clothing,41,20131,0,Weekend
2024-02-04,Delhi,Groceries,55,3520,1,Weekend
2024-02-04,Delhi,Furniture,10,21150,0,Weekend
2024-02-04,Delhi,Cosmetics,37,12654,1,Weekend
2024-02-04,Mumbai,Electronics,19,21641,0,Weekend
2024-02-04,Mumbai,Clothing,38,26904,0,Weekend
2024-02-04,Mumbai,Groceries,62,9548,0,Weekend
2024-02-04,Mumbai,Furniture,10,51020,0,Weekend
2024-02-04,Mumbai,Cosmetics,24,15408,0,Weekend
2024-02-04,Bangalore,Electronics,26,60398,1,Weekend
2024-02-04,Bangalore,Clothing,45,45990,1,Weekend
2024-02-04,Bangalore,Groceries,59,5310,1,Weekend
2024-02-04,Bangalore,Furniture,10,36290,1,Weekend
2024-02-04,Bangalore,Cosmetics,22,3344,0,Weekend
2024-02-04,Hyderabad,Electronics,22,21846,0,Weekend
2024-02-04,Hyderabad,Clothing,33,13332,0,Weekend
2024-02-04,Hyderabad,Groceries,81,4455,1,Weekend
2024-02-04,Hyderabad,Furniture,13,59085,1,Weekend
2024-02-04,Hyderabad,Cosmetics,24,7392,1,Weekend
2024-02-05,Kolkata,Electronics,18,40266,1,Weekday
2024-02-05,Kolkata,Clothing,32,10112,0,Weekday
2024-02-05,Kolkata,Groceries,56,2912,0,Weekday
2024-02-05,Kolkata,Furniture,10,57150,0,Weekday
2024-02-05,Kolkata,Cosmetics,21,9450,0,Weekday
2024-02-05,Delhi,Electronics,21,18291,0,Weekday
2024-02-05,Delhi,Clothing,46,37720,1,Weekday
2024-02-05,Delhi,Groceries,61,4087,1,Weekday
2024-02-05,Delhi,Furniture,12,52428,0,Weekday
2024-02-05,Delhi,Cosmetics,34,17680,1,Weekday
2024-02-05,Mumbai,Electronics,21,23184,1,Weekday
2024-02-05,Mumbai,Clothing,22,6798,1,Weekday
2024-02-05,Mumbai,Groceries,57,3021,0,Weekday
2024-02-05,Mumbai,Furniture,8,34112,0,Weekday
2024-02-05,Mumbai,Cosmetics,26,5980,1,Weekday
2024-02-05,Bangalore,Electronics,17,25364,0,Weekday
2024-02-05,Bangalore,Clothing,36,27684,0,Weekday
2024-02-05,Bangalore,Groceries,60,11820,0,Weekday
2024-02-05,Bangalore,Furniture,11,21527,0,Weekday
2024-02-05,Bangalore,Cosmetics,20,6840,0,Weekday
2024-02-05,Hyderabad,Electronics,22,50072,0,Weekday
2024-02-05,Hyderabad,Clothing,38,38190,0,Weekday
2024-02-05,Hyderabad,Groceries,55,10175,0,Weekday
2024-02-05,Hyderabad,Furniture,10,18210,0,Weekday
2024-02-05,Hyderabad,Cosmetics,22,11506,0,Weekday
2024-02-06,Kolkata,Electronics,21,31794,0,Weekday
2024-02-06,Kolkata,Clothing,33,37950,0,Weekday
2024-02-06,Kolkata,Groceries,62,11532,0,Weekday
2024-02-06,Kolkata,Furniture,9,49473,0,Weekday
2024-02-06,Kolkata,Cosmetics,23,15019,0,Weekday
2024-02-06,Delhi,Electronics,15,18045,0,Weekday
2024-02-06,Delhi,Clothing,41,39606,0,Weekday
2024-02-06,Delhi,Groceries,65,12935,0,Weekday
2024-02-06,Delhi,Furniture,11,49060,0,Weekday
2024-02-06,Delhi,Cosmetics,31,9827,1,Weekday
2024-02-06,Mumbai,Electronics,24,40512,1,Weekday
2024-02-06,Mumbai,Clothing,31,17391,0,Weekday
2024-02-06,Mumbai,Groceries,62,6200,0,Weekday
2024-02-06,Mumbai,Furniture,10,34290,0,Weekday
2024-02-06,Mumbai,Cosmetics,20,9000,0,Weekday
2024-02-06,Bangalore,Electronics,17,18904,0,Weekday
2024-02-06,Bangalore,Clothing,30,12960,0,Weekday
2024-02-06,Bangalore,Groceries,50,2850,0,Weekday
2024-02-06,Bangalore,Furniture,11,51403,0,Weekday
2024-02-06,Bangalore,Cosmetics,35,16275,1,Weekday
2024-02-06,Hyderabad,Electronics,24,47160,0,Weekday
2024-02-06,Hyderabad,Clothing,33,34914,0,Weekday
2024-02-06,Hyderabad,Groceries,65,3770,1,Weekday
2024-02-06,Hyderabad,Furniture,9,23805,0,Weekday
2024-02-06,Hyderabad,Cosmetics,25,6050,0,Weekday
2024-02-07,Kolkata,Electronics,18,44406,0,Weekday
2024-02-07,Kolkata,Clothing,33,21285,1,Weekday
2024-02-07,Kolkata,Groceries,54,6858,0,Weekday
2024-02-07,Kolkata,Furniture,12,70776,0,Weekday
2024-02-07,Kolkata,Cosmetics,23,13317,0,Weekday
2024-02-07,Delhi,Electronics,15,37095,0,Weekday
2024-02-07,Delhi,Clothing,24,16464,0,Weekday
2024-02-07,Delhi,Groceries,51,3213,0,Weekday
2024-02-07,Delhi,Furniture,10,47520,0,Weekday
2024-02-07,Delhi,Cosmetics,22,5808,0,Weekday
2024-02-07,Mumbai,Electronics,17,37570,0,Weekday
2024-02-07,Mumbai,Clothing,39,12285,1,Weekday
2024-02-07,Mumbai,Groceries,62,3410,0,Weekday
2024-02-07,Mumbai,Furniture,11,26345,0,Weekday
2024-02-07,Mumbai,Cosmetics,24,12264,1,Weekday
2024-02-07,Bangalore,Electronics,13,30173,0,Weekday
2024-02-07,Bangalore,Clothing,44,19360,1,Weekday
2024-02-07,Bangalore,Groceries,68,6868,1,Weekday
2024-02-07,Bangalore,Furniture,10,30970,0,Weekday
2024-02-07,Bangalore,Cosmetics,27,6993,1,Weekday
2024-02-07,Hyderabad,Electronics,27,47628,1,Weekday
2024-02-07,Hyderabad,Clothing,30,24090,0,Weekday
2024-02-07,Hyderabad,Groceries,80,4160,1,Weekday
2024-02-07,Hyderabad,Furniture,12,68700,1,Weekday
2024-02-07,Hyderabad,Cosmetics,29,6931,0,Weekday
2024-02-08,Kolkata,Electronics,26,55848,0,Weekday
2024-02-08,Kolkata,Clothing,37,29008,1,Weekday
2024-02-08,Kolkata,Groceries,48,2928,0,Weekday
2024-02-08,Kolkata,Furniture,11,64823,1,Weekday
2024-02-08,Kolkata,Cosmetics,24,6168,0,Weekday
2024-02-08,Delhi,Electronics,16,38848,0,Weekday
2024-02-08,Delhi,Clothing,31,19995,0,Weekday
2024-02-08,Delhi,Groceries,60,5460,1,Weekday
2024-02-08,Delhi,Furniture,9,38061,1,Weekday
2024-02-08,Delhi,Cosmetics,25,11125,0,Weekday
2024-02-08,Mumbai,Electronics,21,36624,0,Weekday
2024-02-08,Mumbai,Clothing,41,29192,1,Weekday
2024-02-08,Mumbai,Groceries,62,9362,0,Weekday
2024-02-08,Mumbai,Furniture,13,59241,0,Weekday
2024-02-08,Mumbai,Cosmetics,26,18382,0,Weekday
2024-02-08,Bangalore,Electronics,22,48620,1,Weekday
2024-02-08,Bangalore,Clothing,38,24548,0,Weekday
2024-02-08,Bangalore,Groceries,63,5859,1,Weekday
2024-02-08,Bangalore,Furniture,10,41900,0,Weekday
2024-02-08,Bangalore,Cosmetics,24,16008,0,Weekday
2024-02-08,Hyderabad,Electronics,19,23845,0,Weekday
2024-02-08,Hyderabad,Clothing,41,39524,0,Weekday
2024-02-08,Hyderabad,Groceries,57,8607,1,Weekday
2024-02-08,Hyderabad,Furniture,9,43929,0,Weekday
2024-02-08,Hyderabad,Cosmetics,28,6552,0,Weekday
2024-02-09,Kolkata,Electronics,23,50968,0,Weekday
2024-02-09,Kolkata,Clothing,35,33145,0,Weekday
2024-02-09,Kolkata,Groceries,50,5700,0,Weekday
2024-02-09,Kolkata,Furniture,11,41613,0,Weekday
2024-02-09,Kolkata,Cosmetics,25,14000,0,Weekday
2024-02-09,Delhi,Electronics,17,35700,0,Weekday
2024-02-09,Delhi,Clothing,33,33693,0,Weekday
2024-02-09,Delhi,Groceries,82,15252,0,Weekday
2024-02-09,Delhi,Furniture,9,15264,0,Weekday
2024-02-09,Delhi,Cosmetics,30,7890,0,Weekday
2024-02-09,Mumbai,Electronics,23,35397,0,Weekday
2024-02-09,Mumbai,Clothing,40,37520,0,Weekday
2024-02-09,Mumbai,Groceries,76,6992,1,Weekday
2024-02-09,Mumbai,Furniture,10,57520,0,Weekday
2024-02-09,Mumbai,Cosmetics,30,12270,0,Weekday
2024-02-09,Bangalore,Electronics,20,37140,0,Weekday
2024-02-09,Bangalore,Clothing,46,28290,0,Weekday
2024-02-09,Bangalore,Groceries,60,10200,0,Weekday
2024-02-09,Bangalore,Furniture,11,43835,0,Weekday
2024-02-09,Bangalore,Cosmetics,26,11076,0,Weekday
2024-02-09,Hyderabad,Electronics,18,26064,0,Weekday
2024-02-09,Hyderabad,Clothing,43,45279,1,Weekday
2024-02-09,Hyderabad,Groceries,60,8040,0,Weekday
2024-02-09,Hyderabad,Furniture,12,21312,0,Weekday
2024-02-09,Hyderabad,Cosmetics,25,6800,0,Weekday
2024-02-10,Kolkata,Electronics,18,14706,0,Weekend
2024-02-10,Kolkata,Clothing,33,29106,1,Weekend
2024-02-10,Kolkata,Groceries,62,11780,0,Weekend
2024-02-10,Kolkata,Furniture,9,30456,0,Weekend
2024-02-10,Kolkata,Cosmetics,23,12466,0,Weekend
2024-02-10,Delhi,Electronics,19,16397,1,Weekend
2024-02-10,Delhi,Clothing,34,11390,0,Weekend
2024-02-10,Delhi,Groceries,57,10089,0,Weekend
2024-02-10,Delhi,Furniture,9,42507,0,Weekend
2024-02-10,Delhi,Cosmetics,29,8410,0,Weekend
2024-02-10,Mumbai,Electronics,13,27456,0,Weekend
2024-02-10,Mumbai,Clothing,41,48052,1,Weekend
2024-02-10,Mumbai,Groceries,58,2900,0,Weekend
2024-02-10,Mumbai,Furniture,10,42200,1,Weekend
2024-02-10,Mumbai,Cosmetics,20,5000,0,Weekend
2024-02-10,Bangalore,Electronics,16,39952,0,Weekend
2024-02-10,Bangalore,Clothing,35,19880,0,Weekend
2024-02-10,Bangalore,Groceries,55,7480,0,Weekend
2024-02-10,Bangalore,Furniture,9,44838,0,Weekend
2024-02-10,Bangalore,Cosmetics,28,15596,1,Weekend
2024-02-10,Hyderabad,Electronics,19,29735,1,Weekend
2024-02-10,Hyderabad,Clothing,41,45182,0,Weekend
2024-02-10,Hyderabad,Groceries,68,10200,0,Weekend
2024-02-10,Hyderabad,Furniture,13,77727,1,Weekend
2024-02-10,Hyderabad,Cosmetics,30,5040,0,Weekend
2024-02-11,Kolkata,Electronics,28,34384,1,Weekend
2024-02-11,Kolkata,Clothing,37,35446,1,Weekend
2024-02-11,Kolkata,Groceries,51,6528,0,Weekend
2024-02-11,Kolkata,Furniture,9,24021,0,Weekend
2024-02-11,Kolkata,Cosmetics,32,18336,1,Weekend
2024-02-11,Delhi,Electronics,15,21060,0,Weekend
2024-02-11,Delhi,Clothing,26,20878,0,Weekend
2024-02-11,Delhi,Groceries,54,9612,0,Weekend
2024-02-11,Delhi,Furniture,9,25443,1,Weekend
2024-02-11,Delhi,Cosmetics,20,11860,0,Weekend
2024-02-11,Mumbai,Electronics,24,35256,1,Weekend
2024-02-11,Mumbai,Clothing,48,39312,1,Weekend
2024-02-11,Mumbai,Groceries,64,6720,1,Weekend
2024-02-11,Mumbai,Furniture,11,32054,0,Weekend
2024-02-11,Mumbai,Cosmetics,29,20822,0,Weekend
2024-02-11,Bangalore,Electronics,22,21164,0,Weekend
2024-02-11,Bangalore,Clothing,29,24215,0,Weekend
2024-02-11,Bangalore,Groceries,80,8240,0,Weekend
2024-02-11,Bangalore,Furniture,12,69084,1,Weekend
2024-02-11,Bangalore,Cosmetics,31,24366,1,Weekend
2024-02-11,Hyderabad,Electronics,16,27104,1,Weekend
2024-02-11,Hyderabad,Clothing,46,17526,1,Weekend
2024-02-11,Hyderabad,Groceries,63,3717,1,Weekend
2024-02-11,Hyderabad,Furniture,11,41338,1,Weekend
2024-02-11,Hyderabad,Cosmetics,34,21998,1,Weekend
2024-02-12,Kolkata,Electronics,25,30450,1,Weekday
2024-02-12,Kolkata,Clothing,32,31616,0,Weekday
2024-02-12,Kolkata,Groceries,72,11376,0,Weekday
2024-02-12,Kolkata,Furniture,11,30371,1,Weekday
2024-02-12,Kolkata,Cosmetics,31,7409,0,Weekday
2024-02-12,Delhi,Electronics,24,22224,0,Weekday
2024-02-12,Delhi,Clothing,38,37050,1,Weekday
2024-02-12,Delhi,Groceries,57,2850,0,Weekday
2024-02-12,Delhi,Furniture,12,19140,0,Weekday
2024-02-12,Delhi,Cosmetics,30,8640,1,Weekday
2024-02-12,Mumbai,Electronics,16,30848,0,Weekday
2024-02-12,Mumbai,Clothing,46,20332,1,Weekday
2024-02-12,Mumbai,Groceries,71,7384,0,Weekday
2024-02-12,Mumbai,Furniture,9,19566,0,Weekday
2024-02-12,Mumbai,Cosmetics,24,9600,0,Weekday
2024-02-12,Bangalore,Electronics,17,30940,1,Weekday
2024-02-12,Bangalore,Clothing,27,30726,1,Weekday
2024-02-12,Bangalore,Groceries,57,8721,0,Weekday
2024-02-12,Bangalore,Furniture,8,44304,0,Weekday
2024-02-12,Bangalore,Cosmetics,21,4578,0,Weekday
2024-02-12,Hyderabad,Electronics,23,26335,1,Weekday
2024-02-12,Hyderabad,Clothing,26,25610,0,Weekday
2024-02-12,Hyderabad,Groceries,59,5310,1,Weekday
2024-02-12,Hyderabad,Furniture,9,25740,0,Weekday
2024-02-12,Hyderabad,Cosmetics,21,11550,0,Weekday
2024-02-13,Kolkata,Electronics,18,39330,0,Weekday
2024-02-13,Kolkata,Clothing,37,21016,0,Weekday
2024-02-13,Kolkata,Groceries,60,9720,0,Weekday
2024-02-13,Kolkata,Furniture,11,56980,0,Weekday
2024-02-13,Kolkata,Cosmetics,21,5733,0,Weekday
2024-02-13,Delhi,Electronics,15,13920,0,Weekday
2024-02-13,Delhi,Clothing,32,19584,0,Weekday
2024-02-13,Delhi,Groceries,58,10324,1,Weekday
2024-02-13,Delhi,Furniture,7,23737,0,Weekday
2024-02-13,Delhi,Cosmetics,20,8760,0,Weekday
2024-02-13,Mumbai,Electronics,19,38133,0,Weekday
2024-02-13,Mumbai,Clothing,36,32724,0,Weekday
2024-02-13,Mumbai,Groceries,59,11092,1,Weekday
2024-02-13,Mumbai,Furniture,8,20800,0,Weekday
2024-02-13,Mumbai,Cosmetics,35,11270,1,Weekday
2024-02-13,Bangalore,Electronics,19,32357,1,Weekday
2024-02-13,Bangalore,Clothing,29,12238,0,Weekday
2024-02-13,Bangalore,Groceries,86,14276,1,Weekday
2024-02-13,Bangalore,Furniture,9,25668,0,Weekday
2024-02-13,Bangalore,Cosmetics,32,25376,1,Weekday
2024-02-13,Hyderabad,Electronics,24,33360,1,Weekday
2024-02-13,Hyderabad,Clothing,30,13470,0,Weekday
2024-02-13,Hyderabad,Groceries,62,12090,0,Weekday
2024-02-13,Hyderabad,Furniture,11,38819,0,Weekday
2024-02-13,Hyderabad,Cosmetics,26,8164,0,Weekday
2024-02-14,Kolkata,Electronics,21,20664,0,Weekday
2024-02-14,Kolkata,Clothing,37,25678,1,Weekday
2024-02-14,Kolkata,Groceries,73,10950,1,Weekday
2024-02-14,Kolkata,Furniture,12,22968,0,Weekday
2024-02-14,Kolkata,Cosmetics,25,11325,0,Weekday
2024-02-14,Delhi,Electronics,19,43491,0,Weekday
2024-02-14,Delhi,Clothing,32,27872,0,Weekday
2024-02-14,Delhi,Groceries,72,4824,1,Weekday
2024-02-14,Delhi,Furniture,10,57760,0,Weekday
2024-02-14,Delhi,Cosmetics,27,8721,1,Weekday
2024-02-14,Mumbai,Electronics,25,32425,1,Weekday
2024-02-14,Mumbai,Clothing,35,14105,0,Weekday
2024-02-14,Mumbai,Groceries,74,14430,0,Weekday
2024-02-14,Mumbai,Furniture,8,37944,0,Weekday
2024-02-14,Mumbai,Cosmetics,37,20905,1,Weekday
2024-02-14,Bangalore,Electronics,19,33193,0,Weekday
2024-02-14,Bangalore,Clothing,29,11426,0,Weekday
2024-02-14,Bangalore,Groceries,74,11544,1,Weekday
2024-02-14,Bangalore,Furniture,7,19586,0,Weekday
2024-02-14,Bangalore,Cosmetics,23,16905,0,Weekday
2024-02-14,Hyderabad,Electronics,20,45640,1,Weekday
2024-02-14,Hyderabad,Clothing,40,39040,1,Weekday
2024-02-14,Hyderabad,Groceries,77,4004,1,Weekday
2024-02-14,Hyderabad,Furniture,7,15561,0,Weekday
2024-02-14,Hyderabad,Cosmetics,31,12431,1,Weekday
2024-02-15,Kolkata,Electronics,24,36984,1,Weekday
2024-02-15,Kolkata,Clothing,36,33588,1,Weekday
2024-02-15,Kolkata,Groceries,68,10608,1,Weekday
2024-02-15,Kolkata,Furniture,8,34296,0,Weekday
2024-02-15,Kolkata,Cosmetics,26,17784,0,Weekday
2024-02-15,Delhi,Electronics,17,38454,0,Weekday
2024-02-15,Delhi,Clothing,38,21204,1,Weekday
2024-02-15,Delhi,Groceries,71,13845,1,Weekday
2024-02-15,Delhi,Furniture,11,46750,0,Weekday
2024-02-15,Delhi,Cosmetics,27,6993,0,Weekday
2024-02-15,Mumbai,Electronics,17,26231,0,Weekday
2024-02-15,Mumbai,Clothing,32,37696,0,Weekday
2024-02-15,Mumbai,Groceries,50,3250,0,Weekday
2024-02-15,Mumbai,Furniture,11,55396,0,Weekday
2024-02-15,Mumbai,Cosmetics,33,18942,0,Weekday
2024-02-15,Bangalore,Electronics,22,20614,0,Weekday
2024-02-15,Bangalore,Clothing,38,34808,0,Weekday
2024-02-15,Bangalore,Groceries,59,5605,0,Weekday
2024-02-15,Bangalore,Furniture,8,22632,0,Weekday
2024-02-15,Bangalore,Cosmetics,30,19110,1,Weekday
2024-02-15,Hyderabad,Electronics,23,52555,1,Weekday
2024-02-15,Hyderabad,Clothing,36,19692,0,Weekday
2024-02-15,Hyderabad,Groceries,53,6943,0,Weekday
2024-02-15,Hyderabad,Furniture,9,18252,0,Weekday
2024-02-15,Hyderabad,Cosmetics,17,8721,0,Weekday
2024-02-16,Kolkata,Electronics,14,30926,0,Weekday
2024-02-16,Kolkata,Clothing,37,11470,0,Weekday
2024-02-16,Kolkata,Groceries,72,5256,0,Weekday
2024-02-16,Kolkata,Furniture,10,32050,0,Weekday
2024-02-16,Kolkata,Cosmetics,20,9820,0,Weekday
2024-02-16,Delhi,Electronics,21,21462,0,Weekday
2024-02-16,Delhi,Clothing,30,34770,0,Weekday
2024-02-16,Delhi,Groceries,63,10206,1,Weekday
2024-02-16,Delhi,Furniture,10,24890,0,Weekday
2024-02-16,Delhi,Cosmetics,20,13080,0,Weekday
2024-02-16,Mumbai,Electronics,21,39585,0,Weekday
2024-02-16,Mumbai,Clothing,31,14942,0,Weekday
2024-02-16,Mumbai,Groceries,58,3074,0,Weekday
2024-02-16,Mumbai,Furniture,9,44550,0,Weekday
2024-02-16,Mumbai,Cosmetics,18,13968,0,Weekday
2024-02-16,Bangalore,Electronics,23,31694,0,Weekday
2024-02-16,Bangalore,Clothing,37,22385,1,Weekday
2024-02-16,Bangalore,Groceries,53,5671,0,Weekday
2024-02-16,Bangalore,Furniture,7,30163,0,Weekday
2024-02-16,Bangalore,Cosmetics,26,5018,0,Weekday
2024-02-16,Hyderabad,Electronics,24,40032,0,Weekday
2024-02-16,Hyderabad,Clothing,41,28577,0,Weekday
2024-02-16,Hyderabad,Groceries,70,6720,0,Weekday
2024-02-16,Hyderabad,Furniture,10,28600,0,Weekday
2024-02-16,Hyderabad,Cosmetics,24,9768,0,Weekday
2024-02-17,Kolkata,Electronics,18,42534,0,Weekend
2024-02-17,Kolkata,Clothing,31,22785,0,Weekend
2024-02-17,Kolkata,Groceries,66,9174,1,Weekend
2024-02-17,Kolkata,Furniture,10,19770,0,Weekend
2024-02-17,Kolkata,Cosmetics,19,9044,0,Weekend
2024-02-17,Delhi,Electronics,16,18752,0,Weekend
2024-02-17,Delhi,Clothing,37,22977,0,Weekend
2024-02-17,Delhi,Groceries,45,6615,0,Weekend
2024-02-17,Delhi,Furniture,13,54574,1,Weekend
2024-02-17,Delhi,Cosmetics,19,11400,0,Weekend
2024-02-17,Mumbai,Electronics,22,49192,1,Weekend
2024-02-17,Mumbai,Clothing,27,16119,0,Weekend
2024-02-17,Mumbai,Groceries,64,9728,0,Weekend
2024-02-17,Mumbai,Furniture,11,46134,1,Weekend
2024-02-17,Mumbai,Cosmetics,22,8404,0,Weekend
2024-02-17,Bangalore,Electronics,30,44100,1,Weekend
2024-02-17,Bangalore,Clothing,49,43561,1,Weekend
2024-02-17,Bangalore,Groceries,66,6204,1,Weekend
2024-02-17,Bangalore,Furniture,9,21879,1,Weekend
2024-02-17,Bangalore,Cosmetics,25,17625,0,Weekend
2024-02-17,Hyderabad,Electronics,23,21183,1,Weekend
2024-02-17,Hyderabad,Clothing,33,12012,0,Weekend
2024-02-17,Hyderabad,Groceries,74,13690,1,Weekend
2024-02-17,Hyderabad,Furniture,12,31296,1,Weekend
2024-02-17,Hyderabad,Cosmetics,27,16659,0,Weekend
2024-02-18,Kolkata,Electronics,16,25040,1,Weekend
2024-02-18,Kolkata,Clothing,37,13875,0,Weekend
2024-02-18,Kolkata,Groceries,61,3477,0,Weekend
2024-02-18,Kolkata,Furniture,9,27711,0,Weekend
2024-02-18,Kolkata,Cosmetics,24,4056,0,Weekend
2024-02-18,Delhi,Electronics,21,21063,1,Weekend
2024-02-18,Delhi,Clothing,28,14784,0,Weekend
2024-02-18,Delhi,Groceries,68,6528,1,Weekend
2024-02-18,Delhi,Furniture,11,36476,1,Weekend
2024-02-18,Delhi,Cosmetics,30,20070,1,Weekend
2024-02-18,Mumbai,Electronics,19,32433,0,Weekend
2024-02-18,Mumbai,Clothing,37,28194,0,Weekend
2024-02-18,Mumbai,Groceries,49,4606,0,Weekend
2024-02-18,Mumbai,Furniture,8,37856,0,Weekend
2024-02-18,Mumbai,Cosmetics,27,11880,0,Weekend
2024-02-18,Bangalore,Electronics,20,35100,0,Weekend
2024-02-18,Bangalore,Clothing,37,42883,1,Weekend
2024-02-18,Bangalore,Groceries,61,5063,1,Weekend
2024-02-18,Bangalore,Furniture,7,20013,0,Weekend
2024-02-18,Bangalore,Cosmetics,28,19124,1,Weekend
2024-02-18,Hyderabad,Electronics,19,23066,0,Weekend
2024-02-18,Hyderabad,Clothing,27,29943,0,Weekend
2024-02-18,Hyderabad,Groceries,41,3649,0,Weekend
2024-02-18,Hyderabad,Furniture,10,25410,0,Weekend
2024-02-18,Hyderabad,Cosmetics,25,6200,0,Weekend
2024-02-19,Kolkata,Electronics,21,24108,0,Weekday
2024-02-19,Kolkata,Clothing,42,16170,1,Weekday
2024-02-19,Kolkata,Groceries,52,5616,0,Weekday
2024-02-19,Kolkata,Furniture,12,71268,1,Weekday
2024-02-19,Kolkata,Cosmetics,26,7358,1,Weekday
2024-02-19,Delhi,Electronics,17,39576,0,Weekday
2024-02-19,Delhi,Clothing,42,15330,0,Weekday
2024-02-19,Delhi,Groceries,55,9790,0,Weekday
2024-02-19,Delhi,Furniture,8,26816,0,Weekday
2024-02-19,Delhi,Cosmetics,23,13271,0,Weekday
2024-02-19,Mumbai,Electronics,20,43980,0,Weekday
2024-02-19,Mumbai,Clothing,48,53904,1,Weekday
2024-02-19,Mumbai,Groceries,62,11036,0,Weekday
2024-02-19,Mumbai,Furniture,7,20958,0,Weekday
2024-02-19,Mumbai,Cosmetics,30,9540,1,Weekday
2024-02-19,Bangalore,Electronics,25,49625,0,Weekday
2024-02-19,Bangalore,Clothing,41,44649,1,Weekday
2024-02-19,Bangalore,Groceries,68,4896,0,Weekday
2024-02-19,Bangalore,Furniture,10,58290,0,Weekday
2024-02-19,Bangalore,Cosmetics,21,7392,0,Weekday
2024-02-19,Hyderabad,Electronics,23,31234,0,Weekday
2024-02-19,Hyderabad,Clothing,37,22866,0,Weekday
2024-02-19,Hyderabad,Groceries,67,11792,1,Weekday
2024-02-19,Hyderabad,Furniture,12,38460,0,Weekday
2024-02-19,Hyderabad,Cosmetics,27,16929,0,Weekday
2024-02-20,Kolkata,Electronics,32,70272,1,Weekday
2024-02-20,Kolkata,Clothing,25,21775,0,Weekday
2024-02-20,Kolkata,Groceries,58,3770,0,Weekday
2024-02-20,Kolkata,Furniture,9,27801,0,Weekday
2024-02-20,Kolkata,Cosmetics,22,15884,1,Weekday
2024-02-20,Delhi,Electronics,20,20540,0,Weekday
2024-02-20,Delhi,Clothing,41,31980,1,Weekday
2024-02-20,Delhi,Groceries,66,8778,0,Weekday
2024-02-20,Delhi,Furniture,11,51513,0,Weekday
2024-02-20,Delhi,Cosmetics,21,14721,0,Weekday
2024-02-20,Mumbai,Electronics,18,21366,1,Weekday
2024-02-20,Mumbai,Clothing,32,37792,0,Weekday
2024-02-20,Mumbai,Groceries,75,9975,0,Weekday
2024-02-20,Mumbai,Furniture,9,21537,1,Weekday
2024-02-20,Mumbai,Cosmetics,22,11990,0,Weekday
2024-02-20,Bangalore,Electronics,22,35090,0,Weekday
2024-02-20,Bangalore,Clothing,26,24648,0,Weekday
2024-02-20,Bangalore,Groceries,50,2850,0,Weekday
2024-02-20,Bangalore,Furniture,12,21840,1,Weekday
2024-02-20,Bangalore,Cosmetics,23,18009,0,Weekday
2024-02-20,Hyderabad,Electronics,13,22490,0,Weekday
2024-02-20,Hyderabad,Clothing,52,26624,1,Weekday
2024-02-20,Hyderabad,Groceries,59,11033,0,Weekday
2024-02-20,Hyderabad,Furniture,11,25322,1,Weekday
2024-02-20,Hyderabad,Cosmetics,28,11004,0,Weekday
2024-02-21,Kolkata,Electronics,25,44225,1,Weekday
2024-02-21,Kolkata,Clothing,42,24066,1,Weekday
2024-02-21,Kolkata,Groceries,66,8844,0,Weekday
2024-02-21,Kolkata,Furniture,10,44200,0,Weekday
2024-02-21,Kolkata,Cosmetics,23,13271,0,Weekday
2024-02-21,Delhi,Electronics,21,45696,0,Weekday
2024-02-21,Delhi,Clothing,37,37962,0,Weekday
2024-02-21,Delhi,Groceries,53,9275,0,Weekday
2024-02-21,Delhi,Furniture,10,36380,0,Weekday
2024-02-21,Delhi,Cosmetics,26,19812,0,Weekday
2024-02-21,Mumbai,Electronics,24,48720,0,Weekday
2024-02-21,Mumbai,Clothing,40,31200,0,Weekday
2024-02-21,Mumbai,Groceries,50,6800,0,Weekday
2024-02-21,Mumbai,Furniture,11,26158,1,Weekday
2024-02-21,Mumbai,Cosmetics,31,10075,0,Weekday
2024-02-21,Bangalore,Electronics,19,26733,0,Weekday
2024-02-21,Bangalore,Clothing,40,37520,0,Weekday
2024-02-21,Bangalore,Groceries,53,8003,0,Weekday
2024-02-21,Bangalore,Furniture,9,30762,0,Weekday
2024-02-21,Bangalore,Cosmetics,20,14160,0,Weekday
2024-02-21,Hyderabad,Electronics,18,38754,0,Weekday
2024-02-21,Hyderabad,Clothing,34,32062,0,Weekday
2024-02-21,Hyderabad,Groceries,55,8030,0,Weekday
2024-02-21,Hyderabad,Furniture,8,36664,0,Weekday
2024-02-21,Hyderabad,Cosmetics,18,6822,0,Weekday
2024-02-22,Kolkata,Electronics,25,56800,1,Weekday
2024-02-22,Kolkata,Clothing,42,14364,1,Weekday
2024-02-22,Kolkata,Groceries,77,9009,0,Weekday
2024-02-22,Kolkata,Furniture,11,52371,0,Weekday
2024-02-22,Kolkata,Cosmetics,33,11550,1,Weekday
2024-02-22,Delhi,Electronics,20,43160,1,Weekday
2024-02-22,Delhi,Clothing,44,26092,1,Weekday
2024-02-22,Delhi,Groceries,57,10488,1,Weekday
2024-02-22,Delhi,Furniture,10,33690,0,Weekday
2024-02-22,Delhi,Cosmetics,26,19266,0,Weekday
2024-02-22,Mumbai,Electronics,26,59722,1,Weekday
2024-02-22,Mumbai,Clothing,32,19488,0,Weekday
2024-02-22,Mumbai,Groceries,60,10260,0,Weekday
2024-02-22,Mumbai,Furniture,11,38423,1,Weekday
2024-02-22,Mumbai,Cosmetics,25,18825,0,Weekday
2024-02-22,Bangalore,Electronics,19,43434,0,Weekday
2024-02-22,Bangalore,Clothing,48,28560,1,Weekday
2024-02-22,Bangalore,Groceries,63,11466,0,Weekday
2024-02-22,Bangalore,Furniture,8,23728,0,Weekday
2024-02-22,Bangalore,Cosmetics,15,11820,0,Weekday
2024-02-22,Hyderabad,Electronics,22,30404,0,Weekday
2024-02-22,Hyderabad,Clothing,34,27336,1,Weekday
2024-02-22,Hyderabad,Groceries,48,8448,1,Weekday
2024-02-22,Hyderabad,Furniture,10,52060,0,Weekday
2024-02-22,Hyderabad,Cosmetics,30,4740,1,Weekday
2024-02-23,Kolkata,Electronics,22,31064,0,Weekday
2024-02-23,Kolkata,Clothing,34,28458,0,Weekday
2024-02-23,Kolkata,Groceries,55,5775,0,Weekday
2024-02-23,Kolkata,Furniture,10,51920,0,Weekday
2024-02-23,Kolkata,Cosmetics,25,8750,0,Weekday
2024-02-23,Delhi,Electronics,21,43113,0,Weekday
2024-02-23,Delhi,Clothing,31,18972,0,Weekday
2024-02-23,Delhi,Groceries,65,8450,0,Weekday
2024-02-23,Delhi,Furniture,12,37656,0,Weekday
2024-02-23,Delhi,Cosmetics,32,24160,0,Weekday
2024-02-23,Mumbai,Electronics,22,18370,0,Weekday
2024-02-23,Mumbai,Clothing,29,27811,0,Weekday
2024-02-23,Mumbai,Groceries,58,8990,1,Weekday
2024-02-23,Mumbai,Furniture,11,43153,0,Weekday
2024-02-23,Mumbai,Cosmetics,25,10475,0,Weekday
2024-02-23,Bangalore,Electronics,20,25720,0,Weekday
2024-02-23,Bangalore,Clothing,41,34317,0,Weekday
2024-02-23,Bangalore,Groceries,66,4752,0,Weekday
2024-02-23,Bangalore,Furniture,10,19330,0,Weekday
2024-02-23,Bangalore,Cosmetics,26,14300,0,Weekday
2024-02-23,Hyderabad,Electronics,15,16005,0,Weekday
2024-02-23,Hyderabad,Clothing,24,27480,0,Weekday
2024-02-23,Hyderabad,Groceries,50,2900,0,Weekday
2024-02-23,Hyderabad,Furniture,8,43728,0,Weekday
2024-02-23,Hyderabad,Cosmetics,31,14694,0,Weekday
2024-02-24,Kolkata,Electronics,22,21692,0,Weekend
2024-02-24,Kolkata,Clothing,49,57085,1,Weekend
2024-02-24,Kolkata,Groceries,60,7200,1,Weekend
2024-02-24,Kolkata,Furniture,11,36102,0,Weekend
2024-02-24,Kolkata,Cosmetics,23,13524,0,Weekend
2024-02-24,Delhi,Electronics,14,24710,0,Weekend
2024-02-24,Delhi,Clothing,37,42920,1,Weekend
2024-02-24,Delhi,Groceries,72,6840,1,Weekend
2024-02-24,Delhi,Furniture,9,16299,1,Weekend
2024-02-24,Delhi,Cosmetics,30,22080,1,Weekend
2024-02-24,Mumbai,Electronics,19,25669,0,Weekend
2024-02-24,Mumbai,Clothing,34,38114,1,Weekend
2024-02-24,Mumbai,Groceries,48,8400,0,Weekend
2024-02-24,Mumbai,Furniture,10,37360,1,Weekend
2024-02-24,Mumbai,Cosmetics,26,20098,1,Weekend
2024-02-24,Bangalore,Electronics,23,51911,0,Weekend
2024-02-24,Bangalore,Clothing,33,26961,1,Weekend
2024-02-24,Bangalore,Groceries,55,9185,0,Weekend
2024-02-24,Bangalore,Furniture,10,37870,0,Weekend
2024-02-24,Bangalore,Cosmetics,29,9802,1,Weekend
2024-02-24,Hyderabad,Electronics,21,34188,1,Weekend
2024-02-24,Hyderabad,Clothing,34,15130,0,Weekend
2024-02-24,Hyderabad,Groceries,67,13132,1,Weekend
2024-02-24,Hyderabad,Furniture,10,58650,0,Weekend
2024-02-24,Hyderabad,Cosmetics,19,12350,0,Weekend
2024-02-25,Kolkata,Electronics,27,40446,1,Weekend
2024-02-25,Kolkata,Clothing,39,20280,1,Weekend
2024-02-25,Kolkata,Groceries,60,4920,0,Weekend
2024-02-25,Kolkata,Furniture,12,33732,0,Weekend
2024-02-25,Kolkata,Cosmetics,22,5654,1,Weekend
2024-02-25,Delhi,Electronics,21,41181,1,Weekend
2024-02-25,Delhi,Clothing,51,31926,1,Weekend
2024-02-25,Delhi,Groceries,64,11456,1,Weekend
2024-02-25,Delhi,Furniture,9,48798,1,Weekend
2024-02-25,Delhi,Cosmetics,27,14229,0,Weekend
2024-02-25,Mumbai,Electronics,24,36624,1,Weekend
2024-02-25,Mumbai,Clothing,33,36630,0,Weekend
2024-02-25,Mumbai,Groceries,57,5415,0,Weekend
2024-02-25,Mumbai,Furniture,12,35568,0,Weekend
2024-02-25,Mumbai,Cosmetics,23,10902,0,Weekend
2024-02-25,Bangalore,Electronics,20,35840,1,Weekend
2024-02-25,Bangalore,Clothing,37,22052,0,Weekend
2024-02-25,Bangalore,Groceries,73,6059,1,Weekend
2024-02-25,Bangalore,Furniture,8,26384,0,Weekend
2024-02-25,Bangalore,Cosmetics,32,22624,0,Weekend
2024-02-25,Hyderabad,Electronics,21,38535,1,Weekend
2024-02-25,Hyderabad,Clothing,39,36231,0,Weekend
2024-02-25,Hyderabad,Groceries,49,9555,0,Weekend
2024-02-25,Hyderabad,Furniture,13,66339,1,Weekend
2024-02-25,Hyderabad,Cosmetics,27,14283,0,Weekend
2024-02-26,Kolkata,Electronics,22,17754,0,Weekday
2024-02-26,Kolkata,Clothing,31,27342,0,Weekday
2024-02-26,Kolkata,Groceries,64,4352,0,Weekday
2024-02-26,Kolkata,Furniture,13,39611,1,Weekday
2024-02-26,Kolkata,Cosmetics,25,5225,0,Weekday
2024-02-26,Delhi,Electronics,20,31560,1,Weekday
2024-02-26,Delhi,Clothing,36,11664,0,Weekday
2024-02-26,Delhi,Groceries,58,10150,0,Weekday
2024-02-26,Delhi,Furniture,8,26136,1,Weekday
2024-02-26,Delhi,Cosmetics,33,15411,1,Weekday
2024-02-26,Mumbai,Electronics,20,33080,0,Weekday
2024-02-26,Mumbai,Clothing,33,23034,0,Weekday
2024-02-26,Mumbai,Groceries,59,3481,0,Weekday
2024-02-26,Mumbai,Furniture,8,24696,0,Weekday
2024-02-26,Mumbai,Cosmetics,31,14105,0,Weekday
2024-02-26,Bangalore,Electronics,22,48004,0,Weekday
2024-02-26,Bangalore,Clothing,32,33568,0,Weekday
2024-02-26,Bangalore,Groceries,55,4895,1,Weekday
2024-02-26,Bangalore,Furniture,10,57080,0,Weekday
2024-02-26,Bangalore,Cosmetics,19,5377,0,Weekday
2024-02-26,Hyderabad,Electronics,25,43300,1,Weekday
2024-02-26,Hyderabad,Clothing,38,33022,0,Weekday
2024-02-26,Hyderabad,Groceries,55,5170,1,Weekday
2024-02-26,Hyderabad,Furniture,9,37458,0,Weekday
2024-02-26,Hyderabad,Cosmetics,33,5775,1,Weekday
2024-02-27,Kolkata,Electronics,25,20900,1,Weekday
2024-02-27,Kolkata,Clothing,32,18432,1,Weekday
2024-02-27,Kolkata,Groceries,70,6160,1,Weekday
2024-02-27,Kolkata,Furniture,7,29169,0,Weekday
2024-02-27,Kolkata,Cosmetics,18,9810,0,Weekday
2024-02-27,Delhi,Electronics,21,49098,0,Weekday
2024-02-27,Delhi,Clothing,34,24718,0,Weekday
2024-02-27,Delhi,Groceries,68,12240,0,Weekday
2024-02-27,Delhi,Furniture,12,68100,0,Weekday
2024-02-27,Delhi,Cosmetics,23,12420,0,Weekday
2024-02-27,Mumbai,Electronics,17,20757,0,Weekday
2024-02-27,Mumbai,Clothing,41,44895,0,Weekday
2024-02-27,Mumbai,Groceries,75,5025,0,Weekday
2024-02-27,Mumbai,Furniture,10,17390,1,Weekday
2024-02-27,Mumbai,Cosmetics,24,16872,0,Weekday
2024-02-27,Bangalore,Electronics,16,18336,0,Weekday
2024-02-27,Bangalore,Clothing,45,14265,1,Weekday
2024-02-27,Bangalore,Groceries,76,8284,0,Weekday
2024-02-27,Bangalore,Furniture,8,21240,1,Weekday
2024-02-27,Bangalore,Cosmetics,21,9177,0,Weekday
2024-02-27,Hyderabad,Electronics,17,18020,1,Weekday
2024-02-27,Hyderabad,Clothing,26,8814,0,Weekday
2024-02-27,Hyderabad,Groceries,57,4047,0,Weekday
2024-02-27,Hyderabad,Furniture,10,21390,0,Weekday
2024-02-27,Hyderabad,Cosmetics,18,4644,0,Weekday
2024-02-28,Kolkata,Electronics,22,40392,1,Weekday
2024-02-28,Kolkata,Clothing,35,36575,0,Weekday
2024-02-28,Kolkata,Groceries,67,6432,1,Weekday
2024-02-28,Kolkata,Furniture,11,35255,0,Weekday
2024-02-28,Kolkata,Cosmetics,22,9108,0,Weekday
2024-02-28,Delhi,Electronics,20,44400,1,Weekday
2024-02-28,Delhi,Clothing,33,29139,0,Weekday
2024-02-28,Delhi,Groceries,68,10812,0,Weekday
2024-02-28,Delhi,Furniture,11,33319,0,Weekday
2024-02-28,Delhi,Cosmetics,24,17016,0,Weekday
2024-02-28,Mumbai,Electronics,20,40620,0,Weekday
2024-02-28,Mumbai,Clothing,33,34485,1,Weekday
2024-02-28,Mumbai,Groceries,60,6780,0,Weekday
2024-02-28,Mumbai,Furniture,9,17406,0,Weekday
2024-02-28,Mumbai,Cosmetics,25,15825,1,Weekday
2024-02-28,Bangalore,Electronics,24,57696,1,Weekday
2024-02-28,Bangalore,Clothing,27,18333,0,Weekday
2024-02-28,Bangalore,Groceries,58,9976,1,Weekday
2024-02-28,Bangalore,Furniture,14,71386,1,Weekday
2024-02-28,Bangalore,Cosmetics,26,4706,1,Weekday
2024-02-28,Hyderabad,Electronics,17,18394,0,Weekday
2024-02-28,Hyderabad,Clothing,40,20320,0,Weekday
2024-02-28,Hyderabad,Groceries,80,5200,1,Weekday
2024-02-28,Hyderabad,Furniture,10,38650,0,Weekday
2024-02-28,Hyderabad,Cosmetics,18,11484,0,Weekday
2024-02-29,Kolkata,Electronics,18,34830,0,Weekday
2024-02-29,Kolkata,Clothing,23,13317,0,Weekday
2024-02-29,Kolkata,Groceries,66,8250,1,Weekday
2024-02-29,Kolkata,Furniture,11,53537,0,Weekday
2024-02-29,Kolkata,Cosmetics,27,19872,1,Weekday
2024-02-29,Delhi,Electronics,24,35232,0,Weekday
2024-02-29,Delhi,Clothing,43,22532,0,Weekday
2024-02-29,Delhi,Groceries,66,7788,0,Weekday
2024-02-29,Delhi,Furniture,11,54043,0,Weekday
2024-02-29,Delhi,Cosmetics,22,6094,0,Weekday
2024-02-29,Mumbai,Electronics,22,32384,1,Weekday
2024-02-29,Mumbai,Clothing,42,39186,0,Weekday
2024-02-29,Mumbai,Groceries,84,8400,1,Weekday
2024-02-29,Mumbai,Furniture,12,67152,1,Weekday
2024-02-29,Mumbai,Cosmetics,28,10584,0,Weekday
2024-02-29,Bangalore,Electronics,17,23511,0,Weekday
2024-02-29,Bangalore,Clothing,42,48888,1,Weekday
2024-02-29,Bangalore,Groceries,54,5832,0,Weekday
2024-02-29,Bangalore,Furniture,9,47034,0,Weekday
2024-02-29,Bangalore,Cosmetics,26,16120,0,Weekday
2024-02-29,Hyderabad,Electronics,14,25928,0,Weekday
2024-02-29,Hyderabad,Clothing,32,11296,1,Weekday
2024-02-29,Hyderabad,Groceries,58,10788,0,Weekday
2024-02-29,Hyderabad,Furniture,10,24140,0,Weekday
2024-02-29,Hyderabad,Cosmetics,25,14850,0,Weekday
2024-03-01,Kolkata,Electronics,27,53136,0,Weekday
2024-03-01,Kolkata,Clothing,39,26520,0,Weekday
2024-03-01,Kolkata,Groceries,57,4617,0,Weekday
2024-03-01,Kolkata,Furniture,11,18458,1,Weekday
2024-03-01,Kolkata,Cosmetics,26,7618,0,Weekday
2024-03-01,Delhi,Electronics,23,36409,1,Weekday
2024-03-01,Delhi,Clothing,19,19399,0,Weekday
2024-03-01,Delhi,Groceries,66,4422,0,Weekday
2024-03-01,Delhi,Furniture,11,55132,1,Weekday
2024-03-01,Delhi,Cosmetics,29,9918,1,Weekday
2024-03-01,Mumbai,Electronics,27,52947,1,Weekday
2024-03-01,Mumbai,Clothing,46,33810,0,Weekday
2024-03-01,Mumbai,Groceries,61,9394,0,Weekday
2024-03-01,Mumbai,Furniture,10,45910,1,Weekday
2024-03-01,Mumbai,Cosmetics,31,13485,0,Weekday
2024-03-01,Bangalore,Electronics,18,34974,0,Weekday
2024-03-01,Bangalore,Clothing,38,42218,0,Weekday
2024-03-01,Bangalore,Groceries,76,13528,0,Weekday
2024-03-01,Bangalore,Furniture,10,22630,0,Weekday
2024-03-01,Bangalore,Cosmetics,14,7336,1,Weekday
2024-03-01,Hyderabad,Electronics,19,46493,0,Weekday
2024-03-01,Hyderabad,Clothing,47,24816,1,Weekday
2024-03-01,Hyderabad,Groceries,55,6710,0,Weekday
2024-03-01,Hyderabad,Furniture,12,64368,1,Weekday
2024-03-01,Hyderabad,Cosmetics,20,12500,0,Weekday
2024-03-02,Kolkata,Electronics,18,28368,1,Weekend
2024-03-02,Kolkata,Clothing,26,27378,0,Weekend
2024-03-02,Kolkata,Groceries,63,10836,1,Weekend
2024-03-02,Kolkata,Furniture,9,24948,0,Weekend
2024-03-02,Kolkata,Cosmetics,28,18088,1,Weekend
2024-03-02,Delhi,Electronics,27,22167,0,Weekend
2024-03-02,Delhi,Clothing,41,35260,0,Weekend
2024-03-02,Delhi,Groceries,56,9632,1,Weekend
2024-03-02,Delhi,Furniture,11,43307,0,Weekend
2024-03-02,Delhi,Cosmetics,27,14013,0,Weekend
2024-03-02,Mumbai,Electronics,19,39957,1,Weekend
2024-03-02,Mumbai,Clothing,34,31620,1,Weekend
2024-03-02,Mumbai,Groceries,37,6956,0,Weekend
2024-03-02,Mumbai,Furniture,9,47916,0,Weekend
2024-03-02,Mumbai,Cosmetics,31,14694,0,Weekend
2024-03-02,Bangalore,Electronics,19,18525,0,Weekend
2024-03-02,Bangalore,Clothing,28,33264,0,Weekend
2024-03-02,Bangalore,Groceries,61,11895,1,Weekend
2024-03-02,Bangalore,Furniture,10,32420,1,Weekend
2024-03-02,Bangalore,Cosmetics,25,8525,1,Weekend
2024-03-02,Hyderabad,Electronics,26,60762,1,Weekend
2024-03-02,Hyderabad,Clothing,23,20815,0,Weekend
2024-03-02,Hyderabad,Groceries,66,5808,1,Weekend
2024-03-02,Hyderabad,Furniture,9,20727,1,Weekend
2024-03-02,Hyderabad,Cosmetics,29,23142,1,Weekend
2024-03-03,Kolkata,Electronics,16,20720,0,Weekend
2024-03-03,Kolkata,Clothing,35,14875,0,Weekend
2024-03-03,Kolkata,Groceries,50,6900,0,Weekend
2024-03-03,Kolkata,Furniture,12,54372,0,Weekend
2024-03-03,Kolkata,Cosmetics,23,6141,0,Weekend
2024-03-03,Delhi,Electronics,18,28962,0,Weekend
2024-03-03,Delhi,Clothing,31,25947,1,Weekend
2024-03-03,Delhi,Groceries,68,4148,1,Weekend
2024-03-03,Delhi,Furniture,8,24808,0,Weekend
2024-03-03,Delhi,Cosmetics,26,11856,0,Weekend
2024-03-03,Mumbai,Electronics,21,32067,0,Weekend
2024-03-03,Mumbai,Clothing,41,25748,1,Weekend
2024-03-03,Mumbai,Groceries,61,3477,0,Weekend
2024-03-03,Mumbai,Furniture,10,21580,0,Weekend
2024-03-03,Mumbai,Cosmetics,23,11684,0,Weekend
2024-03-03,Bangalore,Electronics,23,50324,1,Weekend
2024-03-03,Bangalore,Clothing,32,28928,0,Weekend
2024-03-03,Bangalore,Groceries,64,5952,1,Weekend
2024-03-03,Bangalore,Furniture,8,36152,0,Weekend
2024-03-03,Bangalore,Cosmetics,24,9936,0,Weekend
2024-03-03,Hyderabad,Electronics,20,21840,0,Weekend
2024-03-03,Hyderabad,Clothing,34,34476,0,Weekend
2024-03-03,Hyderabad,Groceries,75,6750,1,Weekend
2024-03-03,Hyderabad,Furniture,11,64383,0,Weekend
2024-03-03,Hyderabad,Cosmetics,27,10962,0,Weekend
2024-03-04,Kolkata,Electronics,13,28977,0,Weekday
2024-03-04,Kolkata,Clothing,28,13692,0,Weekday
2024-03-04,Kolkata,Groceries,61,11956,0,Weekday
2024-03-04,Kolkata,Furniture,6,27546,0,Weekday
2024-03-04,Kolkata,Cosmetics,34,17408,1,Weekday
2024-03-04,Delhi,Electronics,21,43302,1,Weekday
2024-03-04,Delhi,Clothing,44,49588,0,Weekday
2024-03-04,Delhi,Groceries,46,5888,1,Weekday
2024-03-04,Delhi,Furniture,8,18512,0,Weekday
2024-03-04,Delhi,Cosmetics,22,17424,0,Weekday
2024-03-04,Mumbai,Electronics,19,23978,0,Weekday
2024-03-04,Mumbai,Clothing,43,47816,1,Weekday
2024-03-04,Mumbai,Groceries,71,11928,1,Weekday
2024-03-04,Mumbai,Furniture,12,45516,0,Weekday
2024-03-04,Mumbai,Cosmetics,26,15496,0,Weekday
2024-03-04,Bangalore,Electronics,12,21372,0,Weekday
2024-03-04,Bangalore,Clothing,39,23946,1,Weekday
2024-03-04,Bangalore,Groceries,63,10395,1,Weekday
2024-03-04,Bangalore,Furniture,9,40356,0,Weekday
2024-03-04,Bangalore,Cosmetics,32,23968,1,Weekday
2024-03-04,Hyderabad,Electronics,16,21984,0,Weekday
2024-03-04,Hyderabad,Clothing,38,24472,0,Weekday
2024-03-04,Hyderabad,Groceries,67,10854,1,Weekday
2024-03-04,Hyderabad,Furniture,10,41910,1,Weekday
2024-03-04,Hyderabad,Cosmetics,22,16346,0,Weekday
2024-03-05,Kolkata,Electronics,19,20938,0,Weekday
2024-03-05,Kolkata,Clothing,35,15855,0,Weekday
2024-03-05,Kolkata,Groceries,62,5146,0,Weekday
2024-03-05,Kolkata,Furniture,11,40381,1,Weekday
2024-03-05,Kolkata,Cosmetics,25,5950,1,Weekday
2024-03-05,Delhi,Electronics,13,11206,0,Weekday
2024-03-05,Delhi,Clothing,30,35790,0,Weekday
2024-03-05,Delhi,Groceries,53,9646,0,Weekday
2024-03-05,Delhi,Furniture,10,48160,1,Weekday
2024-03-05,Delhi,Cosmetics,30,18750,0,Weekday
2024-03-05,Mumbai,Electronics,27,22005,1,Weekday
2024-03-05,Mumbai,Clothing,36,27072,0,Weekday
2024-03-05,Mumbai,Groceries,82,6560,1,Weekday
2024-03-05,Mumbai,Furniture,8,20872,1,Weekday
2024-03-05,Mumbai,Cosmetics,22,7678,0,Weekday
2024-03-05,Bangalore,Electronics,28,65352,1,Weekday
2024-03-05,Bangalore,Clothing,43,22403,1,Weekday
2024-03-05,Bangalore,Groceries,53,2968,0,Weekday
2024-03-05,Bangalore,Furniture,13,22360,1,Weekday
2024-03-05,Bangalore,Cosmetics,27,13392,0,Weekday
2024-03-05,Hyderabad,Electronics,24,21600,0,Weekday
2024-03-05,Hyderabad,Clothing,34,34850,0,Weekday
2024-03-05,Hyderabad,Groceries,84,5544,1,Weekday
2024-03-05,Hyderabad,Furniture,9,52668,0,Weekday
2024-03-05,Hyderabad,Cosmetics,27,4671,0,Weekday
2024-03-06,Kolkata,Electronics,19,32167,0,Weekday
2024-03-06,Kolkata,Clothing,34,20740,1,Weekday
2024-03-06,Kolkata,Groceries,62,11222,1,Weekday
2024-03-06,Kolkata,Furniture,9,32427,0,Weekday
2024-03-06,Kolkata,Cosmetics,31,14632,1,Weekday
2024-03-06,Delhi,Electronics,16,35584,0,Weekday
2024-03-06,Delhi,Clothing,36,22140,0,Weekday
2024-03-06,Delhi,Groceries,63,11781,0,Weekday
2024-03-06,Delhi,Furniture,10,18920,0,Weekday
2024-03-06,Delhi,Cosmetics,26,10868,0,Weekday
2024-03-06,Mumbai,Electronics,21,20265,0,Weekday
2024-03-06,Mumbai,Clothing,39,35217,0,Weekday
2024-03-06,Mumbai,Groceries,76,4104,1,Weekday
2024-03-06,Mumbai,Furniture,12,61908,0,Weekday
2024-03-06,Mumbai,Cosmetics,22,14234,0,Weekday
2024-03-06,Bangalore,Electronics,18,17280,0,Weekday
2024-03-06,Bangalore,Clothing,29,14471,0,Weekday
2024-03-06,Bangalore,Groceries,62,10230,0,Weekday
2024-03-06,Bangalore,Furniture,11,54450,0,Weekday
2024-03-06,Bangalore,Cosmetics,21,4662,0,Weekday
2024-03-06,Hyderabad,Electronics,24,29952,1,Weekday
2024-03-06,Hyderabad,Clothing,40,34360,0,Weekday
2024-03-06,Hyderabad,Groceries,59,10679,0,Weekday
2024-03-06,Hyderabad,Furniture,12,51480,1,Weekday
2024-03-06,Hyderabad,Cosmetics,28,13468,0,Weekday
2024-03-07,Kolkata,Electronics,25,31075,0,Weekday
2024-03-07,Kolkata,Clothing,34,14926,0,Weekday
2024-03-07,Kolkata,Groceries,61,5612,0,Weekday
2024-03-07,Kolkata,Furniture,7,37394,0,Weekday
2024-03-07,Kolkata,Cosmetics,22,10120,0,Weekday
2024-03-07,Delhi,Electronics,18,15534,1,Weekday
2024-03-07,Delhi,Clothing,37,24753,0,Weekday
2024-03-07,Delhi,Groceries,52,10088,0,Weekday
2024-03-07,Delhi,Furniture,10,38900,0,Weekday
2024-03-07,Delhi,Cosmetics,28,14336,0,Weekday
2024-03-07,Mumbai,Electronics,16,19312,0,Weekday
2024-03-07,Mumbai,Clothing,47,52217,0,Weekday
2024-03-07,Mumbai,Groceries,65,5785,0,Weekday
2024-03-07,Mumbai,Furniture,12,31428,1,Weekday
2024-03-07,Mumbai,Cosmetics,17,10914,0,Weekday
2024-03-07,Bangalore,Electronics,23,39767,1,Weekday
2024-03-07,Bangalore,Clothing,36,40644,0,Weekday
2024-03-07,Bangalore,Groceries,95,14155,1,Weekday
2024-03-07,Bangalore,Furniture,11,36872,0,Weekday
2024-03-07,Bangalore,Cosmetics,32,17824,1,Weekday
2024-03-07,Hyderabad,Electronics,24,25104,0,Weekday
2024-03-07,Hyderabad,Clothing,33,12276,1,Weekday
2024-03-07,Hyderabad,Groceries,47,4371,0,Weekday
2024-03-07,Hyderabad,Furniture,10,24930,0,Weekday
2024-03-07,Hyderabad,Cosmetics,34,26622,1,Weekday
2024-03-08,Kolkata,Electronics,21,17094,0,Weekday
2024-03-08,Kolkata,Clothing,32,28448,0,Weekday
2024-03-08,Kolkata,Groceries,51,5916,0,Weekday
2024-03-08,Kolkata,Furniture,11,37114,0,Weekday
2024-03-08,Kolkata,Cosmetics,27,4752,0,Weekday
2024-03-08,Delhi,Electronics,18,27036,0,Weekday
2024-03-08,Delhi,Clothing,36,12708,0,Weekday
2024-03-08,Delhi,Groceries,54,5832,0,Weekday
2024-03-08,Delhi,Furniture,9,30744,0,Weekday
2024-03-08,Delhi,Cosmetics,28,16324,0,Weekday
2024-03-08,Mumbai,Electronics,18,41382,0,Weekday
2024-03-08,Mumbai,Clothing,39,42042,1,Weekday
2024-03-08,Mumbai,Groceries,69,5451,1,Weekday
2024-03-08,Mumbai,Furniture,10,54040,0,Weekday
2024-03-08,Mumbai,Cosmetics,33,19866,0,Weekday
2024-03-08,Bangalore,Electronics,27,42849,0,Weekday
2024-03-08,Bangalore,Clothing,32,16160,0,Weekday
2024-03-08,Bangalore,Groceries,61,4697,0,Weekday
2024-03-08,Bangalore,Furniture,14,56028,1,Weekday
2024-03-08,Bangalore,Cosmetics,19,13737,0,Weekday
2024-03-08,Hyderabad,Electronics,24,42384,0,Weekday
2024-03-08,Hyderabad,Clothing,33,22209,0,Weekday
2024-03-08,Hyderabad,Groceries,74,7696,1,Weekday
2024-03-08,Hyderabad,Furniture,13,69654,1,Weekday
2024-03-08,Hyderabad,Cosmetics,22,5060,0,Weekday
2024-03-09,Kolkata,Electronics,23,27140,0,Weekend
2024-03-09,Kolkata,Clothing,39,14586,0,Weekend
2024-03-09,Kolkata,Groceries,65,12220,0,Weekend
2024-03-09,Kolkata,Furniture,9,46800,0,Weekend
2024-03-09,Kolkata,Cosmetics,23,8740,0,Weekend
2024-03-09,Delhi,Electronics,14,16044,0,Weekend
2024-03-09,Delhi,Clothing,37,37296,0,Weekend
2024-03-09,Delhi,Groceries,74,7178,0,Weekend
2024-03-09,Delhi,Furniture,11,24882,0,Weekend
2024-03-09,Delhi,Cosmetics,23,11615,1,Weekend
2024-03-09,Mumbai,Electronics,17,41004,0,Weekend
2024-03-09,Mumbai,Clothing,45,28485,1,Weekend
2024-03-09,Mumbai,Groceries,46,7498,0,Weekend
2024-03-09,Mumbai,Furniture,12,49968,0,Weekend
2024-03-09,Mumbai,Cosmetics,25,15650,0,Weekend
2024-03-09,Bangalore,Electronics,20,48460,0,Weekend
2024-03-09,Bangalore,Clothing,28,21896,0,Weekend
2024-03-09,Bangalore,Groceries,75,13425,0,Weekend
2024-03-09,Bangalore,Furniture,8,30968,0,Weekend
2024-03-09,Bangalore,Cosmetics,32,22848,1,Weekend
2024-03-09,Hyderabad,Electronics,17,30022,0,Weekend
2024-03-09,Hyderabad,Clothing,39,45279,1,Weekend
2024-03-09,Hyderabad,Groceries,71,8591,1,Weekend
2024-03-09,Hyderabad,Furniture,11,43318,1,Weekend
2024-03-09,Hyderabad,Cosmetics,24,12408,1,Weekend
2024-03-10,Kolkata,Electronics,16,38800,1,Weekend
2024-03-10,Kolkata,Clothing,38,39482,0,Weekend
2024-03-10,Kolkata,Groceries,55,4070,0,Weekend
2024-03-10,Kolkata,Furniture,9,43893,0,Weekend
2024-03-10,Kolkata,Cosmetics,27,6480,1,Weekend
2024-03-10,Delhi,Electronics,25,40200,1,Weekend
2024-03-10,Delhi,Clothing,33,20889,0,Weekend
2024-03-10,Delhi,Groceries,72,4464,1,Weekend
2024-03-10,Delhi,Furniture,10,21740,0,Weekend
2024-03-10,Delhi,Cosmetics,19,5396,0,Weekend
2024-03-10,Mumbai,Electronics,20,36800,0,Weekend
2024-03-10,Mumbai,Clothing,40,35480,1,Weekend
2024-03-10,Mumbai,Groceries,66,3960,1,Weekend
2024-03-10,Mumbai,Furniture,10,40420,0,Weekend
2024-03-10,Mumbai,Cosmetics,24,9096,0,Weekend
2024-03-10,Bangalore,Electronics,16,29264,0,Weekend
2024-03-10,Bangalore,Clothing,34,30736,1,Weekend
2024-03-10,Bangalore,Groceries,59,3068,1,Weekend
2024-03-10,Bangalore,Furniture,10,59320,0,Weekend
2024-03-10,Bangalore,Cosmetics,29,18589,1,Weekend
2024-03-10,Hyderabad,Electronics,17,33745,0,Weekend
2024-03-10,Hyderabad,Clothing,24,14880,0,Weekend
2024-03-10,Hyderabad,Groceries,70,9170,1,Weekend
2024-03-10,Hyderabad,Furniture,9,45639,0,Weekend
2024-03-10,Hyderabad,Cosmetics,22,9174,0,Weekend
2024-03-11,Kolkata,Electronics,21,30954,0,Weekday
2024-03-11,Kolkata,Clothing,39,34554,1,Weekday
2024-03-11,Kolkata,Groceries,73,14308,1,Weekday
2024-03-11,Kolkata,Furniture,8,36632,0,Weekday
2024-03-11,Kolkata,Cosmetics,16,9120,0,Weekday
2024-03-11,Delhi,Electronics,23,50117,0,Weekday
2024-03-11,Delhi,Clothing,44,30052,0,Weekday
2024-03-11,Delhi,Groceries,54,9504,0,Weekday
2024-03-11,Delhi,Furniture,11,64009,0,Weekday
2024-03-11,Delhi,Cosmetics,21,4221,0,Weekday
2024-03-11,Mumbai,Electronics,20,27880,1,Weekday
2024-03-11,Mumbai,Clothing,30,30600,0,Weekday
2024-03-11,Mumbai,Groceries,53,5883,0,Weekday
2024-03-11,Mumbai,Furniture,9,46638,0,Weekday
2024-03-11,Mumbai,Cosmetics,21,4620,0,Weekday
2024-03-11,Bangalore,Electronics,27,63018,0,Weekday
2024-03-11,Bangalore,Clothing,33,38874,0,Weekday
2024-03-11,Bangalore,Groceries,61,7991,1,Weekday
2024-03-11,Bangalore,Furniture,11,64647,1,Weekday
2024-03-11,Bangalore,Cosmetics,25,10850,1,Weekday
2024-03-11,Hyderabad,Electronics,22,49632,0,Weekday
2024-03-11,Hyderabad,Clothing,40,46200,0,Weekday
2024-03-11,Hyderabad,Groceries,56,7448,0,Weekday
2024-03-11,Hyderabad,Furniture,12,40248,0,Weekday
2024-03-11,Hyderabad,Cosmetics,28,18200,0,Weekday
2024-03-12,Kolkata,Electronics,27,34344,0,Weekday
2024-03-12,Kolkata,Clothing,34,26860,0,Weekday
2024-03-12,Kolkata,Groceries,68,8364,1,Weekday
2024-03-12,Kolkata,Furniture,10,40430,0,Weekday
2024-03-12,Kolkata,Cosmetics,20,10360,1,Weekday
2024-03-12,Delhi,Electronics,18,24408,0,Weekday
2024-03-12,Delhi,Clothing,43,19823,0,Weekday
2024-03-12,Delhi,Groceries,66,12540,0,Weekday
2024-03-12,Delhi,Furniture,8,32944,0,Weekday
2024-03-12,Delhi,Cosmetics,31,13578,1,Weekday
2024-03-12,Mumbai,Electronics,13,22555,0,Weekday
2024-03-12,Mumbai,Clothing,35,16625,0,Weekday
2024-03-12,Mumbai,Groceries,62,6262,1,Weekday
2024-03-12,Mumbai,Furniture,11,17171,1,Weekday
2024-03-12,Mumbai,Cosmetics,28,19880,0,Weekday
2024-03-12,Bangalore,Electronics,23,50784,0,Weekday
2024-03-12,Bangalore,Clothing,34,29478,0,Weekday
2024-03-12,Bangalore,Groceries,86,11438,1,Weekday
2024-03-12,Bangalore,Furniture,9,24480,0,Weekday
2024-03-12,Bangalore,Cosmetics,21,5565,0,Weekday
2024-03-12,Hyderabad,Electronics,20,31880,0,Weekday
2024-03-12,Hyderabad,Clothing,26,23712,0,Weekday
2024-03-12,Hyderabad,Groceries,57,4503,1,Weekday
2024-03-12,Hyderabad,Furniture,11,39072,1,Weekday
2024-03-12,Hyderabad,Cosmetics,21,7875,0,Weekday
2024-03-13,Kolkata,Electronics,23,46506,1,Weekday
2024-03-13,Kolkata,Clothing,44,44484,1,Weekday
2024-03-13,Kolkata,Groceries,65,7605,0,Weekday
2024-03-13,Kolkata,Furniture,9,44712,0,Weekday
2024-03-13,Kolkata,Cosmetics,28,5628,0,Weekday
2024-03-13,Delhi,Electronics,16,18160,1,Weekday
2024-03-13,Delhi,Clothing,34,12614,0,Weekday
2024-03-13,Delhi,Groceries,48,8016,0,Weekday
2024-03-13,Delhi,Furniture,8,46832,0,Weekday
2024-03-13,Delhi,Cosmetics,20,8440,0,Weekday
2024-03-13,Mumbai,Electronics,16,28816,1,Weekday
2024-03-13,Mumbai,Clothing,31,19003,0,Weekday
2024-03-13,Mumbai,Groceries,51,7242,1,Weekday
2024-03-13,Mumbai,Furniture,9,27828,0,Weekday
2024-03-13,Mumbai,Cosmetics,21,10626,0,Weekday
2024-03-13,Bangalore,Electronics,18,34776,0,Weekday
2024-03-13,Bangalore,Clothing,28,11900,0,Weekday
2024-03-13,Bangalore,Groceries,67,12931,0,Weekday
2024-03-13,Bangalore,Furniture,11,21109,1,Weekday
2024-03-13,Bangalore,Cosmetics,23,17963,0,Weekday
2024-03-13,Hyderabad,Electronics,22,48928,1,Weekday
2024-03-13,Hyderabad,Clothing,33,23034,0,Weekday
2024-03-13,Hyderabad,Groceries,70,4550,1,Weekday
2024-03-13,Hyderabad,Furniture,12,50100,1,Weekday
2024-03-13,Hyderabad,Cosmetics,25,13525,0,Weekday
2024-03-14,Kolkata,Electronics,21,51387,0,Weekday
2024-03-14,Kolkata,Clothing,37,30525,1,Weekday
2024-03-14,Kolkata,Groceries,73,13359,0,Weekday
2024-03-14,Kolkata,Furniture,6,22416,0,Weekday
2024-03-14,Kolkata,Cosmetics,25,5650,0,Weekday
2024-03-14,Delhi,Electronics,27,21654,1,Weekday
2024-03-14,Delhi,Clothing,30,33840,0,Weekday
2024-03-14,Delhi,Groceries,57,9747,0,Weekday
2024-03-14,Delhi,Furniture,9,29547,0,Weekday
2024-03-14,Delhi,Cosmetics,27,16821,0,Weekday
2024-03-14,Mumbai,Electronics,20,35180,1,Weekday
2024-03-14,Mumbai,Clothing,42,33138,1,Weekday
2024-03-14,Mumbai,Groceries,61,10187,1,Weekday
2024-03-14,Mumbai,Furniture,10,57970,0,Weekday
2024-03-14,Mumbai,Cosmetics,30,23100,0,Weekday
2024-03-14,Bangalore,Electronics,24,39552,0,Weekday
2024-03-14,Bangalore,Clothing,34,24004,0,Weekday
2024-03-14,Bangalore,Groceries,69,11937,0,Weekday
2024-03-14,Bangalore,Furniture,8,16264,0,Weekday
2024-03-14,Bangalore,Cosmetics,26,5980,0,Weekday
2024-03-14,Hyderabad,Electronics,21,47733,1,Weekday
2024-03-14,Hyderabad,Clothing,37,43253,0,Weekday
2024-03-14,Hyderabad,Groceries,42,6636,0,Weekday
2024-03-14,Hyderabad,Furniture,11,59004,0,Weekday
2024-03-14,Hyderabad,Cosmetics,24,13656,0,Weekday
2024-03-15,Kolkata,Electronics,21,31269,0,Weekday
2024-03-15,Kolkata,Clothing,37,33374,0,Weekday
2024-03-15,Kolkata,Groceries,64,12416,0,Weekday
2024-03-15,Kolkata,Furniture,8,34288,0,Weekday
2024-03-15,Kolkata,Cosmetics,25,12050,0,Weekday
2024-03-15,Delhi,Electronics,21,42042,0,Weekday
2024-03-15,Delhi,Clothing,32,34656,0,Weekday
2024-03-15,Delhi,Groceries,53,8692,0,Weekday
2024-03-15,Delhi,Furniture,11,19932,1,Weekday
2024-03-15,Delhi,Cosmetics,23,4209,0,Weekday
2024-03-15,Mumbai,Electronics,22,26928,0,Weekday
2024-03-15,Mumbai,Clothing,34,12512,1,Weekday
2024-03-15,Mumbai,Groceries,47,9024,1,Weekday
2024-03-15,Mumbai,Furniture,9,26397,0,Weekday
2024-03-15,Mumbai,Cosmetics,27,7911,0,Weekday
2024-03-15,Bangalore,Electronics,25,37875,1,Weekday
2024-03-15,Bangalore,Clothing,40,39480,1,Weekday
2024-03-15,Bangalore,Groceries,65,10985,1,Weekday
2024-03-15,Bangalore,Furniture,9,18432,0,Weekday
2024-03-15,Bangalore,Cosmetics,24,17568,0,Weekday
2024-03-15,Hyderabad,Electronics,22,19008,0,Weekday
2024-03-15,Hyderabad,Clothing,33,13398,0,Weekday
2024-03-15,Hyderabad,Groceries,53,6572,0,Weekday
2024-03-15,Hyderabad,Furniture,10,35660,1,Weekday
2024-03-15,Hyderabad,Cosmetics,25,11850,0,Weekday
2024-03-16,Kolkata,Electronics,18,22698,0,Weekend
2024-03-16,Kolkata,Clothing,29,28913,0,Weekend
2024-03-16,Kolkata,Groceries,72,10368,0,Weekend
2024-03-16,Kolkata,Furniture,12,41328,1,Weekend
2024-03-16,Kolkata,Cosmetics,16,3488,0,Weekend
2024-03-16,Delhi,Electronics,21,39606,0,Weekend
2024-03-16,Delhi,Clothing,30,24090,0,Weekend
2024-03-16,Delhi,Groceries,59,9145,1,Weekend
2024-03-16,Delhi,Furniture,8,17424,0,Weekend
2024-03-16,Delhi,Cosmetics,27,18846,0,Weekend
2024-03-16,Mumbai,Electronics,19,17955,0,Weekend
2024-03-16,Mumbai,Clothing,42,37128,0,Weekend
2024-03-16,Mumbai,Groceries,67,12998,0,Weekend
2024-03-16,Mumbai,Furniture,8,37424,0,Weekend
2024-03-16,Mumbai,Cosmetics,28,9520,1,Weekend
2024-03-16,Bangalore,Electronics,24,37704,0,Weekend
2024-03-16,Bangalore,Clothing,29,27289,1,Weekend
2024-03-16,Bangalore,Groceries,66,12342,0,Weekend
2024-03-16,Bangalore,Furniture,13,70720,1,Weekend
2024-03-16,Bangalore,Cosmetics,29,21547,0,Weekend
2024-03-16,Hyderabad,Electronics,18,41778,0,Weekend
2024-03-16,Hyderabad,Clothing,45,24165,0,Weekend
2024-03-16,Hyderabad,Groceries,67,12194,1,Weekend
2024-03-16,Hyderabad,Furniture,7,32634,0,Weekend
2024-03-16,Hyderabad,Cosmetics,25,7500,1,Weekend
2024-03-17,Kolkata,Electronics,23,29348,1,Weekend
2024-03-17,Kolkata,Clothing,40,23360,0,Weekend
2024-03-17,Kolkata,Groceries,60,3840,0,Weekend
2024-03-17,Kolkata,Furniture,16,85072,1,Weekend
2024-03-17,Kolkata,Cosmetics,30,21600,1,Weekend
2024-03-17,Delhi,Electronics,24,29088,0,Weekend
2024-03-17,Delhi,Clothing,38,43776,1,Weekend
2024-03-17,Delhi,Groceries,68,4352,1,Weekend
2024-03-17,Delhi,Furniture,12,45360,1,Weekend
2024-03-17,Delhi,Cosmetics,27,12474,1,Weekend
2024-03-17,Mumbai,Electronics,22,50204,0,Weekend
2024-03-17,Mumbai,Clothing,25,21700,0,Weekend
2024-03-17,Mumbai,Groceries,56,3416,0,Weekend
2024-03-17,Mumbai,Furniture,11,44066,0,Weekend
2024-03-17,Mumbai,Cosmetics,28,18844,1,Weekend
2024-03-17,Bangalore,Electronics,24,56424,1,Weekend
2024-03-17,Bangalore,Clothing,34,15300,0,Weekend
2024-03-17,Bangalore,Groceries,47,3995,0,Weekend
2024-03-17,Bangalore,Furniture,8,47544,0,Weekend
2024-03-17,Bangalore,Cosmetics,18,9810,0,Weekend
2024-03-17,Hyderabad,Electronics,21,37674,1,Weekend
2024-03-17,Hyderabad,Clothing,33,18777,0,Weekend
2024-03-17,Hyderabad,Groceries,46,3864,0,Weekend
2024-03-17,Hyderabad,Furniture,7,31647,1,Weekend
2024-03-17,Hyderabad,Cosmetics,20,11860,0,Weekend
2024-03-18,Kolkata,Electronics,17,31484,0,Weekday
2024-03-18,Kolkata,Clothing,40,18840,0,Weekday
2024-03-18,Kolkata,Groceries,60,11820,0,Weekday
2024-03-18,Kolkata,Furniture,8,20960,1,Weekday
2024-03-18,Kolkata,Cosmetics,28,17304,0,Weekday
2024-03-18,Delhi,Electronics,14,15750,0,Weekday
2024-03-18,Delhi,Clothing,32,11520,1,Weekday
2024-03-18,Delhi,Groceries,55,8965,0,Weekday
2024-03-18,Delhi,Furniture,7,30681,0,Weekday
2024-03-18,Delhi,Cosmetics,24,17544,0,Weekday
2024-03-18,Mumbai,Electronics,16,35472,0,Weekday
2024-03-18,Mumbai,Clothing,37,12210,1,Weekday
2024-03-18,Mumbai,Groceries,50,3850,0,Weekday
2024-03-18,Mumbai,Furniture,11,58080,0,Weekday
2024-03-18,Mumbai,Cosmetics,26,13182,0,Weekday
2024-03-18,Bangalore,Electronics,17,39746,0,Weekday
2024-03-18,Bangalore,Clothing,28,28504,0,Weekday
2024-03-18,Bangalore,Groceries,45,6660,0,Weekday
2024-03-18,Bangalore,Furniture,9,38907,0,Weekday
2024-03-18,Bangalore,Cosmetics,25,18350,0,Weekday
2024-03-18,Hyderabad,Electronics,24,43488,1,Weekday
2024-03-18,Hyderabad,Clothing,37,41070,0,Weekday
2024-03-18,Hyderabad,Groceries,73,9198,1,Weekday
2024-03-18,Hyderabad,Furniture,10,29720,0,Weekday
2024-03-18,Hyderabad,Cosmetics,15,9795,0,Weekday
2024-03-19,Kolkata,Electronics,22,27632,0,Weekday
2024-03-19,Kolkata,Clothing,39,28314,0,Weekday
2024-03-19,Kolkata,Groceries,87,9831,1,Weekday
2024-03-19,Kolkata,Furniture,12,47808,1,Weekday
2024-03-19,Kolkata,Cosmetics,23,7498,0,Weekday
2024-03-19,Delhi,Electronics,14,25354,0,Weekday
2024-03-19,Delhi,Clothing,30,9000,0,Weekday
2024-03-19,Delhi,Groceries,79,12087,1,Weekday
2024-03-19,Delhi,Furniture,8,14360,0,Weekday
2024-03-19,Delhi,Cosmetics,27,16254,1,Weekday
2024-03-19,Mumbai,Electronics,20,36060,0,Weekday
2024-03-19,Mumbai,Clothing,47,23218,1,Weekday
2024-03-19,Mumbai,Groceries,50,7350,0,Weekday
2024-03-19,Mumbai,Furniture,11,30998,0,Weekday
2024-03-19,Mumbai,Cosmetics,23,6785,0,Weekday
2024-03-19,Bangalore,Electronics,21,36078,0,Weekday
2024-03-19,Bangalore,Clothing,35,33845,0,Weekday
2024-03-19,Bangalore,Groceries,58,4002,0,Weekday
2024-03-19,Bangalore,Furniture,7,21441,0,Weekday
2024-03-19,Bangalore,Cosmetics,25,11550,0,Weekday
2024-03-19,Hyderabad,Electronics,21,39060,1,Weekday
2024-03-19,Hyderabad,Clothing,31,14787,0,Weekday
2024-03-19,Hyderabad,Groceries,64,8960,0,Weekday
2024-03-19,Hyderabad,Furniture,9,28422,0,Weekday
2024-03-19,Hyderabad,Cosmetics,32,9984,1,Weekday
2024-03-20,Kolkata,Electronics,19,39672,0,Weekday
2024-03-20,Kolkata,Clothing,35,38710,0,Weekday
2024-03-20,Kolkata,Groceries,63,8694,0,Weekday
2024-03-20,Kolkata,Furniture,10,50210,0,Weekday
2024-03-20,Kolkata,Cosmetics,22,15642,1,Weekday
2024-03-20,Delhi,Electronics,26,31252,1,Weekday
2024-03-20,Delhi,Clothing,39,24141,0,Weekday
2024-03-20,Delhi,Groceries,50,8900,0,Weekday
2024-03-20,Delhi,Furniture,9,46161,0,Weekday
2024-03-20,Delhi,Cosmetics,26,16172,1,Weekday
2024-03-20,Mumbai,Electronics,17,39185,0,Weekday
2024-03-20,Mumbai,Clothing,29,32393,0,Weekday
2024-03-20,Mumbai,Groceries,64,11264,1,Weekday
2024-03-20,Mumbai,Furniture,10,38560,0,Weekday
2024-03-20,Mumbai,Cosmetics,28,14448,0,Weekday
2024-03-20,Bangalore,Electronics,20,23220,0,Weekday
2024-03-20,Bangalore,Clothing,25,26550,0,Weekday
2024-03-20,Bangalore,Groceries,47,6674,0,Weekday
2024-03-20,Bangalore,Furniture,11,27016,0,Weekday
2024-03-20,Bangalore,Cosmetics,37,23569,1,Weekday
2024-03-20,Hyderabad,Electronics,20,35780,0,Weekday
2024-03-20,Hyderabad,Clothing,45,43335,1,Weekday
2024-03-20,Hyderabad,Groceries,60,10920,0,Weekday
2024-03-20,Hyderabad,Furniture,10,44280,0,Weekday
2024-03-20,Hyderabad,Cosmetics,29,10817,0,Weekday
2024-03-21,Kolkata,Electronics,17,39406,0,Weekday
2024-03-21,Kolkata,Clothing,37,32856,0,Weekday
2024-03-21,Kolkata,Groceries,60,7020,0,Weekday
2024-03-21,Kolkata,Furniture,11,24926,1,Weekday
2024-03-21,Kolkata,Cosmetics,23,17319,0,Weekday
2024-03-21,Delhi,Electronics,19,19551,0,Weekday
2024-03-21,Delhi,Clothing,36,22860,0,Weekday
2024-03-21,Delhi,Groceries,72,10008,0,Weekday
2024-03-21,Delhi,Furniture,8,39928,0,Weekday
2024-03-21,Delhi,Cosmetics,19,4826,0,Weekday
2024-03-21,Mumbai,Electronics,18,37116,0,Weekday
2024-03-21,Mumbai,Clothing,24,22536,0,Weekday
2024-03-21,Mumbai,Groceries,47,8601,0,Weekday
2024-03-21,Mumbai,Furniture,11,49775,0,Weekday
2024-03-21,Mumbai,Cosmetics,26,14690,1,Weekday
2024-03-21,Bangalore,Electronics,20,31840,0,Weekday
2024-03-21,Bangalore,Clothing,33,19140,0,Weekday
2024-03-21,Bangalore,Groceries,86,10234,0,Weekday
2024-03-21,Bangalore,Furniture,12,21060,1,Weekday
2024-03-21,Bangalore,Cosmetics,25,6875,0,Weekday
2024-03-21,Hyderabad,Electronics,22,28072,0,Weekday
2024-03-21,Hyderabad,Clothing,45,22680,1,Weekday
2024-03-21,Hyderabad,Groceries,49,7154,0,Weekday
2024-03-21,Hyderabad,Furniture,10,57740,0,Weekday
2024-03-21,Hyderabad,Cosmetics,24,12816,0,Weekday
2024-03-22,Kolkata,Electronics,20,39920,0,Weekday
2024-03-22,Kolkata,Clothing,30,9480,0,Weekday
2024-03-22,Kolkata,Groceries,55,7425,0,Weekday
2024-03-22,Kolkata,Furniture,11,44880,0,Weekday
2024-03-22,Kolkata,Cosmetics,33,5445,1,Weekday
2024-03-22,Delhi,Electronics,15,21765,0,Weekday
2024-03-22,Delhi,Clothing,48,17376,0,Weekday
2024-03-22,Delhi,Groceries,57,3933,0,Weekday
2024-03-22,Delhi,Furniture,12,38748,0,Weekday
2024-03-22,Delhi,Cosmetics,32,17088,0,Weekday
2024-03-22,Mumbai,Electronics,18,15804,0,Weekday
2024-03-22,Mumbai,Clothing,42,46872,1,Weekday
2024-03-22,Mumbai,Groceries,68,5236,0,Weekday
2024-03-22,Mumbai,Furniture,8,17120,0,Weekday
2024-03-22,Mumbai,Cosmetics,24,15864,1,Weekday
2024-03-22,Bangalore,Electronics,20,34820,1,Weekday
2024-03-22,Bangalore,Clothing,24,13152,0,Weekday
2024-03-22,Bangalore,Groceries,56,8568,0,Weekday
2024-03-22,Bangalore,Furniture,13,60996,1,Weekday
2024-03-22,Bangalore,Cosmetics,23,7590,0,Weekday
2024-03-22,Hyderabad,Electronics,19,30267,1,Weekday
2024-03-22,Hyderabad,Clothing,27,19035,0,Weekday
2024-03-22,Hyderabad,Groceries,61,10309,0,Weekday
2024-03-22,Hyderabad,Furniture,8,44440,0,Weekday
2024-03-22,Hyderabad,Cosmetics,23,4554,0,Weekday
2024-03-23,Kolkata,Electronics,21,49539,0,Weekend
2024-03-23,Kolkata,Clothing,43,29498,1,Weekend
2024-03-23,Kolkata,Groceries,66,3762,1,Weekend
2024-03-23,Kolkata,Furniture,11,33110,0,Weekend
2024-03-23,Kolkata,Cosmetics,25,13350,0,Weekend
2024-03-23,Delhi,Electronics,24,21504,1,Weekend
2024-03-23,Delhi,Clothing,29,14036,0,Weekend
2024-03-23,Delhi,Groceries,68,7820,1,Weekend
2024-03-23,Delhi,Furniture,8,27368,1,Weekend
2024-03-23,Delhi,Cosmetics,26,5174,0,Weekend
2024-03-23,Mumbai,Electronics,14,30702,0,Weekend
2024-03-23,Mumbai,Clothing,33,11022,1,Weekend
2024-03-23,Mumbai,Groceries,53,4558,1,Weekend
2024-03-23,Mumbai,Furniture,11,21153,1,Weekend
2024-03-23,Mumbai,Cosmetics,25,14825,0,Weekend
2024-03-23,Bangalore,Electronics,21,19425,1,Weekend
2024-03-23,Bangalore,Clothing,33,10032,0,Weekend
2024-03-23,Bangalore,Groceries,57,4332,0,Weekend
2024-03-23,Bangalore,Furniture,11,33341,1,Weekend
2024-03-23,Bangalore,Cosmetics,20,6920,1,Weekend
2024-03-23,Hyderabad,Electronics,21,17724,0,Weekend
2024-03-23,Hyderabad,Clothing,35,11900,0,Weekend
2024-03-23,Hyderabad,Groceries,47,4371,0,Weekend
2024-03-23,Hyderabad,Furniture,10,23860,0,Weekend
2024-03-23,Hyderabad,Cosmetics,19,11001,0,Weekend
2024-03-24,Kolkata,Electronics,27,31509,1,Weekend
2024-03-24,Kolkata,Clothing,18,7002,0,Weekend
2024-03-24,Kolkata,Groceries,49,9751,0,Weekend
2024-03-24,Kolkata,Furniture,10,49600,1,Weekend
2024-03-24,Kolkata,Cosmetics,28,5320,0,Weekend
2024-03-24,Delhi,Electronics,25,28050,0,Weekend
2024-03-24,Delhi,Clothing,30,34860,0,Weekend
2024-03-24,Delhi,Groceries,67,9045,0,Weekend
2024-03-24,Delhi,Furniture,11,40282,1,Weekend
2024-03-24,Delhi,Cosmetics,24,10824,0,Weekend
2024-03-24,Mumbai,Electronics,22,28182,1,Weekend
2024-03-24,Mumbai,Clothing,25,12050,0,Weekend
2024-03-24,Mumbai,Groceries,41,7954,0,Weekend
2024-03-24,Mumbai,Furniture,10,34490,0,Weekend
2024-03-24,Mumbai,Cosmetics,24,18432,0,Weekend
2024-03-24,Bangalore,Electronics,17,23069,1,Weekend
2024-03-24,Bangalore,Clothing,40,44400,0,Weekend
2024-03-24,Bangalore,Groceries,61,10126,0,Weekend
2024-03-24,Bangalore,Furniture,8,19296,0,Weekend
2024-03-24,Bangalore,Cosmetics,21,10542,0,Weekend
2024-03-24,Hyderabad,Electronics,18,19818,0,Weekend
2024-03-24,Hyderabad,Clothing,42,33936,0,Weekend
2024-03-24,Hyderabad,Groceries,81,10449,1,Weekend
2024-03-24,Hyderabad,Furniture,7,25963,0,Weekend
2024-03-24,Hyderabad,Cosmetics,20,10840,0,Weekend
2024-03-25,Kolkata,Electronics,22,47894,0,Weekday
2024-03-25,Kolkata,Clothing,46,17250,1,Weekday
2024-03-25,Kolkata,Groceries,49,4214,0,Weekday
2024-03-25,Kolkata,Furniture,16,92672,1,Weekday
2024-03-25,Kolkata,Cosmetics,25,17025,0,Weekday
2024-03-25,Delhi,Electronics,16,28544,0,Weekday
2024-03-25,Delhi,Clothing,35,40320,0,Weekday
2024-03-25,Delhi,Groceries,59,8732,0,Weekday
2024-03-25,Delhi,Furniture,7,14735,0,Weekday
2024-03-25,Delhi,Cosmetics,28,9772,0,Weekday
2024-03-25,Mumbai,Electronics,17,19057,1,Weekday
2024-03-25,Mumbai,Clothing,35,26845,0,Weekday
2024-03-25,Mumbai,Groceries,70,9590,0,Weekday
2024-03-25,Mumbai,Furniture,10,31180,0,Weekday
2024-03-25,Mumbai,Cosmetics,22,4048,0,Weekday
2024-03-25,Bangalore,Electronics,22,43692,0,Weekday
2024-03-25,Bangalore,Clothing,30,23820,0,Weekday
2024-03-25,Bangalore,Groceries,46,6992,0,Weekday
2024-03-25,Bangalore,Furniture,9,53064,0,Weekday
2024-03-25,Bangalore,Cosmetics,30,8850,0,Weekday
2024-03-25,Hyderabad,Electronics,20,40280,0,Weekday
2024-03-25,Hyderabad,Clothing,30,35400,0,Weekday
2024-03-25,Hyderabad,Groceries,58,10556,0,Weekday
2024-03-25,Hyderabad,Furniture,10,38280,0,Weekday
2024-03-25,Hyderabad,Cosmetics,32,9632,0,Weekday
2024-03-26,Kolkata,Electronics,17,34884,0,Weekday
2024-03-26,Kolkata,Clothing,42,31962,0,Weekday
2024-03-26,Kolkata,Groceries,56,3136,0,Weekday
2024-03-26,Kolkata,Furniture,10,57310,0,Weekday
2024-03-26,Kolkata,Cosmetics,20,11880,0,Weekday
2024-03-26,Delhi,Electronics,25,39775,1,Weekday
2024-03-26,Delhi,Clothing,36,34056,0,Weekday
2024-03-26,Delhi,Groceries,78,11934,1,Weekday
2024-03-26,Delhi,Furniture,8,44624,0,Weekday
2024-03-26,Delhi,Cosmetics,23,14398,0,Weekday
2024-03-26,Mumbai,Electronics,23,20194,0,Weekday
2024-03-26,Mumbai,Clothing,37,37333,0,Weekday
2024-03-26,Mumbai,Groceries,58,4930,0,Weekday
2024-03-26,Mumbai,Furniture,10,55510,0,Weekday
2024-03-26,Mumbai,Cosmetics,30,6750,1,Weekday
2024-03-26,Bangalore,Electronics,18,43668,0,Weekday
2024-03-26,Bangalore,Clothing,38,36518,0,Weekday
2024-03-26,Bangalore,Groceries,53,5035,0,Weekday
2024-03-26,Bangalore,Furniture,9,47691,1,Weekday
2024-03-26,Bangalore,Cosmetics,17,13056,0,Weekday
2024-03-26,Hyderabad,Electronics,17,34646,1,Weekday
2024-03-26,Hyderabad,Clothing,35,38570,0,Weekday
2024-03-26,Hyderabad,Groceries,78,10842,1,Weekday
2024-03-26,Hyderabad,Furniture,9,48834,0,Weekday
2024-03-26,Hyderabad,Cosmetics,23,17250,0,Weekday
2024-03-27,Kolkata,Electronics,21,19089,1,Weekday
2024-03-27,Kolkata,Clothing,32,31136,1,Weekday
2024-03-27,Kolkata,Groceries,64,4608,0,Weekday
2024-03-27,Kolkata,Furniture,9,28557,0,Weekday
2024-03-27,Kolkata,Cosmetics,24,17400,0,Weekday
2024-03-27,Delhi,Electronics,20,33980,0,Weekday
2024-03-27,Delhi,Clothing,32,15808,0,Weekday
2024-03-27,Delhi,Groceries,60,8940,0,Weekday
2024-03-27,Delhi,Furniture,9,23805,1,Weekday
2024-03-27,Delhi,Cosmetics,24,17040,0,Weekday
2024-03-27,Mumbai,Electronics,21,45801,0,Weekday
2024-03-27,Mumbai,Clothing,36,32760,0,Weekday
2024-03-27,Mumbai,Groceries,72,14328,1,Weekday
2024-03-27,Mumbai,Furniture,12,51204,1,Weekday
2024-03-27,Mumbai,Cosmetics,25,6800,0,Weekday
2024-03-27,Bangalore,Electronics,23,29716,1,Weekday
2024-03-27,Bangalore,Clothing,32,32192,0,Weekday
2024-03-27,Bangalore,Groceries,50,5400,0,Weekday
2024-03-27,Bangalore,Furniture,8,37344,1,Weekday
2024-03-27,Bangalore,Cosmetics,21,13944,0,Weekday
2024-03-27,Hyderabad,Electronics,21,46074,1,Weekday
2024-03-27,Hyderabad,Clothing,24,9912,0,Weekday
2024-03-27,Hyderabad,Groceries,63,5544,1,Weekday
2024-03-27,Hyderabad,Furniture,12,25800,0,Weekday
2024-03-27,Hyderabad,Cosmetics,24,13272,0,Weekday
2024-03-28,Kolkata,Electronics,22,25256,0,Weekday
2024-03-28,Kolkata,Clothing,28,15876,0,Weekday
2024-03-28,Kolkata,Groceries,51,2805,0,Weekday
2024-03-28,Kolkata,Furniture,8,14456,1,Weekday
2024-03-28,Kolkata,Cosmetics,25,13475,0,Weekday
2024-03-28,Delhi,Electronics,27,38880,0,Weekday
2024-03-28,Delhi,Clothing,43,24080,1,Weekday
2024-03-28,Delhi,Groceries,54,5184,0,Weekday
2024-03-28,Delhi,Furniture,10,24450,0,Weekday
2024-03-28,Delhi,Cosmetics,21,14679,1,Weekday
2024-03-28,Mumbai,Electronics,18,34470,0,Weekday
2024-03-28,Mumbai,Clothing,29,27608,0,Weekday
2024-03-28,Mumbai,Groceries,73,10293,1,Weekday
2024-03-28,Mumbai,Furniture,13,27690,1,Weekday
2024-03-28,Mumbai,Cosmetics,23,10212,0,Weekday
2024-03-28,Bangalore,Electronics,17,42398,0,Weekday
2024-03-28,Bangalore,Clothing,37,36593,0,Weekday
2024-03-28,Bangalore,Groceries,58,3944,1,Weekday
2024-03-28,Bangalore,Furniture,11,39842,0,Weekday
2024-03-28,Bangalore,Cosmetics,25,17450,0,Weekday
2024-03-28,Hyderabad,Electronics,20,27940,0,Weekday
2024-03-28,Hyderabad,Clothing,28,14812,0,Weekday
2024-03-28,Hyderabad,Groceries,83,7470,1,Weekday
2024-03-28,Hyderabad,Furniture,12,36168,1,Weekday
2024-03-28,Hyderabad,Cosmetics,26,12298,0,Weekday
2024-03-29,Kolkata,Electronics,15,21750,0,Weekday
2024-03-29,Kolkata,Clothing,52,52000,1,Weekday
2024-03-29,Kolkata,Groceries,52,7696,0,Weekday
2024-03-29,Kolkata,Furniture,10,15460,0,Weekday
2024-03-29,Kolkata,Cosmetics,27,10962,0,Weekday
2024-03-29,Delhi,Electronics,18,38178,0,Weekday
2024-03-29,Delhi,Clothing,27,18171,1,Weekday
2024-03-29,Delhi,Groceries,48,8592,0,Weekday
2024-03-29,Delhi,Furniture,13,29614,0,Weekday
2024-03-29,Delhi,Cosmetics,30,9780,0,Weekday
2024-03-29,Mumbai,Electronics,19,45638,0,Weekday
2024-03-29,Mumbai,Clothing,37,14837,0,Weekday
2024-03-29,Mumbai,Groceries,60,5880,0,Weekday
2024-03-29,Mumbai,Furniture,8,16736,0,Weekday
2024-03-29,Mumbai,Cosmetics,18,12384,1,Weekday
2024-03-29,Bangalore,Electronics,18,16920,0,Weekday
2024-03-29,Bangalore,Clothing,35,23555,1,Weekday
2024-03-29,Bangalore,Groceries,44,3476,0,Weekday
2024-03-29,Bangalore,Furniture,8,36672,0,Weekday
2024-03-29,Bangalore,Cosmetics,25,4400,1,Weekday
2024-03-29,Hyderabad,Electronics,17,13906,1,Weekday
2024-03-29,Hyderabad,Clothing,31,22320,0,Weekday
2024-03-29,Hyderabad,Groceries,55,8855,0,Weekday
2024-03-29,Hyderabad,Furniture,11,19118,0,Weekday
2024-03-29,Hyderabad,Cosmetics,30,14550,1,Weekday
2024-03-30,Kolkata,Electronics,24,27600,1,Weekend
2024-03-30,Kolkata,Clothing,37,11137,0,Weekend
2024-03-30,Kolkata,Groceries,85,7650,1,Weekend
2024-03-30,Kolkata,Furniture,14,74452,1,Weekend
2024-03-30,Kolkata,Cosmetics,25,19075,1,Weekend
2024-03-30,Delhi,Electronics,15,30750,0,Weekend
2024-03-30,Delhi,Clothing,46,43332,1,Weekend
2024-03-30,Delhi,Groceries,76,5700,1,Weekend
2024-03-30,Delhi,Furniture,10,44660,0,Weekend
2024-03-30,Delhi,Cosmetics,22,10516,0,Weekend
2024-03-30,Mumbai,Electronics,23,26404,1,Weekend
2024-03-30,Mumbai,Clothing,43,40979,1,Weekend
2024-03-30,Mumbai,Groceries,47,2726,0,Weekend
2024-03-30,Mumbai,Furniture,9,30816,0,Weekend
2024-03-30,Mumbai,Cosmetics,27,9693,1,Weekend
2024-03-30,Bangalore,Electronics,21,42945,1,Weekend
2024-03-30,Bangalore,Clothing,43,30960,0,Weekend
2024-03-30,Bangalore,Groceries,70,6720,0,Weekend
2024-03-30,Bangalore,Furniture,14,34272,1,Weekend
2024-03-30,Bangalore,Cosmetics,22,5280,0,Weekend
2024-03-30,Hyderabad,Electronics,17,35632,0,Weekend
2024-03-30,Hyderabad,Clothing,37,24087,0,Weekend
2024-03-30,Hyderabad,Groceries,83,6059,1,Weekend
2024-03-30,Hyderabad,Furniture,9,13527,1,Weekend
2024-03-30,Hyderabad,Cosmetics,24,14376,0,Weekend
2024-03-31,Kolkata,Electronics,18,19980,0,Weekend
2024-03-31,Kolkata,Clothing,40,15320,0,Weekend
2024-03-31,Kolkata,Groceries,74,12654,0,Weekend
2024-03-31,Kolkata,Furniture,11,59059,0,Weekend
2024-03-31,Kolkata,Cosmetics,29,6699,1,Weekend
2024-03-31,Delhi,Electronics,23,21758,0,Weekend
2024-03-31,Delhi,Clothing,36,21636,0,Weekend
2024-03-31,Delhi,Groceries,61,6039,0,Weekend
2024-03-31,Delhi,Furniture,9,15480,1,Weekend
2024-03-31,Delhi,Cosmetics,25,17950,0,Weekend
2024-03-31,Mumbai,Electronics,16,18688,0,Weekend
2024-03-31,Mumbai,Clothing,34,32334,0,Weekend
2024-03-31,Mumbai,Groceries,47,5687,0,Weekend
2024-03-31,Mumbai,Furniture,9,43092,1,Weekend
2024-03-31,Mumbai,Cosmetics,29,13485,0,Weekend
2024-03-31,Bangalore,Electronics,23,43930,1,Weekend
2024-03-31,Bangalore,Clothing,36,40860,0,Weekend
2024-03-31,Bangalore,Groceries,50,6500,0,Weekend
2024-03-31,Bangalore,Furniture,11,56980,1,Weekend
2024-03-31,Bangalore,Cosmetics,30,18420,0,Weekend
2024-03-31,Hyderabad,Electronics,18,29016,0,Weekend
2024-03-31,Hyderabad,Clothing,33,12243,1,Weekend
2024-03-31,Hyderabad,Groceries,49,4263,0,Weekend
2024-03-31,Hyderabad,Furniture,12,24252,1,Weekend
2024-03-31,Hyderabad,Cosmetics,22,8382,0,Weekend
2024-04-01,Kolkata,Electronics,22,27742,1,Weekday
2024-04-01,Kolkata,Clothing,33,13728,0,Weekday
2024-04-01,Kolkata,Groceries,47,3572,1,Weekday
2024-04-01,Kolkata,Furniture,13,41795,0,Weekday
2024-04-01,Kolkata,Cosmetics,25,11600,0,Weekday
2024-04-01,Delhi,Electronics,21,47019,1,Weekday
2024-04-01,Delhi,Clothing,49,16317,1,Weekday
2024-04-01,Delhi,Groceries,49,8281,0,Weekday
2024-04-01,Delhi,Furniture,7,22344,0,Weekday
2024-04-01,Delhi,Cosmetics,24,10680,0,Weekday
2024-04-01,Mumbai,Electronics,24,26352,1,Weekday
2024-04-01,Mumbai,Clothing,32,30464,1,Weekday
2024-04-01,Mumbai,Groceries,61,3355,0,Weekday
2024-04-01,Mumbai,Furniture,9,40446,0,Weekday
2024-04-01,Mumbai,Cosmetics,26,6474,0,Weekday
2024-04-01,Bangalore,Electronics,20,22520,0,Weekday
2024-04-01,Bangalore,Clothing,44,37180,1,Weekday
2024-04-01,Bangalore,Groceries,67,4556,0,Weekday
2024-04-01,Bangalore,Furniture,11,29282,0,Weekday
2024-04-01,Bangalore,Cosmetics,21,7098,0,Weekday
2024-04-01,Hyderabad,Electronics,28,49392,1,Weekday
2024-04-01,Hyderabad,Clothing,31,24955,0,Weekday
2024-04-01,Hyderabad,Groceries,54,9342,0,Weekday
2024-04-01,Hyderabad,Furniture,8,33016,0,Weekday
2024-04-01,Hyderabad,Cosmetics,16,3872,0,Weekday
2024-04-02,Kolkata,Electronics,19,26429,1,Weekday
2024-04-02,Kolkata,Clothing,29,14993,0,Weekday
2024-04-02,Kolkata,Groceries,65,12480,1,Weekday
2024-04-02,Kolkata,Furniture,11,16874,1,Weekday
2024-04-02,Kolkata,Cosmetics,29,11194,0,Weekday
2024-04-02,Delhi,Electronics,18,25146,0,Weekday
2024-04-02,Delhi,Clothing,31,16616,0,Weekday
2024-04-02,Delhi,Groceries,70,11200,1,Weekday
2024-04-02,Delhi,Furniture,10,56980,0,Weekday
2024-04-02,Delhi,Cosmetics,26,8112,0,Weekday
2024-04-02,Mumbai,Electronics,15,25665,0,Weekday
2024-04-02,Mumbai,Clothing,32,15680,0,Weekday
2024-04-02,Mumbai,Groceries,85,5780,1,Weekday
2024-04-02,Mumbai,Furniture,9,43353,0,Weekday
2024-04-02,Mumbai,Cosmetics,23,4002,0,Weekday
2024-04-02,Bangalore,Electronics,25,61100,0,Weekday
2024-04-02,Bangalore,Clothing,31,35712,0,Weekday
2024-04-02,Bangalore,Groceries,67,13333,0,Weekday
2024-04-02,Bangalore,Furniture,9,44568,0,Weekday
2024-04-02,Bangalore,Cosmetics,30,15570,1,Weekday
2024-04-02,Hyderabad,Electronics,19,27018,0,Weekday
2024-04-02,Hyderabad,Clothing,41,17753,0,Weekday
2024-04-02,Hyderabad,Groceries,59,8083,0,Weekday
2024-04-02,Hyderabad,Furniture,9,53280,1,Weekday
2024-04-02,Hyderabad,Cosmetics,20,10140,0,Weekday
2024-04-03,Kolkata,Electronics,19,29355,0,Weekday
2024-04-03,Kolkata,Clothing,35,14420,0,Weekday
2024-04-03,Kolkata,Groceries,82,15580,1,Weekday
2024-04-03,Kolkata,Furniture,13,63011,0,Weekday
2024-04-03,Kolkata,Cosmetics,25,13500,1,Weekday
2024-04-03,Delhi,Electronics,16,25088,0,Weekday
2024-04-03,Delhi,Clothing,34,23460,1,Weekday
2024-04-03,Delhi,Groceries,69,8349,0,Weekday
2024-04-03,Delhi,Furniture,10,51670,0,Weekday
2024-04-03,Delhi,Cosmetics,26,12870,0,Weekday
2024-04-03,Mumbai,Electronics,13,11180,0,Weekday
2024-04-03,Mumbai,Clothing,34,36550,1,Weekday
2024-04-03,Mumbai,Groceries,62,8494,0,Weekday
2024-04-03,Mumbai,Furniture,10,44480,0,Weekday
2024-04-03,Mumbai,Cosmetics,23,11661,0,Weekday
2024-04-03,Bangalore,Electronics,24,45312,0,Weekday
2024-04-03,Bangalore,Clothing,41,35219,1,Weekday
2024-04-03,Bangalore,Groceries,47,4418,0,Weekday
2024-04-03,Bangalore,Furniture,11,32637,0,Weekday
2024-04-03,Bangalore,Cosmetics,27,14364,0,Weekday
2024-04-03,Hyderabad,Electronics,21,42504,0,Weekday
2024-04-03,Hyderabad,Clothing,38,23028,0,Weekday
2024-04-03,Hyderabad,Groceries,69,9384,0,Weekday
2024-04-03,Hyderabad,Furniture,7,22778,0,Weekday
2024-04-03,Hyderabad,Cosmetics,20,10640,0,Weekday
2024-04-04,Kolkata,Electronics,22,25586,0,Weekday
2024-04-04,Kolkata,Clothing,44,19492,0,Weekday
2024-04-04,Kolkata,Groceries,65,5460,0,Weekday
2024-04-04,Kolkata,Furniture,10,20430,0,Weekday
2024-04-04,Kolkata,Cosmetics,25,10625,0,Weekday
2024-04-04,Delhi,Electronics,21,50211,1,Weekday
2024-04-04,Delhi,Clothing,47,30738,1,Weekday
2024-04-04,Delhi,Groceries,49,4753,0,Weekday
2024-04-04,Delhi,Furniture,11,34540,0,Weekday
2024-04-04,Delhi,Cosmetics,18,6894,0,Weekday
2024-04-04,Mumbai,Electronics,21,26733,0,Weekday
2024-04-04,Mumbai,Clothing,35,37660,0,Weekday
2024-04-04,Mumbai,Groceries,56,6384,1,Weekday
2024-04-04,Mumbai,Furniture,10,32090,1,Weekday
2024-04-04,Mumbai,Cosmetics,32,7072,1,Weekday
2024-04-04,Bangalore,Electronics,17,34969,1,Weekday
2024-04-04,Bangalore,Clothing,31,34844,1,Weekday
2024-04-04,Bangalore,Groceries,55,3575,0,Weekday
2024-04-04,Bangalore,Furniture,11,51480,1,Weekday
2024-04-04,Bangalore,Cosmetics,25,14000,0,Weekday
2024-04-04,Hyderabad,Electronics,21,42504,1,Weekday
2024-04-04,Hyderabad,Clothing,30,21840,0,Weekday
2024-04-04,Hyderabad,Groceries,63,3213,0,Weekday
2024-04-04,Hyderabad,Furniture,11,27071,1,Weekday
2024-04-04,Hyderabad,Cosmetics,32,13952,1,Weekday
2024-04-05,Kolkata,Electronics,13,21203,0,Weekday
2024-04-05,Kolkata,Clothing,38,39786,0,Weekday
2024-04-05,Kolkata,Groceries,54,7776,0,Weekday
2024-04-05,Kolkata,Furniture,13,30732,1,Weekday
2024-04-05,Kolkata,Cosmetics,26,10400,0,Weekday
2024-04-05,Delhi,Electronics,13,12480,1,Weekday
2024-04-05,Delhi,Clothing,41,22181,0,Weekday
2024-04-05,Delhi,Groceries,73,7008,1,Weekday
2024-04-05,Delhi,Furniture,9,15237,0,Weekday
2024-04-05,Delhi,Cosmetics,29,12151,0,Weekday
2024-04-05,Mumbai,Electronics,19,23674,0,Weekday
2024-04-05,Mumbai,Clothing,44,44132,1,Weekday
2024-04-05,Mumbai,Groceries,64,11904,0,Weekday
2024-04-05,Mumbai,Furniture,10,17180,0,Weekday
2024-04-05,Mumbai,Cosmetics,26,9490,0,Weekday
2024-04-05,Bangalore,Electronics,23,38801,0,Weekday
2024-04-05,Bangalore,Clothing,27,30699,0,Weekday
2024-04-05,Bangalore,Groceries,45,4095,0,Weekday
2024-04-05,Bangalore,Furniture,9,44919,0,Weekday
2024-04-05,Bangalore,Cosmetics,25,17800,0,Weekday
2024-04-05,Hyderabad,Electronics,21,29106,0,Weekday
2024-04-05,Hyderabad,Clothing,38,11742,0,Weekday
2024-04-05,Hyderabad,Groceries,61,5124,1,Weekday
2024-04-05,Hyderabad,Furniture,9,24642,1,Weekday
2024-04-05,Hyderabad,Cosmetics,27,10503,1,Weekday
2024-04-06,Kolkata,Electronics,22,19316,0,Weekend
2024-04-06,Kolkata,Clothing,37,15022,0,Weekend
2024-04-06,Kolkata,Groceries,73,5767,1,Weekend
2024-04-06,Kolkata,Furniture,10,32710,0,Weekend
2024-04-06,Kolkata,Cosmetics,19,13813,0,Weekend
2024-04-06,Delhi,Electronics,30,52590,1,Weekend
2024-04-06,Delhi,Clothing,32,12928,1,Weekend
2024-04-06,Delhi,Groceries,54,9666,0,Weekend
2024-04-06,Delhi,Furniture,13,39312,1,Weekend
2024-04-06,Delhi,Cosmetics,33,19701,1,Weekend
2024-04-06,Mumbai,Electronics,20,47520,0,Weekend
2024-04-06,Mumbai,Clothing,40,14920,1,Weekend
2024-04-06,Mumbai,Groceries,69,10074,1,Weekend
2024-04-06,Mumbai,Furniture,9,14355,0,Weekend
2024-04-06,Mumbai,Cosmetics,27,11610,1,Weekend
2024-04-06,Bangalore,Electronics,19,35074,1,Weekend
2024-04-06,Bangalore,Clothing,30,33150,0,Weekend
2024-04-06,Bangalore,Groceries,56,6608,0,Weekend
2024-04-06,Bangalore,Furniture,9,30798,0,Weekend
2024-04-06,Bangalore,Cosmetics,21,7014,1,Weekend
2024-04-06,Hyderabad,Electronics,18,43056,0,Weekend
2024-04-06,Hyderabad,Clothing,42,39522,1,Weekend
2024-04-06,Hyderabad,Groceries,60,5940,0,Weekend
2024-04-06,Hyderabad,Furniture,10,17960,0,Weekend
2024-04-06,Hyderabad,Cosmetics,28,4564,0,Weekend
2024-04-07,Kolkata,Electronics,18,31176,0,Weekend
2024-04-07,Kolkata,Clothing,39,42081,0,Weekend
2024-04-07,Kolkata,Groceries,52,7384,0,Weekend
2024-04-07,Kolkata,Furniture,9,32409,0,Weekend
2024-04-07,Kolkata,Cosmetics,31,22289,1,Weekend
2024-04-07,Delhi,Electronics,24,39312,0,Weekend
2024-04-07,Delhi,Clothing,33,11847,0,Weekend
2024-04-07,Delhi,Groceries,61,3233,1,Weekend
2024-04-07,Delhi,Furniture,12,38256,1,Weekend
2024-04-07,Delhi,Cosmetics,21,16422,0,Weekend
2024-04-07,Mumbai,Electronics,15,32175,0,Weekend
2024-04-07,Mumbai,Clothing,40,35320,1,Weekend
2024-04-07,Mumbai,Groceries,60,9660,0,Weekend
2024-04-07,Mumbai,Furniture,10,20150,0,Weekend
2024-04-07,Mumbai,Cosmetics,28,21448,0,Weekend
2024-04-07,Bangalore,Electronics,19,38988,1,Weekend
2024-04-07,Bangalore,Clothing,35,36960,1,Weekend
2024-04-07,Bangalore,Groceries,68,11628,1,Weekend
2024-04-07,Bangalore,Furniture,9,43938,1,Weekend
2024-04-07,Bangalore,Cosmetics,23,9729,0,Weekend
2024-04-07,Hyderabad,Electronics,26,60788,1,Weekend
2024-04-07,Hyderabad,Clothing,46,14766,1,Weekend
2024-04-07,Hyderabad,Groceries,60,4500,0,Weekend
2024-04-07,Hyderabad,Furniture,10,48260,1,Weekend
2024-04-07,Hyderabad,Cosmetics,19,4199,0,Weekend
2024-04-08,Kolkata,Electronics,24,47664,1,Weekday
2024-04-08,Kolkata,Clothing,39,29757,1,Weekday
2024-04-08,Kolkata,Groceries,70,7910,0,Weekday
2024-04-08,Kolkata,Furniture,11,57013,1,Weekday
2024-04-08,Kolkata,Cosmetics,34,20230,1,Weekday
2024-04-08,Delhi,Electronics,19,45163,0,Weekday
2024-04-08,Delhi,Clothing,41,16113,0,Weekday
2024-04-08,Delhi,Groceries,57,3192,0,Weekday
2024-04-08,Delhi,Furniture,10,23190,0,Weekday
2024-04-08,Delhi,Cosmetics,25,9325,0,Weekday
2024-04-08,Mumbai,Electronics,21,32718,0,Weekday
2024-04-08,Mumbai,Clothing,31,22413,0,Weekday
2024-04-08,Mumbai,Groceries,54,8154,0,Weekday
2024-04-08,Mumbai,Furniture,11,52360,1,Weekday
2024-04-08,Mumbai,Cosmetics,20,8200,1,Weekday
2024-04-08,Bangalore,Electronics,15,30885,0,Weekday
2024-04-08,Bangalore,Clothing,28,28952,0,Weekday
2024-04-08,Bangalore,Groceries,66,8316,0,Weekday
2024-04-08,Bangalore,Furniture,9,22662,0,Weekday
2024-04-08,Bangalore,Cosmetics,26,10088,0,Weekday
2024-04-08,Hyderabad,Electronics,19,40945,0,Weekday
2024-04-08,Hyderabad,Clothing,42,42756,0,Weekday
2024-04-08,Hyderabad,Groceries,60,3900,0,Weekday
2024-04-08,Hyderabad,Furniture,11,59587,0,Weekday
2024-04-08,Hyderabad,Cosmetics,29,9309,1,Weekday
2024-04-09,Kolkata,Electronics,23,24357,0,Weekday
2024-04-09,Kolkata,Clothing,35,32970,1,Weekday
2024-04-09,Kolkata,Groceries,72,13392,0,Weekday
2024-04-09,Kolkata,Furniture,12,18636,0,Weekday
2024-04-09,Kolkata,Cosmetics,20,12820,0,Weekday
2024-04-09,Delhi,Electronics,19,25422,0,Weekday
2024-04-09,Delhi,Clothing,40,36800,1,Weekday
2024-04-09,Delhi,Groceries,54,6318,0,Weekday
2024-04-09,Delhi,Furniture,9,29457,0,Weekday
2024-04-09,Delhi,Cosmetics,26,9126,0,Weekday
2024-04-09,Mumbai,Electronics,22,35794,1,Weekday
2024-04-09,Mumbai,Clothing,40,31800,0,Weekday
2024-04-09,Mumbai,Groceries,86,16254,1,Weekday
2024-04-09,Mumbai,Furniture,10,39410,0,Weekday
2024-04-09,Mumbai,Cosmetics,22,4158,1,Weekday
2024-04-09,Bangalore,Electronics,24,58080,1,Weekday
2024-04-09,Bangalore,Clothing,27,15417,0,Weekday
2024-04-09,Bangalore,Groceries,69,3726,1,Weekday
2024-04-09,Bangalore,Furniture,9,53208,0,Weekday
2024-04-09,Bangalore,Cosmetics,19,9424,0,Weekday
2024-04-09,Hyderabad,Electronics,23,34500,0,Weekday
2024-04-09,Hyderabad,Clothing,22,21384,0,Weekday
2024-04-09,Hyderabad,Groceries,58,10150,0,Weekday
2024-04-09,Hyderabad,Furniture,14,37128,0,Weekday
2024-04-09,Hyderabad,Cosmetics,20,9740,0,Weekday
2024-04-10,Kolkata,Electronics,22,18700,0,Weekday
2024-04-10,Kolkata,Clothing,33,37356,0,Weekday
2024-04-10,Kolkata,Groceries,72,6480,1,Weekday
2024-04-10,Kolkata,Furniture,9,47385,0,Weekday
2024-04-10,Kolkata,Cosmetics,26,9958,0,Weekday
2024-04-10,Delhi,Electronics,18,35946,0,Weekday
2024-04-10,Delhi,Clothing,45,41355,1,Weekday
2024-04-10,Delhi,Groceries,83,14359,1,Weekday
2024-04-10,Delhi,Furniture,8,23400,0,Weekday
2024-04-10,Delhi,Cosmetics,27,9099,0,Weekday
2024-04-10,Mumbai,Electronics,21,20517,0,Weekday
2024-04-10,Mumbai,Clothing,37,33485,0,Weekday
2024-04-10,Mumbai,Groceries,63,9639,0,Weekday
2024-04-10,Mumbai,Furniture,9,18963,0,Weekday
2024-04-10,Mumbai,Cosmetics,24,12168,0,Weekday
2024-04-10,Bangalore,Electronics,23,54326,0,Weekday
2024-04-10,Bangalore,Clothing,33,30096,0,Weekday
2024-04-10,Bangalore,Groceries,62,9362,1,Weekday
2024-04-10,Bangalore,Furniture,13,35113,0,Weekday
2024-04-10,Bangalore,Cosmetics,25,7900,0,Weekday
2024-04-10,Hyderabad,Electronics,16,15584,0,Weekday
2024-04-10,Hyderabad,Clothing,34,15844,1,Weekday
2024-04-10,Hyderabad,Groceries,62,9920,0,Weekday
2024-04-10,Hyderabad,Furniture,11,42361,0,Weekday
2024-04-10,Hyderabad,Cosmetics,22,4642,0,Weekday
2024-04-11,Kolkata,Electronics,19,20273,0,Weekday
2024-04-11,Kolkata,Clothing,34,39236,1,Weekday
2024-04-11,Kolkata,Groceries,82,13694,0,Weekday
2024-04-11,Kolkata,Furniture,7,40096,0,Weekday
2024-04-11,Kolkata,Cosmetics,29,13717,0,Weekday
2024-04-11,Delhi,Electronics,19,30704,0,Weekday
2024-04-11,Delhi,Clothing,42,37590,0,Weekday
2024-04-11,Delhi,Groceries,51,6834,0,Weekday
2024-04-11,Delhi,Furniture,10,34550,0,Weekday
2024-04-11,Delhi,Cosmetics,30,12210,0,Weekday
2024-04-11,Mumbai,Electronics,19,46816,1,Weekday
2024-04-11,Mumbai,Clothing,42,29610,0,Weekday
2024-04-11,Mumbai,Groceries,61,10675,1,Weekday
2024-04-11,Mumbai,Furniture,12,19716,1,Weekday
2024-04-11,Mumbai,Cosmetics,26,17550,0,Weekday
2024-04-11,Bangalore,Electronics,23,48070,0,Weekday
2024-04-11,Bangalore,Clothing,45,23580,0,Weekday
2024-04-11,Bangalore,Groceries,63,5292,0,Weekday
2024-04-11,Bangalore,Furniture,10,34940,0,Weekday
2024-04-11,Bangalore,Cosmetics,31,13454,0,Weekday
2024-04-11,Hyderabad,Electronics,20,47060,1,Weekday
2024-04-11,Hyderabad,Clothing,41,18942,0,Weekday
2024-04-11,Hyderabad,Groceries,49,4704,0,Weekday
2024-04-11,Hyderabad,Furniture,9,46818,1,Weekday
2024-04-11,Hyderabad,Cosmetics,19,11134,0,Weekday
2024-04-12,Kolkata,Electronics,20,47360,0,Weekday
2024-04-12,Kolkata,Clothing,20,12540,0,Weekday
2024-04-12,Kolkata,Groceries,94,17484,1,Weekday
2024-04-12,Kolkata,Furniture,11,53614,0,Weekday
2024-04-12,Kolkata,Cosmetics,22,7458,0,Weekday
2024-04-12,Delhi,Electronics,20,32040,0,Weekday
2024-04-12,Delhi,Clothing,38,29488,0,Weekday
2024-04-12,Delhi,Groceries,45,8235,0,Weekday
2024-04-12,Delhi,Furniture,10,35870,0,Weekday
2024-04-12,Delhi,Cosmetics,28,8876,1,Weekday
2024-04-12,Mumbai,Electronics,24,42600,1,Weekday
2024-04-12,Mumbai,Clothing,40,13160,0,Weekday
2024-04-12,Mumbai,Groceries,65,8255,0,Weekday
2024-04-12,Mumbai,Furniture,12,55164,1,Weekday
2024-04-12,Mumbai,Cosmetics,21,4431,0,Weekday
2024-04-12,Bangalore,Electronics,24,33888,1,Weekday
2024-04-12,Bangalore,Clothing,32,31264,0,Weekday
2024-04-12,Bangalore,Groceries,75,4350,0,Weekday
2024-04-12,Bangalore,Furniture,9,17352,0,Weekday
2024-04-12,Bangalore,Cosmetics,23,12305,0,Weekday
2024-04-12,Hyderabad,Electronics,19,33193,0,Weekday
2024-04-12,Hyderabad,Clothing,46,38686,0,Weekday
2024-04-12,Hyderabad,Groceries,64,9216,0,Weekday
2024-04-12,Hyderabad,Furniture,9,41553,0,Weekday
2024-04-12,Hyderabad,Cosmetics,28,8736,1,Weekday
2024-04-13,Kolkata,Electronics,30,55200,1,Weekend
2024-04-13,Kolkata,Clothing,37,42328,0,Weekend
2024-04-13,Kolkata,Groceries,45,3240,0,Weekend
2024-04-13,Kolkata,Furniture,11,40436,0,Weekend
2024-04-13,Kolkata,Cosmetics,26,7930,0,Weekend
2024-04-13,Delhi,Electronics,19,23256,0,Weekend
2024-04-13,Delhi,Clothing,33,38676,0,Weekend
2024-04-13,Delhi,Groceries,31,6107,0,Weekend
2024-04-13,Delhi,Furniture,14,48370,1,Weekend
2024-04-13,Delhi,Cosmetics,29,5626,1,Weekend
2024-04-13,Mumbai,Electronics,19,26714,1,Weekend
2024-04-13,Mumbai,Clothing,36,28764,0,Weekend
2024-04-13,Mumbai,Groceries,52,7904,0,Weekend
2024-04-13,Mumbai,Furniture,10,19760,0,Weekend
2024-04-13,Mumbai,Cosmetics,27,18873,0,Weekend
2024-04-13,Bangalore,Electronics,19,15561,1,Weekend
2024-04-13,Bangalore,Clothing,33,28710,1,Weekend
2024-04-13,Bangalore,Groceries,71,13348,0,Weekend
2024-04-13,Bangalore,Furniture,8,24176,0,Weekend
2024-04-13,Bangalore,Cosmetics,22,10934,1,Weekend
2024-04-13,Hyderabad,Electronics,25,25050,1,Weekend
2024-04-13,Hyderabad,Clothing,29,16211,0,Weekend
2024-04-13,Hyderabad,Groceries,78,9906,0,Weekend
2024-04-13,Hyderabad,Furniture,11,21802,1,Weekend
2024-04-13,Hyderabad,Cosmetics,28,21532,0,Weekend
2024-04-14,Kolkata,Electronics,23,48047,0,Weekend
2024-04-14,Kolkata,Clothing,45,35010,0,Weekend
2024-04-14,Kolkata,Groceries,57,5130,0,Weekend
2024-04-14,Kolkata,Furniture,12,41040,1,Weekend
2024-04-14,Kolkata,Cosmetics,25,15700,0,Weekend
2024-04-14,Delhi,Electronics,24,55296,1,Weekend
2024-04-14,Delhi,Clothing,49,25480,0,Weekend
2024-04-14,Delhi,Groceries,41,2788,1,Weekend
2024-04-14,Delhi,Furniture,9,50184,0,Weekend
2024-04-14,Delhi,Cosmetics,27,11853,0,Weekend
2024-04-14,Mumbai,Electronics,22,41140,0,Weekend
2024-04-14,Mumbai,Clothing,38,14706,0,Weekend
2024-04-14,Mumbai,Groceries,42,5082,0,Weekend
2024-04-14,Mumbai,Furniture,13,63674,1,Weekend
2024-04-14,Mumbai,Cosmetics,35,16520,1,Weekend
2024-04-14,Bangalore,Electronics,19,46493,0,Weekend
2024-04-14,Bangalore,Clothing,35,30975,0,Weekend
2024-04-14,Bangalore,Groceries,74,6142,1,Weekend
2024-04-14,Bangalore,Furniture,12,34248,1,Weekend
2024-04-14,Bangalore,Cosmetics,25,9500,0,Weekend
2024-04-14,Hyderabad,Electronics,21,27846,1,Weekend
2024-04-14,Hyderabad,Clothing,45,20295,1,Weekend
2024-04-14,Hyderabad,Groceries,56,11144,0,Weekend
2024-04-14,Hyderabad,Furniture,13,57707,1,Weekend
2024-04-14,Hyderabad,Cosmetics,30,20730,0,Weekend
2024-04-15,Kolkata,Electronics,16,34400,0,Weekday
2024-04-15,Kolkata,Clothing,28,28000,0,Weekday
2024-04-15,Kolkata,Groceries,58,9396,0,Weekday
2024-04-15,Kolkata,Furniture,10,39270,0,Weekday
2024-04-15,Kolkata,Cosmetics,27,7344,0,Weekday
2024-04-15,Delhi,Electronics,19,32965,0,Weekday
2024-04-15,Delhi,Clothing,36,26640,1,Weekday
2024-04-15,Delhi,Groceries,62,6572,0,Weekday
2024-04-15,Delhi,Furniture,10,16980,1,Weekday
2024-04-15,Delhi,Cosmetics,27,17334,1,Weekday
2024-04-15,Mumbai,Electronics,25,53475,1,Weekday
2024-04-15,Mumbai,Clothing,50,46800,1,Weekday
2024-04-15,Mumbai,Groceries,58,3712,0,Weekday
2024-04-15,Mumbai,Furniture,6,34710,0,Weekday
2024-04-15,Mumbai,Cosmetics,23,4439,0,Weekday
2024-04-15,Bangalore,Electronics,24,53472,0,Weekday
2024-04-15,Bangalore,Clothing,35,21525,0,Weekday
2024-04-15,Bangalore,Groceries,64,5760,0,Weekday
2024-04-15,Bangalore,Furniture,10,23390,0,Weekday
2024-04-15,Bangalore,Cosmetics,24,9840,0,Weekday
2024-04-15,Hyderabad,Electronics,27,59130,1,Weekday
2024-04-15,Hyderabad,Clothing,41,32595,1,Weekday
2024-04-15,Hyderabad,Groceries,68,7684,1,Weekday
2024-04-15,Hyderabad,Furniture,7,32214,0,Weekday
2024-04-15,Hyderabad,Cosmetics,28,4452,0,Weekday
2024-04-16,Kolkata,Electronics,17,27047,0,Weekday
2024-04-16,Kolkata,Clothing,26,8450,0,Weekday
2024-04-16,Kolkata,Groceries,57,11001,0,Weekday
2024-04-16,Kolkata,Furniture,10,23450,0,Weekday
2024-04-16,Kolkata,Cosmetics,27,4212,0,Weekday
2024-04-16,Delhi,Electronics,21,21063,0,Weekday
2024-04-16,Delhi,Clothing,29,27840,0,Weekday
2024-04-16,Delhi,Groceries,45,4545,0,Weekday
2024-04-16,Delhi,Furniture,11,59114,1,Weekday
2024-04-16,Delhi,Cosmetics,29,19082,0,Weekday
2024-04-16,Mumbai,Electronics,15,35220,0,Weekday
2024-04-16,Mumbai,Clothing,31,22537,0,Weekday
2024-04-16,Mumbai,Groceries,69,10557,0,Weekday
2024-04-16,Mumbai,Furniture,8,38840,0,Weekday
2024-04-16,Mumbai,Cosmetics,23,12926,0,Weekday
2024-04-16,Bangalore,Electronics,23,48231,0,Weekday
2024-04-16,Bangalore,Clothing,32,29216,0,Weekday
2024-04-16,Bangalore,Groceries,76,7144,0,Weekday
2024-04-16,Bangalore,Furniture,9,40833,0,Weekday
2024-04-16,Bangalore,Cosmetics,26,4836,1,Weekday
2024-04-16,Hyderabad,Electronics,22,18612,1,Weekday
2024-04-16,Hyderabad,Clothing,29,15544,0,Weekday
2024-04-16,Hyderabad,Groceries,56,8120,0,Weekday
2024-04-16,Hyderabad,Furniture,8,20264,0,Weekday
2024-04-16,Hyderabad,Cosmetics,17,9724,0,Weekday
2024-04-17,Kolkata,Electronics,15,33420,0,Weekday
2024-04-17,Kolkata,Clothing,31,20708,0,Weekday
2024-04-17,Kolkata,Groceries,58,9802,0,Weekday
2024-04-17,Kolkata,Furniture,9,19548,0,Weekday
2024-04-17,Kolkata,Cosmetics,27,19953,1,Weekday
2024-04-17,Delhi,Electronics,20,24380,1,Weekday
2024-04-17,Delhi,Clothing,38,11856,0,Weekday
2024-04-17,Delhi,Groceries,64,6400,0,Weekday
2024-04-17,Delhi,Furniture,10,50580,0,Weekday
2024-04-17,Delhi,Cosmetics,22,8470,0,Weekday
2024-04-17,Mumbai,Electronics,20,26860,0,Weekday
2024-04-17,Mumbai,Clothing,25,24725,0,Weekday
2024-04-17,Mumbai,Groceries,61,8418,0,Weekday
2024-04-17,Mumbai,Furniture,10,55590,0,Weekday
2024-04-17,Mumbai,Cosmetics,29,20010,1,Weekday
2024-04-17,Bangalore,Electronics,30,73650,1,Weekday
2024-04-17,Bangalore,Clothing,35,41965,0,Weekday
2024-04-17,Bangalore,Groceries,62,11532,0,Weekday
2024-04-17,Bangalore,Furniture,9,33777,1,Weekday
2024-04-17,Bangalore,Cosmetics,27,15957,0,Weekday
2024-04-17,Hyderabad,Electronics,26,49946,1,Weekday
2024-04-17,Hyderabad,Clothing,30,29430,1,Weekday
2024-04-17,Hyderabad,Groceries,55,5720,0,Weekday
2024-04-17,Hyderabad,Furniture,10,22910,0,Weekday
2024-04-17,Hyderabad,Cosmetics,31,10974,1,Weekday
2024-04-18,Kolkata,Electronics,17,24667,0,Weekday
2024-04-18,Kolkata,Clothing,38,27322,1,Weekday
2024-04-18,Kolkata,Groceries,60,11040,0,Weekday
2024-04-18,Kolkata,Furniture,6,24390,0,Weekday
2024-04-18,Kolkata,Cosmetics,18,4428,0,Weekday
2024-04-18,Delhi,Electronics,26,42224,1,Weekday
2024-04-18,Delhi,Clothing,36,41868,0,Weekday
2024-04-18,Delhi,Groceries,65,10530,0,Weekday
2024-04-18,Delhi,Furniture,12,19344,1,Weekday
2024-04-18,Delhi,Cosmetics,27,14904,1,Weekday
2024-04-18,Mumbai,Electronics,28,43736,1,Weekday
2024-04-18,Mumbai,Clothing,37,13061,0,Weekday
2024-04-18,Mumbai,Groceries,66,10164,1,Weekday
2024-04-18,Mumbai,Furniture,12,68820,1,Weekday
2024-04-18,Mumbai,Cosmetics,23,16882,0,Weekday
2024-04-18,Bangalore,Electronics,22,53130,1,Weekday
2024-04-18,Bangalore,Clothing,36,32508,0,Weekday
2024-04-18,Bangalore,Groceries,67,11859,0,Weekday
2024-04-18,Bangalore,Furniture,11,44605,0,Weekday
2024-04-18,Bangalore,Cosmetics,25,14100,0,Weekday
2024-04-18,Hyderabad,Electronics,19,21204,0,Weekday
2024-04-18,Hyderabad,Clothing,28,9856,0,Weekday
2024-04-18,Hyderabad,Groceries,55,7480,0,Weekday
2024-04-18,Hyderabad,Furniture,12,23148,1,Weekday
2024-04-18,Hyderabad,Cosmetics,31,18321,0,Weekday
2024-04-19,Kolkata,Electronics,19,27778,1,Weekday
2024-04-19,Kolkata,Clothing,43,31390,1,Weekday
2024-04-19,Kolkata,Groceries,61,8540,0,Weekday
2024-04-19,Kolkata,Furniture,13,36764,1,Weekday
2024-04-19,Kolkata,Cosmetics,29,13079,0,Weekday
2024-04-19,Delhi,Electronics,17,42432,0,Weekday
2024-04-19,Delhi,Clothing,22,23056,0,Weekday
2024-04-19,Delhi,Groceries,61,7015,0,Weekday
2024-04-19,Delhi,Furniture,9,16362,0,Weekday
2024-04-19,Delhi,Cosmetics,20,8180,0,Weekday
2024-04-19,Mumbai,Electronics,15,13065,0,Weekday
2024-04-19,Mumbai,Clothing,41,46453,1,Weekday
2024-04-19,Mumbai,Groceries,64,12672,0,Weekday
2024-04-19,Mumbai,Furniture,6,15708,0,Weekday
2024-04-19,Mumbai,Cosmetics,30,22110,0,Weekday
2024-04-19,Bangalore,Electronics,26,60840,0,Weekday
2024-04-19,Bangalore,Clothing,39,24726,0,Weekday
2024-04-19,Bangalore,Groceries,66,5610,0,Weekday
2024-04-19,Bangalore,Furniture,10,18390,1,Weekday
2024-04-19,Bangalore,Cosmetics,26,15938,0,Weekday
2024-04-19,Hyderabad,Electronics,21,37317,0,Weekday
2024-04-19,Hyderabad,Clothing,31,19344,0,Weekday
2024-04-19,Hyderabad,Groceries,62,3968,1,Weekday
2024-04-19,Hyderabad,Furniture,11,31746,0,Weekday
2024-04-19,Hyderabad,Cosmetics,27,21249,0,Weekday
2024-04-20,Kolkata,Electronics,18,32346,0,Weekend
2024-04-20,Kolkata,Clothing,40,34120,1,Weekend
2024-04-20,Kolkata,Groceries,65,8190,0,Weekend
2024-04-20,Kolkata,Furniture,11,18469,0,Weekend
2024-04-20,Kolkata,Cosmetics,27,4968,1,Weekend
2024-04-20,Delhi,Electronics,28,43120,1,Weekend
2024-04-20,Delhi,Clothing,24,24720,0,Weekend
2024-04-20,Delhi,Groceries,61,6588,1,Weekend
2024-04-20,Delhi,Furniture,13,64805,1,Weekend
2024-04-20,Delhi,Cosmetics,20,8660,0,Weekend
2024-04-20,Mumbai,Electronics,22,19668,1,Weekend
2024-04-20,Mumbai,Clothing,32,21408,0,Weekend
2024-04-20,Mumbai,Groceries,67,7705,1,Weekend
2024-04-20,Mumbai,Furniture,8,29088,1,Weekend
2024-04-20,Mumbai,Cosmetics,19,4997,0,Weekend
2024-04-20,Bangalore,Electronics,26,61022,1,Weekend
2024-04-20,Bangalore,Clothing,29,16617,0,Weekend
2024-04-20,Bangalore,Groceries,61,10858,0,Weekend
2024-04-20,Bangalore,Furniture,9,14148,0,Weekend
2024-04-20,Bangalore,Cosmetics,25,14825,0,Weekend
2024-04-20,Hyderabad,Electronics,23,47449,0,Weekend
2024-04-20,Hyderabad,Clothing,41,23616,1,Weekend
2024-04-20,Hyderabad,Groceries,46,5980,0,Weekend
2024-04-20,Hyderabad,Furniture,11,17622,1,Weekend
2024-04-20,Hyderabad,Cosmetics,21,15708,0,Weekend
2024-04-21,Kolkata,Electronics,15,27075,0,Weekend
2024-04-21,Kolkata,Clothing,32,10720,0,Weekend
2024-04-21,Kolkata,Groceries,61,3538,1,Weekend
2024-04-21,Kolkata,Furniture,9,14922,0,Weekend
2024-04-21,Kolkata,Cosmetics,18,14058,0,Weekend
2024-04-21,Delhi,Electronics,20,31320,1,Weekend
2024-04-21,Delhi,Clothing,31,16120,0,Weekend
2024-04-21,Delhi,Groceries,65,11505,0,Weekend
2024-04-21,Delhi,Furniture,9,36198,0,Weekend
2024-04-21,Delhi,Cosmetics,26,10660,0,Weekend
2024-04-21,Mumbai,Electronics,18,36540,0,Weekend
2024-04-21,Mumbai,Clothing,31,25916,0,Weekend
2024-04-21,Mumbai,Groceries,76,10792,1,Weekend
2024-04-21,Mumbai,Furniture,8,41184,0,Weekend
2024-04-21,Mumbai,Cosmetics,24,10968,1,Weekend
2024-04-21,Bangalore,Electronics,14,21434,1,Weekend
2024-04-21,Bangalore,Clothing,32,11040,0,Weekend
2024-04-21,Bangalore,Groceries,41,7257,0,Weekend
2024-04-21,Bangalore,Furniture,12,57456,1,Weekend
2024-04-21,Bangalore,Cosmetics,26,20774,0,Weekend
2024-04-21,Hyderabad,Electronics,20,26440,0,Weekend
2024-04-21,Hyderabad,Clothing,50,41900,1,Weekend
2024-04-21,Hyderabad,Groceries,40,7120,1,Weekend
2024-04-21,Hyderabad,Furniture,11,35706,1,Weekend
2024-04-21,Hyderabad,Cosmetics,28,9716,0,Weekend
2024-04-22,Kolkata,Electronics,22,35904,1,Weekday
2024-04-22,Kolkata,Clothing,44,51260,1,Weekday
2024-04-22,Kolkata,Groceries,51,7701,0,Weekday
2024-04-22,Kolkata,Furniture,11,49423,1,Weekday
2024-04-22,Kolkata,Cosmetics,30,22320,0,Weekday
2024-04-22,Delhi,Electronics,16,20448,0,Weekday
2024-04-22,Delhi,Clothing,38,19760,0,Weekday
2024-04-22,Delhi,Groceries,61,4209,0,Weekday
2024-04-22,Delhi,Furniture,9,42354,1,Weekday
2024-04-22,Delhi,Cosmetics,23,15479,0,Weekday
2024-04-22,Mumbai,Electronics,19,44232,0,Weekday
2024-04-22,Mumbai,Clothing,51,23001,1,Weekday
2024-04-22,Mumbai,Groceries,67,9447,1,Weekday
2024-04-22,Mumbai,Furniture,9,43776,0,Weekday
2024-04-22,Mumbai,Cosmetics,28,17080,0,Weekday
2024-04-22,Bangalore,Electronics,23,47909,1,Weekday
2024-04-22,Bangalore,Clothing,47,52499,0,Weekday
2024-04-22,Bangalore,Groceries,62,5022,0,Weekday
2024-04-22,Bangalore,Furniture,8,12464,0,Weekday
2024-04-22,Bangalore,Cosmetics,28,13048,0,Weekday
2024-04-22,Hyderabad,Electronics,15,35310,0,Weekday
2024-04-22,Hyderabad,Clothing,43,22188,0,Weekday
2024-04-22,Hyderabad,Groceries,51,5967,0,Weekday
2024-04-22,Hyderabad,Furniture,10,54680,0,Weekday
2024-04-22,Hyderabad,Cosmetics,17,3111,0,Weekday
2024-04-23,Kolkata,Electronics,25,61675,0,Weekday
2024-04-23,Kolkata,Clothing,42,19068,1,Weekday
2024-04-23,Kolkata,Groceries,62,8432,0,Weekday
2024-04-23,Kolkata,Furniture,11,25377,1,Weekday
2024-04-23,Kolkata,Cosmetics,22,11154,0,Weekday
2024-04-23,Delhi,Electronics,20,32400,0,Weekday
2024-04-23,Delhi,Clothing,41,45428,0,Weekday
2024-04-23,Delhi,Groceries,64,12736,0,Weekday
2024-04-23,Delhi,Furniture,11,25410,0,Weekday
2024-04-23,Delhi,Cosmetics,23,7406,0,Weekday
2024-04-23,Mumbai,Electronics,29,46458,1,Weekday
2024-04-23,Mumbai,Clothing,39,15756,1,Weekday
2024-04-23,Mumbai,Groceries,88,15752,1,Weekday
2024-04-23,Mumbai,Furniture,8,32232,0,Weekday
2024-04-23,Mumbai,Cosmetics,27,17955,0,Weekday
2024-04-23,Bangalore,Electronics,17,15062,0,Weekday
2024-04-23,Bangalore,Clothing,41,38581,1,Weekday
2024-04-23,Bangalore,Groceries,66,8250,1,Weekday
2024-04-23,Bangalore,Furniture,13,67028,0,Weekday
2024-04-23,Bangalore,Cosmetics,27,13473,1,Weekday
2024-04-23,Hyderabad,Electronics,20,45800,0,Weekday
2024-04-23,Hyderabad,Clothing,32,31072,0,Weekday
2024-04-23,Hyderabad,Groceries,61,4209,0,Weekday
2024-04-23,Hyderabad,Furniture,10,48460,0,Weekday
2024-04-23,Hyderabad,Cosmetics,24,11472,0,Weekday
2024-04-24,Kolkata,Electronics,19,22990,0,Weekday
2024-04-24,Kolkata,Clothing,37,27417,1,Weekday
2024-04-24,Kolkata,Groceries,69,6141,1,Weekday
2024-04-24,Kolkata,Furniture,12,42312,0,Weekday
2024-04-24,Kolkata,Cosmetics,30,4680,0,Weekday
2024-04-24,Delhi,Electronics,19,29887,0,Weekday
2024-04-24,Delhi,Clothing,37,33781,0,Weekday
2024-04-24,Delhi,Groceries,55,8965,0,Weekday
2024-04-24,Delhi,Furniture,11,43043,0,Weekday
2024-04-24,Delhi,Cosmetics,26,19240,0,Weekday
2024-04-24,Mumbai,Electronics,19,37297,0,Weekday
2024-04-24,Mumbai,Clothing,30,24360,0,Weekday
2024-04-24,Mumbai,Groceries,54,9072,0,Weekday
2024-04-24,Mumbai,Furniture,8,47672,0,Weekday
2024-04-24,Mumbai,Cosmetics,24,9984,0,Weekday
2024-04-24,Bangalore,Electronics,22,41338,1,Weekday
2024-04-24,Bangalore,Clothing,41,44239,1,Weekday
2024-04-24,Bangalore,Groceries,48,7920,1,Weekday
2024-04-24,Bangalore,Furniture,12,22044,1,Weekday
2024-04-24,Bangalore,Cosmetics,32,6624,1,Weekday
2024-04-24,Hyderabad,Electronics,19,23598,0,Weekday
2024-04-24,Hyderabad,Clothing,31,16089,0,Weekday
2024-04-24,Hyderabad,Groceries,37,7067,1,Weekday
2024-04-24,Hyderabad,Furniture,9,44226,0,Weekday
2024-04-24,Hyderabad,Cosmetics,27,15309,0,Weekday
2024-04-25,Kolkata,Electronics,23,45747,0,Weekday
2024-04-25,Kolkata,Clothing,39,27066,0,Weekday
2024-04-25,Kolkata,Groceries,68,4896,0,Weekday
2024-04-25,Kolkata,Furniture,9,31653,0,Weekday
2024-04-25,Kolkata,Cosmetics,35,8960,1,Weekday
2024-04-25,Delhi,Electronics,17,40426,0,Weekday
2024-04-25,Delhi,Clothing,35,22295,1,Weekday
2024-04-25,Delhi,Groceries,57,6897,0,Weekday
2024-04-25,Delhi,Furniture,10,43200,0,Weekday
2024-04-25,Delhi,Cosmetics,22,6138,0,Weekday
2024-04-25,Mumbai,Electronics,22,48136,0,Weekday
2024-04-25,Mumbai,Clothing,38,12046,1,Weekday
2024-04-25,Mumbai,Groceries,52,2756,0,Weekday
2024-04-25,Mumbai,Furniture,9,29097,0,Weekday
2024-04-25,Mumbai,Cosmetics,24,13440,0,Weekday
2024-04-25,Bangalore,Electronics,21,32886,0,Weekday
2024-04-25,Bangalore,Clothing,35,25445,0,Weekday
2024-04-25,Bangalore,Groceries,66,10692,0,Weekday
2024-04-25,Bangalore,Furniture,8,36344,0,Weekday
2024-04-25,Bangalore,Cosmetics,24,5472,1,Weekday
2024-04-25,Hyderabad,Electronics,24,51048,1,Weekday
2024-04-25,Hyderabad,Clothing,30,11610,0,Weekday
2024-04-25,Hyderabad,Groceries,64,6272,0,Weekday
2024-04-25,Hyderabad,Furniture,11,50072,0,Weekday
2024-04-25,Hyderabad,Cosmetics,30,18990,0,Weekday
2024-04-26,Kolkata,Electronics,11,14190,1,Weekday
2024-04-26,Kolkata,Clothing,30,28710,0,Weekday
2024-04-26,Kolkata,Groceries,57,7296,0,Weekday
2024-04-26,Kolkata,Furniture,13,45136,0,Weekday
2024-04-26,Kolkata,Cosmetics,26,9646,1,Weekday
2024-04-26,Delhi,Electronics,17,38913,0,Weekday
2024-04-26,Delhi,Clothing,31,14880,0,Weekday
2024-04-26,Delhi,Groceries,58,4234,1,Weekday
2024-04-26,Delhi,Furniture,11,28468,0,Weekday
2024-04-26,Delhi,Cosmetics,27,17523,0,Weekday
2024-04-26,Mumbai,Electronics,14,17024,0,Weekday
2024-04-26,Mumbai,Clothing,43,43645,0,Weekday
2024-04-26,Mumbai,Groceries,59,9853,0,Weekday
2024-04-26,Mumbai,Furniture,9,27882,0,Weekday
2024-04-26,Mumbai,Cosmetics,21,15897,0,Weekday
2024-04-26,Bangalore,Electronics,18,26532,0,Weekday
2024-04-26,Bangalore,Clothing,28,31360,0,Weekday
2024-04-26,Bangalore,Groceries,54,7992,0,Weekday
2024-04-26,Bangalore,Furniture,10,51870,0,Weekday
2024-04-26,Bangalore,Cosmetics,23,15295,0,Weekday
2024-04-26,Hyderabad,Electronics,19,33934,0,Weekday
2024-04-26,Hyderabad,Clothing,37,27121,0,Weekday
2024-04-26,Hyderabad,Groceries,59,8850,0,Weekday
2024-04-26,Hyderabad,Furniture,10,52160,0,Weekday
2024-04-26,Hyderabad,Cosmetics,20,4880,0,Weekday
2024-04-27,Kolkata,Electronics,15,24465,1,Weekend
2024-04-27,Kolkata,Clothing,30,29340,0,Weekend
2024-04-27,Kolkata,Groceries,74,13468,1,Weekend
2024-04-27,Kolkata,Furniture,9,48105,0,Weekend
2024-04-27,Kolkata,Cosmetics,32,21952,0,Weekend
2024-04-27,Delhi,Electronics,20,29200,0,Weekend
2024-04-27,Delhi,Clothing,33,17754,0,Weekend
2024-04-27,Delhi,Groceries,56,7168,0,Weekend
2024-04-27,Delhi,Furniture,8,24024,0,Weekend
2024-04-27,Delhi,Cosmetics,40,19040,1,Weekend
2024-04-27,Mumbai,Electronics,35,59990,1,Weekend
2024-04-27,Mumbai,Clothing,27,26514,0,Weekend
2024-04-27,Mumbai,Groceries,51,3366,0,Weekend
2024-04-27,Mumbai,Furniture,11,64636,0,Weekend
2024-04-27,Mumbai,Cosmetics,30,16860,0,Weekend
2024-04-27,Bangalore,Electronics,19,24358,0,Weekend
2024-04-27,Bangalore,Clothing,45,33615,1,Weekend
2024-04-27,Bangalore,Groceries,60,5160,0,Weekend
2024-04-27,Bangalore,Furniture,9,47565,0,Weekend
2024-04-27,Bangalore,Cosmetics,30,11760,1,Weekend
2024-04-27,Hyderabad,Electronics,23,55775,0,Weekend
2024-04-27,Hyderabad,Clothing,32,22944,0,Weekend
2024-04-27,Hyderabad,Groceries,49,7889,0,Weekend
2024-04-27,Hyderabad,Furniture,10,36270,1,Weekend
2024-04-27,Hyderabad,Cosmetics,28,22316,1,Weekend
2024-04-28,Kolkata,Electronics,23,22080,1,Weekend
2024-04-28,Kolkata,Clothing,33,15312,0,Weekend
2024-04-28,Kolkata,Groceries,69,5451,1,Weekend
2024-04-28,Kolkata,Furniture,8,30320,0,Weekend
2024-04-28,Kolkata,Cosmetics,32,6400,1,Weekend
2024-04-28,Delhi,Electronics,24,50856,1,Weekend
2024-04-28,Delhi,Clothing,24,22872,0,Weekend
2024-04-28,Delhi,Groceries,57,5985,0,Weekend
2024-04-28,Delhi,Furniture,7,17955,0,Weekend
2024-04-28,Delhi,Cosmetics,23,8395,0,Weekend
2024-04-28,Mumbai,Electronics,16,38112,0,Weekend
2024-04-28,Mumbai,Clothing,30,22320,0,Weekend
2024-04-28,Mumbai,Groceries,47,2632,0,Weekend
2024-04-28,Mumbai,Furniture,11,23441,1,Weekend
2024-04-28,Mumbai,Cosmetics,23,8142,0,Weekend
2024-04-28,Bangalore,Electronics,16,32544,0,Weekend
2024-04-28,Bangalore,Clothing,37,13690,0,Weekend
2024-04-28,Bangalore,Groceries,68,8500,0,Weekend
2024-04-28,Bangalore,Furniture,12,54396,1,Weekend
2024-04-28,Bangalore,Cosmetics,27,10935,0,Weekend
2024-04-28,Hyderabad,Electronics,16,13664,0,Weekend
2024-04-28,Hyderabad,Clothing,32,37824,0,Weekend
2024-04-28,Hyderabad,Groceries,45,3285,0,Weekend
2024-04-28,Hyderabad,Furniture,12,32100,1,Weekend
2024-04-28,Hyderabad,Cosmetics,24,9672,1,Weekend
2024-04-29,Kolkata,Electronics,18,25704,1,Weekday
2024-04-29,Kolkata,Clothing,36,21492,0,Weekday
2024-04-29,Kolkata,Groceries,72,9144,0,Weekday
2024-04-29,Kolkata,Furniture,13,30966,0,Weekday
2024-04-29,Kolkata,Cosmetics,24,13008,0,Weekday
2024-04-29,Delhi,Electronics,19,20197,0,Weekday
2024-04-29,Delhi,Clothing,33,14091,0,Weekday
2024-04-29,Delhi,Groceries,66,6666,0,Weekday
2024-04-29,Delhi,Furniture,9,47871,0,Weekday
2024-04-29,Delhi,Cosmetics,23,12351,0,Weekday
2024-04-29,Mumbai,Electronics,18,15228,0,Weekday
2024-04-29,Mumbai,Clothing,37,32264,0,Weekday
2024-04-29,Mumbai,Groceries,69,10419,1,Weekday
2024-04-29,Mumbai,Furniture,8,36584,0,Weekday
2024-04-29,Mumbai,Cosmetics,23,14214,0,Weekday
2024-04-29,Bangalore,Electronics,18,22752,0,Weekday
2024-04-29,Bangalore,Clothing,38,41762,0,Weekday
2024-04-29,Bangalore,Groceries,54,5400,0,Weekday
2024-04-29,Bangalore,Furniture,12,54900,1,Weekday
2024-04-29,Bangalore,Cosmetics,24,13464,0,Weekday
2024-04-29,Hyderabad,Electronics,25,45750,1,Weekday
2024-04-29,Hyderabad,Clothing,40,19400,0,Weekday
2024-04-29,Hyderabad,Groceries,63,6552,0,Weekday
2024-04-29,Hyderabad,Furniture,13,43849,1,Weekday
2024-04-29,Hyderabad,Cosmetics,21,10584,0,Weekday
2024-04-30,Kolkata,Electronics,20,35440,0,Weekday
2024-04-30,Kolkata,Clothing,44,22836,1,Weekday
2024-04-30,Kolkata,Groceries,68,3944,1,Weekday
2024-04-30,Kolkata,Furniture,10,57010,1,Weekday
2024-04-30,Kolkata,Cosmetics,26,11336,0,Weekday
2024-04-30,Delhi,Electronics,27,22410,0,Weekday
2024-04-30,Delhi,Clothing,39,18915,1,Weekday
2024-04-30,Delhi,Groceries,83,14940,1,Weekday
2024-04-30,Delhi,Furniture,9,23922,0,Weekday
2024-04-30,Delhi,Cosmetics,27,10773,1,Weekday
2024-04-30,Mumbai,Electronics,14,11578,0,Weekday
2024-04-30,Mumbai,Clothing,40,23080,0,Weekday
2024-04-30,Mumbai,Groceries,53,6413,0,Weekday
2024-04-30,Mumbai,Furniture,8,27096,0,Weekday
2024-04-30,Mumbai,Cosmetics,20,11280,0,Weekday
2024-04-30,Bangalore,Electronics,19,32604,0,Weekday
2024-04-30,Bangalore,Clothing,41,22919,0,Weekday
2024-04-30,Bangalore,Groceries,49,5929,0,Weekday
2024-04-30,Bangalore,Furniture,7,38759,0,Weekday
2024-04-30,Bangalore,Cosmetics,25,4625,0,Weekday
2024-04-30,Hyderabad,Electronics,18,26226,0,Weekday
2024-04-30,Hyderabad,Clothing,35,33915,0,Weekday
2024-04-30,Hyderabad,Groceries,29,3219,0,Weekday
2024-04-30,Hyderabad,Furniture,14,29512,1,Weekday
2024-04-30,Hyderabad,Cosmetics,23,17342,0,Weekday
2024-05-01,Kolkata,Electronics,19,37069,0,Weekday
2024-05-01,Kolkata,Clothing,35,11130,0,Weekday
2024-05-01,Kolkata,Groceries,70,9800,1,Weekday
2024-05-01,Kolkata,Furniture,9,30132,0,Weekday
2024-05-01,Kolkata,Cosmetics,21,12516,0,Weekday
2024-05-01,Delhi,Electronics,20,31900,1,Weekday
2024-05-01,Delhi,Clothing,44,38852,0,Weekday
2024-05-01,Delhi,Groceries,58,10092,0,Weekday
2024-05-01,Delhi,Furniture,8,43792,0,Weekday
2024-05-01,Delhi,Cosmetics,26,14846,0,Weekday
2024-05-01,Mumbai,Electronics,24,32832,0,Weekday
2024-05-01,Mumbai,Clothing,36,42264,0,Weekday
2024-05-01,Mumbai,Groceries,82,6150,0,Weekday
2024-05-01,Mumbai,Furniture,12,58944,1,Weekday
2024-05-01,Mumbai,Cosmetics,24,5880,1,Weekday
2024-05-01,Bangalore,Electronics,16,31968,0,Weekday
2024-05-01,Bangalore,Clothing,28,22008,0,Weekday
2024-05-01,Bangalore,Groceries,64,11840,0,Weekday
2024-05-01,Bangalore,Furniture,11,46772,1,Weekday
2024-05-01,Bangalore,Cosmetics,14,7364,0,Weekday
2024-05-01,Hyderabad,Electronics,21,49896,0,Weekday
2024-05-01,Hyderabad,Clothing,42,45066,1,Weekday
2024-05-01,Hyderabad,Groceries,72,9000,0,Weekday
2024-05-01,Hyderabad,Furniture,10,50930,0,Weekday
2024-05-01,Hyderabad,Cosmetics,27,12960,0,Weekday
2024-05-02,Kolkata,Electronics,24,25488,0,Weekday
2024-05-02,Kolkata,Clothing,29,19256,0,Weekday
2024-05-02,Kolkata,Groceries,66,5346,0,Weekday
2024-05-02,Kolkata,Furniture,8,41952,0,Weekday
2024-05-02,Kolkata,Cosmetics,18,9576,0,Weekday
2024-05-02,Delhi,Electronics,20,22780,0,Weekday
2024-05-02,Delhi,Clothing,35,12740,0,Weekday
2024-05-02,Delhi,Groceries,57,4218,0,Weekday
2024-05-02,Delhi,Furniture,8,43784,0,Weekday
2024-05-02,Delhi,Cosmetics,32,11008,1,Weekday
2024-05-02,Mumbai,Electronics,15,19740,0,Weekday
2024-05-02,Mumbai,Clothing,27,10935,0,Weekday
2024-05-02,Mumbai,Groceries,55,6325,0,Weekday
2024-05-02,Mumbai,Furniture,9,38475,0,Weekday
2024-05-02,Mumbai,Cosmetics,24,18864,1,Weekday
2024-05-02,Bangalore,Electronics,17,24973,1,Weekday
2024-05-02,Bangalore,Clothing,29,20590,0,Weekday
2024-05-02,Bangalore,Groceries,54,8856,0,Weekday
2024-05-02,Bangalore,Furniture,9,48357,0,Weekday
2024-05-02,Bangalore,Cosmetics,29,9454,0,Weekday
2024-05-02,Hyderabad,Electronics,23,56879,1,Weekday
2024-05-02,Hyderabad,Clothing,44,25872,0,Weekday
2024-05-02,Hyderabad,Groceries,59,7788,0,Weekday
2024-05-02,Hyderabad,Furniture,10,49160,0,Weekday
2024-05-02,Hyderabad,Cosmetics,31,6665,1,Weekday
2024-05-03,Kolkata,Electronics,19,18658,1,Weekday
2024-05-03,Kolkata,Clothing,36,33480,0,Weekday
2024-05-03,Kolkata,Groceries,53,9487,0,Weekday
2024-05-03,Kolkata,Furniture,12,35580,0,Weekday
2024-05-03,Kolkata,Cosmetics,32,17440,0,Weekday
2024-05-03,Delhi,Electronics,14,16870,1,Weekday
2024-05-03,Delhi,Clothing,33,25179,0,Weekday
2024-05-03,Delhi,Groceries,75,9450,1,Weekday
2024-05-03,Delhi,Furniture,8,43376,0,Weekday
2024-05-03,Delhi,Cosmetics,26,18408,0,Weekday
2024-05-03,Mumbai,Electronics,27,45873,0,Weekday
2024-05-03,Mumbai,Clothing,48,41136,0,Weekday
2024-05-03,Mumbai,Groceries,46,8280,0,Weekday
2024-05-03,Mumbai,Furniture,9,46080,0,Weekday
2024-05-03,Mumbai,Cosmetics,29,12035,0,Weekday
2024-05-03,Bangalore,Electronics,18,42840,0,Weekday
2024-05-03,Bangalore,Clothing,30,15720,0,Weekday
2024-05-03,Bangalore,Groceries,57,10260,0,Weekday
2024-05-03,Bangalore,Furniture,10,48190,0,Weekday
2024-05-03,Bangalore,Cosmetics,16,2896,0,Weekday
2024-05-03,Hyderabad,Electronics,22,40194,1,Weekday
2024-05-03,Hyderabad,Clothing,43,21199,1,Weekday
2024-05-03,Hyderabad,Groceries,56,4704,0,Weekday
2024-05-03,Hyderabad,Furniture,10,34660,0,Weekday
2024-05-03,Hyderabad,Cosmetics,32,22240,1,Weekday
2024-05-04,Kolkata,Electronics,13,24427,0,Weekend
2024-05-04,Kolkata,Clothing,40,36440,1,Weekend
2024-05-04,Kolkata,Groceries,57,5016,0,Weekend
2024-05-04,Kolkata,Furniture,12,67584,1,Weekend
2024-05-04,Kolkata,Cosmetics,24,12504,0,Weekend
2024-05-04,Delhi,Electronics,23,52049,0,Weekend
2024-05-04,Delhi,Clothing,39,32760,1,Weekend
2024-05-04,Delhi,Groceries,55,10285,0,Weekend
2024-05-04,Delhi,Furniture,9,13905,0,Weekend
2024-05-04,Delhi,Cosmetics,27,20115,1,Weekend
2024-05-04,Mumbai,Electronics,23,39698,1,Weekend
2024-05-04,Mumbai,Clothing,56,19992,1,Weekend
2024-05-04,Mumbai,Groceries,59,7139,1,Weekend
2024-05-04,Mumbai,Furniture,9,20295,1,Weekend
2024-05-04,Mumbai,Cosmetics,22,15620,0,Weekend
2024-05-04,Bangalore,Electronics,19,18620,1,Weekend
2024-05-04,Bangalore,Clothing,32,10400,0,Weekend
2024-05-04,Bangalore,Groceries,81,6399,1,Weekend
2024-05-04,Bangalore,Furniture,10,55460,1,Weekend
2024-05-04,Bangalore,Cosmetics,29,10643,0,Weekend
2024-05-04,Hyderabad,Electronics,20,36260,0,Weekend
2024-05-04,Hyderabad,Clothing,38,22040,1,Weekend
2024-05-04,Hyderabad,Groceries,50,7850,0,Weekend
2024-05-04,Hyderabad,Furniture,8,23648,0,Weekend
2024-05-04,Hyderabad,Cosmetics,27,5616,0,Weekend
2024-05-05,Kolkata,Electronics,19,41553,0,Weekend
2024-05-05,Kolkata,Clothing,29,13224,0,Weekend
2024-05-05,Kolkata,Groceries,75,13050,1,Weekend
2024-05-05,Kolkata,Furniture,9,17766,0,Weekend
2024-05-05,Kolkata,Cosmetics,27,5238,1,Weekend
2024-05-05,Delhi,Electronics,20,46680,0,Weekend
2024-05-05,Delhi,Clothing,32,15616,0,Weekend
2024-05-05,Delhi,Groceries,65,4875,1,Weekend
2024-05-05,Delhi,Furniture,9,41877,1,Weekend
2024-05-05,Delhi,Cosmetics,29,16820,0,Weekend
2024-05-05,Mumbai,Electronics,16,16720,0,Weekend
2024-05-05,Mumbai,Clothing,39,46488,0,Weekend
2024-05-05,Mumbai,Groceries,61,9272,1,Weekend
2024-05-05,Mumbai,Furniture,9,34848,0,Weekend
2024-05-05,Mumbai,Cosmetics,20,6280,1,Weekend
2024-05-05,Bangalore,Electronics,17,22457,0,Weekend
2024-05-05,Bangalore,Clothing,33,21945,0,Weekend
2024-05-05,Bangalore,Groceries,64,12288,0,Weekend
2024-05-05,Bangalore,Furniture,11,44726,0,Weekend
2024-05-05,Bangalore,Cosmetics,29,13224,1,Weekend
2024-05-05,Hyderabad,Electronics,24,54576,1,Weekend
2024-05-05,Hyderabad,Clothing,17,18700,0,Weekend
2024-05-05,Hyderabad,Groceries,63,6678,1,Weekend
2024-05-05,Hyderabad,Furniture,10,29400,1,Weekend
2024-05-05,Hyderabad,Cosmetics,20,9980,0,Weekend
2024-05-06,Kolkata,Electronics,21,26901,0,Weekday
2024-05-06,Kolkata,Clothing,40,12440,0,Weekday
2024-05-06,Kolkata,Groceries,55,4235,0,Weekday
2024-05-06,Kolkata,Furniture,10,59680,0,Weekday
2024-05-06,Kolkata,Cosmetics,31,22785,0,Weekday
2024-05-06,Delhi,Electronics,19,30096,0,Weekday
2024-05-06,Delhi,Clothing,42,33054,1,Weekday
2024-05-06,Delhi,Groceries,53,9010,0,Weekday
2024-05-06,Delhi,Furniture,11,24596,1,Weekday
2024-05-06,Delhi,Cosmetics,30,5790,1,Weekday
2024-05-06,Mumbai,Electronics,26,38246,1,Weekday
2024-05-06,Mumbai,Clothing,33,38610,1,Weekday
2024-05-06,Mumbai,Groceries,56,8904,0,Weekday
2024-05-06,Mumbai,Furniture,8,23560,0,Weekday
2024-05-06,Mumbai,Cosmetics,30,18210,0,Weekday
2024-05-06,Bangalore,Electronics,25,50275,0,Weekday
2024-05-06,Bangalore,Clothing,34,35904,0,Weekday
2024-05-06,Bangalore,Groceries,55,8305,0,Weekday
2024-05-06,Bangalore,Furniture,10,26440,0,Weekday
2024-05-06,Bangalore,Cosmetics,30,10440,1,Weekday
2024-05-06,Hyderabad,Electronics,21,17220,0,Weekday
2024-05-06,Hyderabad,Clothing,32,10080,0,Weekday
2024-05-06,Hyderabad,Groceries,61,8479,0,Weekday
2024-05-06,Hyderabad,Furniture,8,41960,0,Weekday
2024-05-06,Hyderabad,Cosmetics,22,4840,0,Weekday
2024-05-07,Kolkata,Electronics,23,44229,1,Weekday
2024-05-07,Kolkata,Clothing,35,24045,0,Weekday
2024-05-07,Kolkata,Groceries,52,9048,0,Weekday
2024-05-07,Kolkata,Furniture,8,35912,0,Weekday
2024-05-07,Kolkata,Cosmetics,32,24224,1,Weekday
2024-05-07,Delhi,Electronics,17,23103,0,Weekday
2024-05-07,Delhi,Clothing,31,13764,0,Weekday
2024-05-07,Delhi,Groceries,64,12224,0,Weekday
2024-05-07,Delhi,Furniture,9,21258,0,Weekday
2024-05-07,Delhi,Cosmetics,30,16350,1,Weekday
2024-05-07,Mumbai,Electronics,20,39920,0,Weekday
2024-05-07,Mumbai,Clothing,46,24334,1,Weekday
2024-05-07,Mumbai,Groceries,62,4278,0,Weekday
2024-05-07,Mumbai,Furniture,10,43480,0,Weekday
2024-05-07,Mumbai,Cosmetics,21,11907,0,Weekday
2024-05-07,Bangalore,Electronics,20,22960,0,Weekday
2024-05-07,Bangalore,Clothing,42,45192,1,Weekday
2024-05-07,Bangalore,Groceries,56,7504,0,Weekday
2024-05-07,Bangalore,Furniture,10,58970,0,Weekday
2024-05-07,Bangalore,Cosmetics,27,4725,1,Weekday
2024-05-07,Hyderabad,Electronics,19,21641,1,Weekday
2024-05-07,Hyderabad,Clothing,43,16039,1,Weekday
2024-05-07,Hyderabad,Groceries,60,5220,0,Weekday
2024-05-07,Hyderabad,Furniture,13,39182,1,Weekday
2024-05-07,Hyderabad,Cosmetics,14,9128,0,Weekday
2024-05-08,Kolkata,Electronics,24,33480,1,Weekday
2024-05-08,Kolkata,Clothing,26,23374,0,Weekday
2024-05-08,Kolkata,Groceries,58,4756,0,Weekday
2024-05-08,Kolkata,Furniture,9,17685,0,Weekday
2024-05-08,Kolkata,Cosmetics,25,12275,0,Weekday
2024-05-08,Delhi,Electronics,24,23472,0,Weekday
2024-05-08,Delhi,Clothing,40,45440,0,Weekday
2024-05-08,Delhi,Groceries,61,5307,0,Weekday
2024-05-08,Delhi,Furniture,12,67008,1,Weekday
2024-05-08,Delhi,Cosmetics,22,7744,1,Weekday
2024-05-08,Mumbai,Electronics,18,26118,0,Weekday
2024-05-08,Mumbai,Clothing,44,19008,0,Weekday
2024-05-08,Mumbai,Groceries,58,3364,0,Weekday
2024-05-08,Mumbai,Furniture,9,47871,0,Weekday
2024-05-08,Mumbai,Cosmetics,22,3410,1,Weekday
2024-05-08,Bangalore,Electronics,17,31501,0,Weekday
2024-05-08,Bangalore,Clothing,23,19044,0,Weekday
2024-05-08,Bangalore,Groceries,59,4425,1,Weekday
2024-05-08,Bangalore,Furniture,14,57848,1,Weekday
2024-05-08,Bangalore,Cosmetics,26,8996,0,Weekday
2024-05-08,Hyderabad,Electronics,26,27820,0,Weekday
2024-05-08,Hyderabad,Clothing,40,46160,0,Weekday
2024-05-08,Hyderabad,Groceries,67,6164,1,Weekday
2024-05-08,Hyderabad,Furniture,9,40815,1,Weekday
2024-05-08,Hyderabad,Cosmetics,25,8750,0,Weekday
2024-05-09,Kolkata,Electronics,18,36036,0,Weekday
2024-05-09,Kolkata,Clothing,35,34230,1,Weekday
2024-05-09,Kolkata,Groceries,62,10478,0,Weekday
2024-05-09,Kolkata,Furniture,10,18860,0,Weekday
2024-05-09,Kolkata,Cosmetics,27,19062,0,Weekday
2024-05-09,Delhi,Electronics,24,31176,1,Weekday
2024-05-09,Delhi,Clothing,50,39150,1,Weekday
2024-05-09,Delhi,Groceries,71,5751,1,Weekday
2024-05-09,Delhi,Furniture,10,49430,0,Weekday
2024-05-09,Delhi,Cosmetics,32,14016,0,Weekday
2024-05-09,Mumbai,Electronics,22,30580,0,Weekday
2024-05-09,Mumbai,Clothing,43,14276,0,Weekday
2024-05-09,Mumbai,Groceries,54,6372,1,Weekday
2024-05-09,Mumbai,Furniture,12,34560,1,Weekday
2024-05-09,Mumbai,Cosmetics,26,13702,1,Weekday
2024-05-09,Bangalore,Electronics,18,22284,0,Weekday
2024-05-09,Bangalore,Clothing,35,36540,0,Weekday
2024-05-09,Bangalore,Groceries,66,3432,0,Weekday
2024-05-09,Bangalore,Furniture,11,64570,1,Weekday
2024-05-09,Bangalore,Cosmetics,35,18830,1,Weekday
2024-05-09,Hyderabad,Electronics,22,45078,1,Weekday
2024-05-09,Hyderabad,Clothing,28,16016,0,Weekday
2024-05-09,Hyderabad,Groceries,57,7239,0,Weekday
2024-05-09,Hyderabad,Furniture,8,13152,0,Weekday
2024-05-09,Hyderabad,Cosmetics,20,15960,0,Weekday
2024-05-10,Kolkata,Electronics,21,20769,0,Weekday
2024-05-10,Kolkata,Clothing,39,41028,0,Weekday
2024-05-10,Kolkata,Groceries,64,3904,0,Weekday
2024-05-10,Kolkata,Furniture,10,59160,0,Weekday
2024-05-10,Kolkata,Cosmetics,22,7018,0,Weekday
2024-05-10,Delhi,Electronics,18,30096,0,Weekday
2024-05-10,Delhi,Clothing,39,30459,1,Weekday
2024-05-10,Delhi,Groceries,75,6975,0,Weekday
2024-05-10,Delhi,Furniture,12,62772,1,Weekday
2024-05-10,Delhi,Cosmetics,20,12820,0,Weekday
2024-05-10,Mumbai,Electronics,23,43608,0,Weekday
2024-05-10,Mumbai,Clothing,40,17600,0,Weekday
2024-05-10,Mumbai,Groceries,57,4788,0,Weekday
2024-05-10,Mumbai,Furniture,10,35020,0,Weekday
2024-05-10,Mumbai,Cosmetics,30,15510,0,Weekday
2024-05-10,Bangalore,Electronics,19,18620,0,Weekday
2024-05-10,Bangalore,Clothing,39,19305,0,Weekday
2024-05-10,Bangalore,Groceries,46,9062,0,Weekday
2024-05-10,Bangalore,Furniture,9,23454,1,Weekday
2024-05-10,Bangalore,Cosmetics,26,15730,0,Weekday
2024-05-10,Hyderabad,Electronics,18,22032,0,Weekday
2024-05-10,Hyderabad,Clothing,32,31616,0,Weekday
2024-05-10,Hyderabad,Groceries,61,10919,1,Weekday
2024-05-10,Hyderabad,Furniture,10,53620,0,Weekday
2024-05-10,Hyderabad,Cosmetics,27,4239,0,Weekday
2024-05-11,Kolkata,Electronics,20,43980,0,Weekend
2024-05-11,Kolkata,Clothing,39,25974,0,Weekend
2024-05-11,Kolkata,Groceries,69,12006,1,Weekend
2024-05-11,Kolkata,Furniture,11,62161,1,Weekend
2024-05-11,Kolkata,Cosmetics,26,17160,1,Weekend
2024-05-11,Delhi,Electronics,22,53284,0,Weekend
2024-05-11,Delhi,Clothing,41,22181,0,Weekend
2024-05-11,Delhi,Groceries,64,9728,0,Weekend
2024-05-11,Delhi,Furniture,11,50083,1,Weekend
2024-05-11,Delhi,Cosmetics,28,14336,1,Weekend
2024-05-11,Mumbai,Electronics,22,52822,0,Weekend
2024-05-11,Mumbai,Clothing,36,24480,0,Weekend
2024-05-11,Mumbai,Groceries,54,6102,0,Weekend
2024-05-11,Mumbai,Furniture,8,40896,0,Weekend
2024-05-11,Mumbai,Cosmetics,26,7228,0,Weekend
2024-05-11,Bangalore,Electronics,23,37513,0,Weekend
2024-05-11,Bangalore,Clothing,34,14960,0,Weekend
2024-05-11,Bangalore,Groceries,66,5940,0,Weekend
2024-05-11,Bangalore,Furniture,12,25308,1,Weekend
2024-05-11,Bangalore,Cosmetics,24,10320,1,Weekend
2024-05-11,Hyderabad,Electronics,25,42600,1,Weekend
2024-05-11,Hyderabad,Clothing,40,27720,1,Weekend
2024-05-11,Hyderabad,Groceries,54,5130,0,Weekend
2024-05-11,Hyderabad,Furniture,12,58740,1,Weekend
2024-05-11,Hyderabad,Cosmetics,26,6110,0,Weekend
2024-05-12,Kolkata,Electronics,19,16644,1,Weekend
2024-05-12,Kolkata,Clothing,43,46311,0,Weekend
2024-05-12,Kolkata,Groceries,48,9072,0,Weekend
2024-05-12,Kolkata,Furniture,9,15894,1,Weekend
2024-05-12,Kolkata,Cosmetics,25,3925,0,Weekend
2024-05-12,Delhi,Electronics,20,28420,0,Weekend
2024-05-12,Delhi,Clothing,38,23446,1,Weekend
2024-05-12,Delhi,Groceries,57,9234,1,Weekend
2024-05-12,Delhi,Furniture,6,25764,0,Weekend
2024-05-12,Delhi,Cosmetics,30,11790,1,Weekend
2024-05-12,Mumbai,Electronics,20,19580,1,Weekend
2024-05-12,Mumbai,Clothing,41,35342,1,Weekend
2024-05-12,Mumbai,Groceries,54,9774,1,Weekend
2024-05-12,Mumbai,Furniture,10,20520,1,Weekend
2024-05-12,Mumbai,Cosmetics,22,13134,0,Weekend
2024-05-12,Bangalore,Electronics,17,39508,0,Weekend
2024-05-12,Bangalore,Clothing,32,18784,0,Weekend
2024-05-12,Bangalore,Groceries,77,10395,1,Weekend
2024-05-12,Bangalore,Furniture,9,20961,1,Weekend
2024-05-12,Bangalore,Cosmetics,32,16960,1,Weekend
2024-05-12,Hyderabad,Electronics,18,33192,0,Weekend
2024-05-12,Hyderabad,Clothing,40,46440,0,Weekend
2024-05-12,Hyderabad,Groceries,65,4875,0,Weekend
2024-05-12,Hyderabad,Furniture,14,45528,1,Weekend
2024-05-12,Hyderabad,Cosmetics,26,9672,0,Weekend
2024-05-13,Kolkata,Electronics,20,30460,1,Weekday
2024-05-13,Kolkata,Clothing,37,14541,1,Weekday
2024-05-13,Kolkata,Groceries,57,5358,0,Weekday
2024-05-13,Kolkata,Furniture,15,70965,1,Weekday
2024-05-13,Kolkata,Cosmetics,29,18038,0,Weekday
2024-05-13,Delhi,Electronics,23,43792,0,Weekday
2024-05-13,Delhi,Clothing,39,22230,0,Weekday
2024-05-13,Delhi,Groceries,63,5166,1,Weekday
2024-05-13,Delhi,Furniture,11,43846,0,Weekday
2024-05-13,Delhi,Cosmetics,28,6412,1,Weekday
2024-05-13,Mumbai,Electronics,17,39644,0,Weekday
2024-05-13,Mumbai,Clothing,35,33285,0,Weekday
2024-05-13,Mumbai,Groceries,54,6480,1,Weekday
2024-05-13,Mumbai,Furniture,9,51705,0,Weekday
2024-05-13,Mumbai,Cosmetics,24,4056,0,Weekday
2024-05-13,Bangalore,Electronics,22,37202,0,Weekday
2024-05-13,Bangalore,Clothing,34,23936,1,Weekday
2024-05-13,Bangalore,Groceries,63,8253,0,Weekday
2024-05-13,Bangalore,Furniture,10,19030,0,Weekday
2024-05-13,Bangalore,Cosmetics,30,16890,1,Weekday
2024-05-13,Hyderabad,Electronics,21,25221,0,Weekday
2024-05-13,Hyderabad,Clothing,27,20925,0,Weekday
2024-05-13,Hyderabad,Groceries,70,10920,0,Weekday
2024-05-13,Hyderabad,Furniture,11,18040,0,Weekday
2024-05-13,Hyderabad,Cosmetics,28,13860,0,Weekday
2024-05-14,Kolkata,Electronics,16,26400,0,Weekday
2024-05-14,Kolkata,Clothing,43,42484,0,Weekday
2024-05-14,Kolkata,Groceries,53,3710,0,Weekday
2024-05-14,Kolkata,Furniture,7,15960,0,Weekday
2024-05-14,Kolkata,Cosmetics,28,21504,1,Weekday
2024-05-14,Delhi,Electronics,13,22776,0,Weekday
2024-05-14,Delhi,Clothing,36,36792,1,Weekday
2024-05-14,Delhi,Groceries,55,3135,0,Weekday
2024-05-14,Delhi,Furniture,10,42800,0,Weekday
2024-05-14,Delhi,Cosmetics,20,9360,0,Weekday
2024-05-14,Mumbai,Electronics,19,32604,0,Weekday
2024-05-14,Mumbai,Clothing,25,8000,0,Weekday
2024-05-14,Mumbai,Groceries,58,8062,0,Weekday
2024-05-14,Mumbai,Furniture,9,33489,1,Weekday
2024-05-14,Mumbai,Cosmetics,24,10176,0,Weekday
2024-05-14,Bangalore,Electronics,23,22149,1,Weekday
2024-05-14,Bangalore,Clothing,32,23840,0,Weekday
2024-05-14,Bangalore,Groceries,63,4725,0,Weekday
2024-05-14,Bangalore,Furniture,9,42372,0,Weekday
2024-05-14,Bangalore,Cosmetics,24,5040,0,Weekday
2024-05-14,Hyderabad,Electronics,22,28380,0,Weekday
2024-05-14,Hyderabad,Clothing,43,22661,0,Weekday
2024-05-14,Hyderabad,Groceries,49,6517,0,Weekday
2024-05-14,Hyderabad,Furniture,7,35791,0,Weekday
2024-05-14,Hyderabad,Cosmetics,29,18299,0,Weekday
2024-05-15,Kolkata,Electronics,21,37464,0,Weekday
2024-05-15,Kolkata,Clothing,36,25380,0,Weekday
2024-05-15,Kolkata,Groceries,62,10726,0,Weekday
2024-05-15,Kolkata,Furniture,12,22632,1,Weekday
2024-05-15,Kolkata,Cosmetics,30,7620,0,Weekday
2024-05-15,Delhi,Electronics,19,27816,0,Weekday
2024-05-15,Delhi,Clothing,47,45731,0,Weekday
2024-05-15,Delhi,Groceries,79,12640,0,Weekday
2024-05-15,Delhi,Furniture,11,65340,0,Weekday
2024-05-15,Delhi,Cosmetics,25,6125,0,Weekday
2024-05-15,Mumbai,Electronics,22,29194,0,Weekday
2024-05-15,Mumbai,Clothing,41,28126,0,Weekday
2024-05-15,Mumbai,Groceries,45,8775,0,Weekday
2024-05-15,Mumbai,Furniture,11,32791,1,Weekday
2024-05-15,Mumbai,Cosmetics,24,17952,0,Weekday
2024-05-15,Bangalore,Electronics,15,13830,0,Weekday
2024-05-15,Bangalore,Clothing,34,34918,0,Weekday
2024-05-15,Bangalore,Groceries,42,4662,0,Weekday
2024-05-15,Bangalore,Furniture,12,32268,1,Weekday
2024-05-15,Bangalore,Cosmetics,32,23648,0,Weekday
2024-05-15,Hyderabad,Electronics,17,22185,0,Weekday
2024-05-15,Hyderabad,Clothing,38,12312,0,Weekday
2024-05-15,Hyderabad,Groceries,69,10695,0,Weekday
2024-05-15,Hyderabad,Furniture,13,67639,0,Weekday
2024-05-15,Hyderabad,Cosmetics,26,7488,1,Weekday
2024-05-16,Kolkata,Electronics,16,33632,0,Weekday
2024-05-16,Kolkata,Clothing,35,23555,0,Weekday
2024-05-16,Kolkata,Groceries,59,5074,0,Weekday
2024-05-16,Kolkata,Furniture,11,21351,1,Weekday
2024-05-16,Kolkata,Cosmetics,20,7960,1,Weekday
2024-05-16,Delhi,Electronics,14,22960,0,Weekday
2024-05-16,Delhi,Clothing,36,19476,0,Weekday
2024-05-16,Delhi,Groceries,74,14356,0,Weekday
2024-05-16,Delhi,Furniture,9,26478,0,Weekday
2024-05-16,Delhi,Cosmetics,23,17733,0,Weekday
2024-05-16,Mumbai,Electronics,17,25279,0,Weekday
2024-05-16,Mumbai,Clothing,29,30102,0,Weekday
2024-05-16,Mumbai,Groceries,72,5472,0,Weekday
2024-05-16,Mumbai,Furniture,9,21888,0,Weekday
2024-05-16,Mumbai,Cosmetics,18,11556,0,Weekday
2024-05-16,Bangalore,Electronics,19,37544,0,Weekday
2024-05-16,Bangalore,Clothing,23,15732,0,Weekday
2024-05-16,Bangalore,Groceries,58,9918,0,Weekday
2024-05-16,Bangalore,Furniture,13,26572,0,Weekday
2024-05-16,Bangalore,Cosmetics,25,15000,0,Weekday
2024-05-16,Hyderabad,Electronics,23,50577,0,Weekday
2024-05-16,Hyderabad,Clothing,35,39445,0,Weekday
2024-05-16,Hyderabad,Groceries,66,6666,0,Weekday
2024-05-16,Hyderabad,Furniture,9,42795,1,Weekday
2024-05-16,Hyderabad,Cosmetics,26,15496,0,Weekday
2024-05-17,Kolkata,Electronics,23,37076,1,Weekday
2024-05-17,Kolkata,Clothing,37,38591,0,Weekday
2024-05-17,Kolkata,Groceries,57,3249,0,Weekday
2024-05-17,Kolkata,Furniture,10,36450,0,Weekday
2024-05-17,Kolkata,Cosmetics,33,10461,1,Weekday
2024-05-17,Delhi,Electronics,21,38052,0,Weekday
2024-05-17,Delhi,Clothing,37,15207,0,Weekday
2024-05-17,Delhi,Groceries,55,4070,1,Weekday
2024-05-17,Delhi,Furniture,11,28831,1,Weekday
2024-05-17,Delhi,Cosmetics,22,9460,0,Weekday
2024-05-17,Mumbai,Electronics,20,18140,0,Weekday
2024-05-17,Mumbai,Clothing,38,42294,1,Weekday
2024-05-17,Mumbai,Groceries,68,11832,0,Weekday
2024-05-17,Mumbai,Furniture,9,51354,1,Weekday
2024-05-17,Mumbai,Cosmetics,27,5373,1,Weekday
2024-05-17,Bangalore,Electronics,20,35100,1,Weekday
2024-05-17,Bangalore,Clothing,33,14949,0,Weekday
2024-05-17,Bangalore,Groceries,52,10244,0,Weekday
2024-05-17,Bangalore,Furniture,8,35608,0,Weekday
2024-05-17,Bangalore,Cosmetics,26,16484,0,Weekday
2024-05-17,Hyderabad,Electronics,24,28224,1,Weekday
2024-05-17,Hyderabad,Clothing,37,20831,0,Weekday
2024-05-17,Hyderabad,Groceries,67,9782,0,Weekday
2024-05-17,Hyderabad,Furniture,12,68064,0,Weekday
2024-05-17,Hyderabad,Cosmetics,25,7175,0,Weekday
2024-05-18,Kolkata,Electronics,29,72384,1,Weekend
2024-05-18,Kolkata,Clothing,41,17917,1,Weekend
2024-05-18,Kolkata,Groceries,65,4290,0,Weekend
2024-05-18,Kolkata,Furniture,8,38760,1,Weekend
2024-05-18,Kolkata,Cosmetics,27,10935,0,Weekend
2024-05-18,Delhi,Electronics,24,48528,1,Weekend
2024-05-18,Delhi,Clothing,50,44800,1,Weekend
2024-05-18,Delhi,Groceries,46,6854,0,Weekend
2024-05-18,Delhi,Furniture,10,25520,1,Weekend
2024-05-18,Delhi,Cosmetics,31,17081,1,Weekend
2024-05-18,Mumbai,Electronics,20,30960,1,Weekend
2024-05-18,Mumbai,Clothing,35,23345,0,Weekend
2024-05-18,Mumbai,Groceries,50,8650,0,Weekend
2024-05-18,Mumbai,Furniture,10,22080,1,Weekend
2024-05-18,Mumbai,Cosmetics,18,7632,0,Weekend
2024-05-18,Bangalore,Electronics,17,34102,0,Weekend
2024-05-18,Bangalore,Clothing,36,31680,0,Weekend
2024-05-18,Bangalore,Groceries,60,9900,0,Weekend
2024-05-18,Bangalore,Furniture,8,30416,1,Weekend
2024-05-18,Bangalore,Cosmetics,20,11320,0,Weekend
2024-05-18,Hyderabad,Electronics,17,34187,0,Weekend
2024-05-18,Hyderabad,Clothing,35,34440,0,Weekend
2024-05-18,Hyderabad,Groceries,59,8201,0,Weekend
2024-05-18,Hyderabad,Furniture,12,42924,1,Weekend
2024-05-18,Hyderabad,Cosmetics,23,11247,0,Weekend
2024-05-19,Kolkata,Electronics,21,42420,1,Weekend
2024-05-19,Kolkata,Clothing,37,12173,0,Weekend
2024-05-19,Kolkata,Groceries,58,10498,0,Weekend
2024-05-19,Kolkata,Furniture,11,30327,1,Weekend
2024-05-19,Kolkata,Cosmetics,29,20300,0,Weekend
2024-05-19,Delhi,Electronics,24,53832,1,Weekend
2024-05-19,Delhi,Clothing,38,20900,0,Weekend
2024-05-19,Delhi,Groceries,58,7424,0,Weekend
2024-05-19,Delhi,Furniture,10,38860,0,Weekend
2024-05-19,Delhi,Cosmetics,25,8575,1,Weekend
2024-05-19,Mumbai,Electronics,21,44058,0,Weekend
2024-05-19,Mumbai,Clothing,31,23994,0,Weekend
2024-05-19,Mumbai,Groceries,53,6837,0,Weekend
2024-05-19,Mumbai,Furniture,10,31270,0,Weekend
2024-05-19,Mumbai,Cosmetics,27,20439,1,Weekend
2024-05-19,Bangalore,Electronics,17,42177,0,Weekend
2024-05-19,Bangalore,Clothing,37,24938,0,Weekend
2024-05-19,Bangalore,Groceries,58,6264,0,Weekend
2024-05-19,Bangalore,Furniture,13,71981,1,Weekend
2024-05-19,Bangalore,Cosmetics,23,9476,0,Weekend
2024-05-19,Hyderabad,Electronics,17,19278,0,Weekend
2024-05-19,Hyderabad,Clothing,32,28672,0,Weekend
2024-05-19,Hyderabad,Groceries,62,7440,1,Weekend
2024-05-19,Hyderabad,Furniture,8,24200,0,Weekend
2024-05-19,Hyderabad,Cosmetics,30,18570,1,Weekend
2024-05-20,Kolkata,Electronics,19,24377,0,Weekday
2024-05-20,Kolkata,Clothing,45,29160,0,Weekday
2024-05-20,Kolkata,Groceries,46,3312,1,Weekday
2024-05-20,Kolkata,Furniture,9,37674,0,Weekday
2024-05-20,Kolkata,Cosmetics,30,20100,0,Weekday
2024-05-20,Delhi,Electronics,21,29295,0,Weekday
2024-05-20,Delhi,Clothing,32,17856,0,Weekday
2024-05-20,Delhi,Groceries,63,6237,0,Weekday
2024-05-20,Delhi,Furniture,9,19854,0,Weekday
2024-05-20,Delhi,Cosmetics,33,21021,1,Weekday
2024-05-20,Mumbai,Electronics,20,16560,0,Weekday
2024-05-20,Mumbai,Clothing,26,12376,0,Weekday
2024-05-20,Mumbai,Groceries,79,7979,0,Weekday
2024-05-20,Mumbai,Furniture,7,30142,0,Weekday
2024-05-20,Mumbai,Cosmetics,25,16600,1,Weekday
2024-05-20,Bangalore,Electronics,23,19251,1,Weekday
2024-05-20,Bangalore,Clothing,44,13684,1,Weekday
2024-05-20,Bangalore,Groceries,69,11799,0,Weekday
2024-05-20,Bangalore,Furniture,10,49450,0,Weekday
2024-05-20,Bangalore,Cosmetics,24,10368,0,Weekday
2024-05-20,Hyderabad,Electronics,20,26260,0,Weekday
2024-05-20,Hyderabad,Clothing,34,28798,1,Weekday
2024-05-20,Hyderabad,Groceries,48,3024,0,Weekday
2024-05-20,Hyderabad,Furniture,9,28422,1,Weekday
2024-05-20,Hyderabad,Cosmetics,16,10704,0,Weekday
2024-05-21,Kolkata,Electronics,17,23494,0,Weekday
2024-05-21,Kolkata,Clothing,37,37703,0,Weekday
2024-05-21,Kolkata,Groceries,55,4620,0,Weekday
2024-05-21,Kolkata,Furniture,10,16330,0,Weekday
2024-05-21,Kolkata,Cosmetics,19,7049,0,Weekday
2024-05-21,Delhi,Electronics,14,28028,0,Weekday
2024-05-21,Delhi,Clothing,35,16205,0,Weekday
2024-05-21,Delhi,Groceries,62,5456,0,Weekday
2024-05-21,Delhi,Furniture,10,35360,0,Weekday
2024-05-21,Delhi,Cosmetics,30,15000,0,Weekday
2024-05-21,Mumbai,Electronics,25,35800,1,Weekday
2024-05-21,Mumbai,Clothing,39,17901,0,Weekday
2024-05-21,Mumbai,Groceries,68,12512,0,Weekday
2024-05-21,Mumbai,Furniture,11,29535,1,Weekday
2024-05-21,Mumbai,Cosmetics,27,16146,0,Weekday
2024-05-21,Bangalore,Electronics,24,27792,1,Weekday
2024-05-21,Bangalore,Clothing,30,12270,0,Weekday
2024-05-21,Bangalore,Groceries,64,4928,0,Weekday
2024-05-21,Bangalore,Furniture,10,29760,0,Weekday
2024-05-21,Bangalore,Cosmetics,26,14456,0,Weekday
2024-05-21,Hyderabad,Electronics,20,17940,0,Weekday
2024-05-21,Hyderabad,Clothing,40,43360,0,Weekday
2024-05-21,Hyderabad,Groceries,56,7672,0,Weekday
2024-05-21,Hyderabad,Furniture,11,47091,0,Weekday
2024-05-21,Hyderabad,Cosmetics,31,5115,0,Weekday
2024-05-22,Kolkata,Electronics,21,35343,0,Weekday
2024-05-22,Kolkata,Clothing,41,24764,1,Weekday
2024-05-22,Kolkata,Groceries,48,7008,0,Weekday
2024-05-22,Kolkata,Furniture,10,37250,0,Weekday
2024-05-22,Kolkata,Cosmetics,29,8845,0,Weekday
2024-05-22,Delhi,Electronics,26,48906,1,Weekday
2024-05-22,Delhi,Clothing,26,27612,0,Weekday
2024-05-22,Delhi,Groceries,67,13065,0,Weekday
2024-05-22,Delhi,Furniture,7,25319,0,Weekday
2024-05-22,Delhi,Cosmetics,19,12331,0,Weekday
2024-05-22,Mumbai,Electronics,18,16812,0,Weekday
2024-05-22,Mumbai,Clothing,46,42550,1,Weekday
2024-05-22,Mumbai,Groceries,70,5880,0,Weekday
2024-05-22,Mumbai,Furniture,13,46358,0,Weekday
2024-05-22,Mumbai,Cosmetics,24,11376,0,Weekday
2024-05-22,Bangalore,Electronics,14,13832,0,Weekday
2024-05-22,Bangalore,Clothing,30,28200,0,Weekday
2024-05-22,Bangalore,Groceries,53,6837,0,Weekday
2024-05-22,Bangalore,Furniture,9,14049,0,Weekday
2024-05-22,Bangalore,Cosmetics,30,20730,0,Weekday
2024-05-22,Hyderabad,Electronics,19,28443,0,Weekday
2024-05-22,Hyderabad,Clothing,31,34069,0,Weekday
2024-05-22,Hyderabad,Groceries,54,7776,0,Weekday
2024-05-22,Hyderabad,Furniture,10,44920,1,Weekday
2024-05-22,Hyderabad,Cosmetics,29,17081,0,Weekday
2024-05-23,Kolkata,Electronics,25,52950,1,Weekday
2024-05-23,Kolkata,Clothing,34,37536,0,Weekday
2024-05-23,Kolkata,Groceries,57,9177,0,Weekday
2024-05-23,Kolkata,Furniture,9,32418,0,Weekday
2024-05-23,Kolkata,Cosmetics,21,3528,0,Weekday
2024-05-23,Delhi,Electronics,26,28834,0,Weekday
2024-05-23,Delhi,Clothing,36,22464,1,Weekday
2024-05-23,Delhi,Groceries,56,8120,0,Weekday
2024-05-23,Delhi,Furniture,10,17190,1,Weekday
2024-05-23,Delhi,Cosmetics,30,9660,0,Weekday
2024-05-23,Mumbai,Electronics,24,21216,0,Weekday
2024-05-23,Mumbai,Clothing,35,19040,0,Weekday
2024-05-23,Mumbai,Groceries,63,6867,0,Weekday
2024-05-23,Mumbai,Furniture,14,26992,1,Weekday
2024-05-23,Mumbai,Cosmetics,24,13824,0,Weekday
2024-05-23,Bangalore,Electronics,14,29806,0,Weekday
2024-05-23,Bangalore,Clothing,34,37502,1,Weekday
2024-05-23,Bangalore,Groceries,73,7957,0,Weekday
2024-05-23,Bangalore,Furniture,9,40581,0,Weekday
2024-05-23,Bangalore,Cosmetics,31,15624,1,Weekday
2024-05-23,Hyderabad,Electronics,19,20140,1,Weekday
2024-05-23,Hyderabad,Clothing,32,18464,0,Weekday
2024-05-23,Hyderabad,Groceries,76,12768,0,Weekday
2024-05-23,Hyderabad,Furniture,10,48460,0,Weekday
2024-05-23,Hyderabad,Cosmetics,27,5265,0,Weekday
2024-05-24,Kolkata,Electronics,18,43308,0,Weekday
2024-05-24,Kolkata,Clothing,32,37952,0,Weekday
2024-05-24,Kolkata,Groceries,59,8850,0,Weekday
2024-05-24,Kolkata,Furniture,11,19129,0,Weekday
2024-05-24,Kolkata,Cosmetics,22,6600,0,Weekday
2024-05-24,Delhi,Electronics,19,16663,1,Weekday
2024-05-24,Delhi,Clothing,35,22995,0,Weekday
2024-05-24,Delhi,Groceries,52,3068,0,Weekday
2024-05-24,Delhi,Furniture,10,23300,0,Weekday
2024-05-24,Delhi,Cosmetics,26,9906,1,Weekday
2024-05-24,Mumbai,Electronics,25,55700,0,Weekday
2024-05-24,Mumbai,Clothing,35,41825,0,Weekday
2024-05-24,Mumbai,Groceries,67,3551,1,Weekday
2024-05-24,Mumbai,Furniture,12,56592,1,Weekday
2024-05-24,Mumbai,Cosmetics,28,11424,0,Weekday
2024-05-24,Bangalore,Electronics,19,27436,1,Weekday
2024-05-24,Bangalore,Clothing,46,44344,1,Weekday
2024-05-24,Bangalore,Groceries,46,7268,0,Weekday
2024-05-24,Bangalore,Furniture,9,34011,0,Weekday
2024-05-24,Bangalore,Cosmetics,28,6664,0,Weekday
2024-05-24,Hyderabad,Electronics,18,27468,0,Weekday
2024-05-24,Hyderabad,Clothing,29,11455,0,Weekday
2024-05-24,Hyderabad,Groceries,42,8274,0,Weekday
2024-05-24,Hyderabad,Furniture,9,48051,0,Weekday
2024-05-24,Hyderabad,Cosmetics,17,8534,0,Weekday
2024-05-25,Kolkata,Electronics,23,34178,0,Weekend
2024-05-25,Kolkata,Clothing,32,24256,0,Weekend
2024-05-25,Kolkata,Groceries,45,3195,0,Weekend
2024-05-25,Kolkata,Furniture,9,28953,1,Weekend
2024-05-25,Kolkata,Cosmetics,17,6630,0,Weekend
2024-05-25,Delhi,Electronics,15,17040,0,Weekend
2024-05-25,Delhi,Clothing,39,35061,1,Weekend
2024-05-25,Delhi,Groceries,53,7208,0,Weekend
2024-05-25,Delhi,Furniture,10,17820,0,Weekend
2024-05-25,Delhi,Cosmetics,23,7199,0,Weekend
2024-05-25,Mumbai,Electronics,23,39169,0,Weekend
2024-05-25,Mumbai,Clothing,35,30835,0,Weekend
2024-05-25,Mumbai,Groceries,75,8550,1,Weekend
2024-05-25,Mumbai,Furniture,15,69945,1,Weekend
2024-05-25,Mumbai,Cosmetics,26,13416,1,Weekend
2024-05-25,Bangalore,Electronics,16,32112,1,Weekend
2024-05-25,Bangalore,Clothing,28,11956,0,Weekend
2024-05-25,Bangalore,Groceries,79,9796,1,Weekend
2024-05-25,Bangalore,Furniture,10,47630,1,Weekend
2024-05-25,Bangalore,Cosmetics,26,12948,1,Weekend
2024-05-25,Hyderabad,Electronics,28,50176,1,Weekend
2024-05-25,Hyderabad,Clothing,36,38628,0,Weekend
2024-05-25,Hyderabad,Groceries,66,5016,0,Weekend
2024-05-25,Hyderabad,Furniture,9,46107,0,Weekend
2024-05-25,Hyderabad,Cosmetics,26,16874,0,Weekend
2024-05-26,Kolkata,Electronics,19,33972,0,Weekend
2024-05-26,Kolkata,Clothing,25,9200,0,Weekend
2024-05-26,Kolkata,Groceries,44,8316,1,Weekend
2024-05-26,Kolkata,Furniture,13,24999,1,Weekend
2024-05-26,Kolkata,Cosmetics,20,12520,1,Weekend
2024-05-26,Delhi,Electronics,21,20286,0,Weekend
2024-05-26,Delhi,Clothing,41,44649,1,Weekend
2024-05-26,Delhi,Groceries,62,8742,0,Weekend
2024-05-26,Delhi,Furniture,10,18230,0,Weekend
2024-05-26,Delhi,Cosmetics,20,11180,0,Weekend
2024-05-26,Mumbai,Electronics,20,36920,0,Weekend
2024-05-26,Mumbai,Clothing,46,21252,1,Weekend
2024-05-26,Mumbai,Groceries,56,6272,0,Weekend
2024-05-26,Mumbai,Furniture,11,25003,0,Weekend
2024-05-26,Mumbai,Cosmetics,22,16104,0,Weekend
2024-05-26,Bangalore,Electronics,21,25095,1,Weekend
2024-05-26,Bangalore,Clothing,31,13175,0,Weekend
2024-05-26,Bangalore,Groceries,55,8965,0,Weekend
2024-05-26,Bangalore,Furniture,10,47130,0,Weekend
2024-05-26,Bangalore,Cosmetics,30,15810,1,Weekend
2024-05-26,Hyderabad,Electronics,19,29963,0,Weekend
2024-05-26,Hyderabad,Clothing,34,26588,0,Weekend
2024-05-26,Hyderabad,Groceries,97,17848,1,Weekend
2024-05-26,Hyderabad,Furniture,9,31743,0,Weekend
2024-05-26,Hyderabad,Cosmetics,29,12760,0,Weekend
2024-05-27,Kolkata,Electronics,15,36630,0,Weekday
2024-05-27,Kolkata,Clothing,32,32480,0,Weekday
2024-05-27,Kolkata,Groceries,82,13448,1,Weekday
2024-05-27,Kolkata,Furniture,10,40920,0,Weekday
2024-05-27,Kolkata,Cosmetics,30,17850,1,Weekday
2024-05-27,Delhi,Electronics,17,17680,0,Weekday
2024-05-27,Delhi,Clothing,36,24336,0,Weekday
2024-05-27,Delhi,Groceries,68,10812,0,Weekday
2024-05-27,Delhi,Furniture,9,24750,0,Weekday
2024-05-27,Delhi,Cosmetics,33,8250,1,Weekday
2024-05-27,Mumbai,Electronics,21,49875,0,Weekday
2024-05-27,Mumbai,Clothing,28,24136,0,Weekday
2024-05-27,Mumbai,Groceries,53,9699,0,Weekday
2024-05-27,Mumbai,Furniture,15,88665,1,Weekday
2024-05-27,Mumbai,Cosmetics,20,9920,0,Weekday
2024-05-27,Bangalore,Electronics,20,37020,0,Weekday
2024-05-27,Bangalore,Clothing,36,40572,0,Weekday
2024-05-27,Bangalore,Groceries,70,6580,0,Weekday
2024-05-27,Bangalore,Furniture,10,48590,0,Weekday
2024-05-27,Bangalore,Cosmetics,17,12053,0,Weekday
2024-05-27,Hyderabad,Electronics,19,36024,0,Weekday
2024-05-27,Hyderabad,Clothing,32,19936,1,Weekday
2024-05-27,Hyderabad,Groceries,66,4884,1,Weekday
2024-05-27,Hyderabad,Furniture,11,19305,0,Weekday
2024-05-27,Hyderabad,Cosmetics,29,8178,0,Weekday
2024-05-28,Kolkata,Electronics,19,42313,0,Weekday
2024-05-28,Kolkata,Clothing,44,21868,0,Weekday
2024-05-28,Kolkata,Groceries,41,2501,0,Weekday
2024-05-28,Kolkata,Furniture,12,51588,1,Weekday
2024-05-28,Kolkata,Cosmetics,30,8310,0,Weekday
2024-05-28,Delhi,Electronics,17,28628,0,Weekday
2024-05-28,Delhi,Clothing,43,43602,0,Weekday
2024-05-28,Delhi,Groceries,64,6400,0,Weekday
2024-05-28,Delhi,Furniture,13,51311,0,Weekday
2024-05-28,Delhi,Cosmetics,28,8988,0,Weekday
2024-05-28,Mumbai,Electronics,18,33876,0,Weekday
2024-05-28,Mumbai,Clothing,27,14094,1,Weekday
2024-05-28,Mumbai,Groceries,70,7910,0,Weekday
2024-05-28,Mumbai,Furniture,8,26424,0,Weekday
2024-05-28,Mumbai,Cosmetics,23,17020,0,Weekday
2024-05-28,Bangalore,Electronics,21,49455,0,Weekday
2024-05-28,Bangalore,Clothing,39,40677,0,Weekday
2024-05-28,Bangalore,Groceries,60,10860,0,Weekday
2024-05-28,Bangalore,Furniture,9,43092,0,Weekday
2024-05-28,Bangalore,Cosmetics,27,20628,0,Weekday
2024-05-28,Hyderabad,Electronics,22,42196,1,Weekday
2024-05-28,Hyderabad,Clothing,41,25953,1,Weekday
2024-05-28,Hyderabad,Groceries,55,5335,0,Weekday
2024-05-28,Hyderabad,Furniture,11,16555,0,Weekday
2024-05-28,Hyderabad,Cosmetics,28,5432,0,Weekday
2024-05-29,Kolkata,Electronics,21,24087,0,Weekday
2024-05-29,Kolkata,Clothing,53,46534,1,Weekday
2024-05-29,Kolkata,Groceries,74,9102,0,Weekday
2024-05-29,Kolkata,Furniture,7,19782,0,Weekday
2024-05-29,Kolkata,Cosmetics,22,11704,0,Weekday
2024-05-29,Delhi,Electronics,22,29150,1,Weekday
2024-05-29,Delhi,Clothing,37,16132,1,Weekday
2024-05-29,Delhi,Groceries,54,8964,0,Weekday
2024-05-29,Delhi,Furniture,8,43872,0,Weekday
2024-05-29,Delhi,Cosmetics,22,14652,0,Weekday
2024-05-29,Mumbai,Electronics,23,47886,1,Weekday
2024-05-29,Mumbai,Clothing,38,33402,0,Weekday
2024-05-29,Mumbai,Groceries,69,12972,1,Weekday
2024-05-29,Mumbai,Furniture,11,42372,0,Weekday
2024-05-29,Mumbai,Cosmetics,24,4296,0,Weekday
2024-05-29,Bangalore,Electronics,24,57288,0,Weekday
2024-05-29,Bangalore,Clothing,38,32414,0,Weekday
2024-05-29,Bangalore,Groceries,53,7632,0,Weekday
2024-05-29,Bangalore,Furniture,12,47844,1,Weekday
2024-05-29,Bangalore,Cosmetics,30,6660,0,Weekday
2024-05-29,Hyderabad,Electronics,16,32864,0,Weekday
2024-05-29,Hyderabad,Clothing,41,17712,1,Weekday
2024-05-29,Hyderabad,Groceries,53,4028,1,Weekday
2024-05-29,Hyderabad,Furniture,10,39370,0,Weekday
2024-05-29,Hyderabad,Cosmetics,24,8928,0,Weekday
2024-05-30,Kolkata,Electronics,19,17537,0,Weekday
2024-05-30,Kolkata,Clothing,37,12321,1,Weekday
2024-05-30,Kolkata,Groceries,56,7280,0,Weekday
2024-05-30,Kolkata,Furniture,11,31669,0,Weekday
2024-05-30,Kolkata,Cosmetics,23,8947,1,Weekday
2024-05-30,Delhi,Electronics,22,42262,0,Weekday
2024-05-30,Delhi,Clothing,36,21060,0,Weekday
2024-05-30,Delhi,Groceries,59,8909,0,Weekday
2024-05-30,Delhi,Furniture,11,51788,0,Weekday
2024-05-30,Delhi,Cosmetics,24,7536,0,Weekday
2024-05-30,Mumbai,Electronics,21,41496,0,Weekday
2024-05-30,Mumbai,Clothing,29,26854,0,Weekday
2024-05-30,Mumbai,Groceries,63,3528,0,Weekday
2024-05-30,Mumbai,Furniture,11,39050,0,Weekday
2024-05-30,Mumbai,Cosmetics,29,15225,0,Weekday
2024-05-30,Bangalore,Electronics,21,47061,0,Weekday
2024-05-30,Bangalore,Clothing,30,18330,1,Weekday
2024-05-30,Bangalore,Groceries,50,5650,0,Weekday
2024-05-30,Bangalore,Furniture,9,39519,0,Weekday
2024-05-30,Bangalore,Cosmetics,16,12400,0,Weekday
2024-05-30,Hyderabad,Electronics,22,49258,0,Weekday
2024-05-30,Hyderabad,Clothing,37,22718,0,Weekday
2024-05-30,Hyderabad,Groceries,54,5832,0,Weekday
2024-05-30,Hyderabad,Furniture,12,35436,0,Weekday
2024-05-30,Hyderabad,Cosmetics,29,12209,0,Weekday
2024-05-31,Kolkata,Electronics,18,40734,0,Weekday
2024-05-31,Kolkata,Clothing,36,34272,1,Weekday
2024-05-31,Kolkata,Groceries,59,3304,1,Weekday
2024-05-31,Kolkata,Furniture,8,29104,0,Weekday
2024-05-31,Kolkata,Cosmetics,21,15414,0,Weekday
2024-05-31,Delhi,Electronics,18,37746,0,Weekday
2024-05-31,Delhi,Clothing,36,39240,1,Weekday
2024-05-31,Delhi,Groceries,53,4452,0,Weekday
2024-05-31,Delhi,Furniture,11,61303,0,Weekday
2024-05-31,Delhi,Cosmetics,28,4424,0,Weekday
2024-05-31,Mumbai,Electronics,15,14175,0,Weekday
2024-05-31,Mumbai,Clothing,30,16230,0,Weekday
2024-05-31,Mumbai,Groceries,80,13280,0,Weekday
2024-05-31,Mumbai,Furniture,10,44450,0,Weekday
2024-05-31,Mumbai,Cosmetics,25,16150,1,Weekday
2024-05-31,Bangalore,Electronics,19,34903,1,Weekday
2024-05-31,Bangalore,Clothing,33,25047,1,Weekday
2024-05-31,Bangalore,Groceries,74,13098,0,Weekday
2024-05-31,Bangalore,Furniture,9,52326,0,Weekday
2024-05-31,Bangalore,Cosmetics,19,5947,0,Weekday
2024-05-31,Hyderabad,Electronics,21,49119,0,Weekday
2024-05-31,Hyderabad,Clothing,36,35280,0,Weekday
2024-05-31,Hyderabad,Groceries,79,13588,1,Weekday
2024-05-31,Hyderabad,Furniture,12,40968,0,Weekday
2024-05-31,Hyderabad,Cosmetics,23,17549,0,Weekday
2024-06-01,Kolkata,Electronics,18,42390,0,Weekend
2024-06-01,Kolkata,Clothing,39,19695,0,Weekend
2024-06-01,Kolkata,Groceries,66,7128,1,Weekend
2024-06-01,Kolkata,Furniture,14,35784,0,Weekend
2024-06-01,Kolkata,Cosmetics,25,15950,0,Weekend
2024-06-01,Delhi,Electronics,29,46371,1,Weekend
2024-06-01,Delhi,Clothing,40,12960,0,Weekend
2024-06-01,Delhi,Groceries,46,4462,1,Weekend
2024-06-01,Delhi,Furniture,9,13554,0,Weekend
2024-06-01,Delhi,Cosmetics,26,13858,0,Weekend
2024-06-01,Mumbai,Electronics,16,20688,1,Weekend
2024-06-01,Mumbai,Clothing,40,42480,1,Weekend
2024-06-01,Mumbai,Groceries,105,20475,1,Weekend
2024-06-01,Mumbai,Furniture,10,52450,0,Weekend
2024-06-01,Mumbai,Cosmetics,28,8148,1,Weekend
2024-06-01,Bangalore,Electronics,27,23031,1,Weekend
2024-06-01,Bangalore,Clothing,47,45872,1,Weekend
2024-06-01,Bangalore,Groceries,73,8614,1,Weekend
2024-06-01,Bangalore,Furniture,8,47880,0,Weekend
2024-06-01,Bangalore,Cosmetics,25,9425,0,Weekend
2024-06-01,Hyderabad,Electronics,32,49632,1,Weekend
2024-06-01,Hyderabad,Clothing,34,25874,0,Weekend
2024-06-01,Hyderabad,Groceries,76,6080,0,Weekend
2024-06-01,Hyderabad,Furniture,10,29990,0,Weekend
2024-06-01,Hyderabad,Cosmetics,28,15372,1,Weekend
2024-06-02,Kolkata,Electronics,25,27925,1,Weekend
2024-06-02,Kolkata,Clothing,41,44280,1,Weekend
2024-06-02,Kolkata,Groceries,76,4256,0,Weekend
2024-06-02,Kolkata,Furniture,10,15430,1,Weekend
2024-06-02,Kolkata,Cosmetics,30,18810,0,Weekend
2024-06-02,Delhi,Electronics,25,54150,0,Weekend
2024-06-02,Delhi,Clothing,32,36352,1,Weekend
2024-06-02,Delhi,Groceries,76,10716,1,Weekend
2024-06-02,Delhi,Furniture,12,51024,0,Weekend
2024-06-02,Delhi,Cosmetics,26,12974,0,Weekend
2024-06-02,Mumbai,Electronics,26,35828,0,Weekend
2024-06-02,Mumbai,Clothing,37,31931,0,Weekend
2024-06-02,Mumbai,Groceries,94,5640,1,Weekend
2024-06-02,Mumbai,Furniture,11,60280,0,Weekend
2024-06-02,Mumbai,Cosmetics,26,13858,0,Weekend
2024-06-02,Bangalore,Electronics,19,30704,0,Weekend
2024-06-02,Bangalore,Clothing,43,24424,0,Weekend
2024-06-02,Bangalore,Groceries,80,9600,0,Weekend
2024-06-02,Bangalore,Furniture,14,28224,1,Weekend
2024-06-02,Bangalore,Cosmetics,31,13857,1,Weekend
2024-06-02,Hyderabad,Electronics,26,34814,0,Weekend
2024-06-02,Hyderabad,Clothing,51,56100,1,Weekend
2024-06-02,Hyderabad,Groceries,63,12348,0,Weekend
2024-06-02,Hyderabad,Furniture,9,46323,0,Weekend
2024-06-02,Hyderabad,Cosmetics,26,13494,0,Weekend
2024-06-03,Kolkata,Electronics,18,21456,0,Weekday
2024-06-03,Kolkata,Clothing,45,39285,1,Weekday
2024-06-03,Kolkata,Groceries,59,11446,0,Weekday
2024-06-03,Kolkata,Furniture,10,38950,0,Weekday
2024-06-03,Kolkata,Cosmetics,23,3772,0,Weekday
2024-06-03,Delhi,Electronics,21,37254,0,Weekday
2024-06-03,Delhi,Clothing,39,37635,0,Weekday
2024-06-03,Delhi,Groceries,57,4389,0,Weekday
2024-06-03,Delhi,Furniture,9,14049,0,Weekday
2024-06-03,Delhi,Cosmetics,26,9204,0,Weekday
2024-06-03,Mumbai,Electronics,24,32448,0,Weekday
2024-06-03,Mumbai,Clothing,34,12546,0,Weekday
2024-06-03,Mumbai,Groceries,72,5328,0,Weekday
2024-06-03,Mumbai,Furniture,11,55924,1,Weekday
2024-06-03,Mumbai,Cosmetics,30,11760,0,Weekday
2024-06-03,Bangalore,Electronics,24,25368,1,Weekday
2024-06-03,Bangalore,Clothing,43,31390,0,Weekday
2024-06-03,Bangalore,Groceries,63,6678,0,Weekday
2024-06-03,Bangalore,Furniture,10,56860,0,Weekday
2024-06-03,Bangalore,Cosmetics,27,4806,0,Weekday
2024-06-03,Hyderabad,Electronics,29,42311,1,Weekday
2024-06-03,Hyderabad,Clothing,29,14297,0,Weekday
2024-06-03,Hyderabad,Groceries,72,11808,0,Weekday
2024-06-03,Hyderabad,Furniture,12,59088,0,Weekday
2024-06-03,Hyderabad,Cosmetics,29,8381,0,Weekday
2024-06-04,Kolkata,Electronics,20,44200,1,Weekday
2024-06-04,Kolkata,Clothing,28,25228,0,Weekday
2024-06-04,Kolkata,Groceries,76,6004,1,Weekday
2024-06-04,Kolkata,Furniture,12,67092,0,Weekday
2024-06-04,Kolkata,Cosmetics,32,23808,0,Weekday
2024-06-04,Delhi,Electronics,14,23688,0,Weekday
2024-06-04,Delhi,Clothing,30,34680,0,Weekday
2024-06-04,Delhi,Groceries,56,5208,0,Weekday
2024-06-04,Delhi,Furniture,9,22986,0,Weekday
2024-06-04,Delhi,Cosmetics,27,8937,0,Weekday
2024-06-04,Mumbai,Electronics,16,22400,0,Weekday
2024-06-04,Mumbai,Clothing,34,21080,0,Weekday
2024-06-04,Mumbai,Groceries,80,9360,0,Weekday
2024-06-04,Mumbai,Furniture,14,61908,1,Weekday
2024-06-04,Mumbai,Cosmetics,22,14850,0,Weekday
2024-06-04,Bangalore,Electronics,24,26808,1,Weekday
2024-06-04,Bangalore,Clothing,41,37023,0,Weekday
2024-06-04,Bangalore,Groceries,81,12798,1,Weekday
2024-06-04,Bangalore,Furniture,12,67488,0,Weekday
2024-06-04,Bangalore,Cosmetics,38,22002,1,Weekday
2024-06-04,Hyderabad,Electronics,21,37779,0,Weekday
2024-06-04,Hyderabad,Clothing,43,13588,1,Weekday
2024-06-04,Hyderabad,Groceries,79,12166,1,Weekday
2024-06-04,Hyderabad,Furniture,15,68565,0,Weekday
2024-06-04,Hyderabad,Cosmetics,34,13294,0,Weekday
2024-06-05,Kolkata,Electronics,28,29820,1,Weekday
2024-06-05,Kolkata,Clothing,51,30243,1,Weekday
2024-06-05,Kolkata,Groceries,58,6612,1,Weekday
2024-06-05,Kolkata,Furniture,12,32124,0,Weekday
2024-06-05,Kolkata,Cosmetics,25,18100,0,Weekday
2024-06-05,Delhi,Electronics,32,55424,1,Weekday
2024-06-05,Delhi,Clothing,38,16530,0,Weekday
2024-06-05,Delhi,Groceries,87,14442,0,Weekday
2024-06-05,Delhi,Furniture,12,57168,0,Weekday
2024-06-05,Delhi,Cosmetics,31,13051,1,Weekday
2024-06-05,Mumbai,Electronics,29,65946,1,Weekday
2024-06-05,Mumbai,Clothing,30,28860,0,Weekday
2024-06-05,Mumbai,Groceries,74,11026,0,Weekday
2024-06-05,Mumbai,Furniture,10,46060,0,Weekday
2024-06-05,Mumbai,Cosmetics,30,15180,1,Weekday
2024-06-05,Bangalore,Electronics,20,17420,0,Weekday
2024-06-05,Bangalore,Clothing,48,33024,1,Weekday
2024-06-05,Bangalore,Groceries,61,12017,0,Weekday
2024-06-05,Bangalore,Furniture,14,81452,1,Weekday
2024-06-05,Bangalore,Cosmetics,25,5000,1,Weekday
2024-06-05,Hyderabad,Electronics,23,51060,1,Weekday
2024-06-05,Hyderabad,Clothing,49,28077,1,Weekday
2024-06-05,Hyderabad,Groceries,67,5226,1,Weekday
2024-06-05,Hyderabad,Furniture,11,53482,0,Weekday
2024-06-05,Hyderabad,Cosmetics,23,9453,0,Weekday
2024-06-06,Kolkata,Electronics,27,62829,0,Weekday
2024-06-06,Kolkata,Clothing,43,15394,1,Weekday
2024-06-06,Kolkata,Groceries,49,5537,0,Weekday
2024-06-06,Kolkata,Furniture,14,27762,1,Weekday
2024-06-06,Kolkata,Cosmetics,35,23030,0,Weekday
2024-06-06,Delhi,Electronics,21,21630,0,Weekday
2024-06-06,Delhi,Clothing,35,16730,0,Weekday
2024-06-06,Delhi,Groceries,72,9360,1,Weekday
2024-06-06,Delhi,Furniture,11,29799,0,Weekday
2024-06-06,Delhi,Cosmetics,27,18387,0,Weekday
2024-06-06,Mumbai,Electronics,25,49375,0,Weekday
2024-06-06,Mumbai,Clothing,29,34220,0,Weekday
2024-06-06,Mumbai,Groceries,69,7659,0,Weekday
2024-06-06,Mumbai,Furniture,9,36396,0,Weekday
2024-06-06,Mumbai,Cosmetics,31,13950,1,Weekday
2024-06-06,Bangalore,Electronics,30,27690,1,Weekday
2024-06-06,Bangalore,Clothing,44,39776,0,Weekday
2024-06-06,Bangalore,Groceries,79,11455,0,Weekday
2024-06-06,Bangalore,Furniture,10,45090,0,Weekday
2024-06-06,Bangalore,Cosmetics,27,14472,0,Weekday
2024-06-06,Hyderabad,Electronics,17,16626,0,Weekday
2024-06-06,Hyderabad,Clothing,36,24300,0,Weekday
2024-06-06,Hyderabad,Groceries,71,11005,0,Weekday
2024-06-06,Hyderabad,Furniture,10,53220,0,Weekday
2024-06-06,Hyderabad,Cosmetics,28,10752,0,Weekday
2024-06-07,Kolkata,Electronics,19,25327,0,Weekday
2024-06-07,Kolkata,Clothing,40,38640,1,Weekday
2024-06-07,Kolkata,Groceries,78,12012,0,Weekday
2024-06-07,Kolkata,Furniture,12,60792,1,Weekday
2024-06-07,Kolkata,Cosmetics,28,6412,0,Weekday
2024-06-07,Delhi,Electronics,17,14688,0,Weekday
2024-06-07,Delhi,Clothing,40,20880,0,Weekday
2024-06-07,Delhi,Groceries,87,6873,0,Weekday
2024-06-07,Delhi,Furniture,14,22568,1,Weekday
2024-06-07,Delhi,Cosmetics,26,16380,0,Weekday
2024-06-07,Mumbai,Electronics,30,29670,0,Weekday
2024-06-07,Mumbai,Clothing,40,26080,0,Weekday
2024-06-07,Mumbai,Groceries,67,7169,1,Weekday
2024-06-07,Mumbai,Furniture,11,63283,0,Weekday
2024-06-07,Mumbai,Cosmetics,35,18165,1,Weekday
2024-06-07,Bangalore,Electronics,20,30760,0,Weekday
2024-06-07,Bangalore,Clothing,42,16884,0,Weekday
2024-06-07,Bangalore,Groceries,82,10742,0,Weekday
2024-06-07,Bangalore,Furniture,11,62722,0,Weekday
2024-06-07,Bangalore,Cosmetics,24,4776,0,Weekday
2024-06-07,Hyderabad,Electronics,21,31542,0,Weekday
2024-06-07,Hyderabad,Clothing,53,44043,0,Weekday
2024-06-07,Hyderabad,Groceries,59,9794,1,Weekday
2024-06-07,Hyderabad,Furniture,11,22352,0,Weekday
2024-06-07,Hyderabad,Cosmetics,36,25596,1,Weekday
2024-06-08,Kolkata,Electronics,23,43723,0,Weekend
2024-06-08,Kolkata,Clothing,52,38168,1,Weekend
2024-06-08,Kolkata,Groceries,68,12988,0,Weekend
2024-06-08,Kolkata,Furniture,10,17600,1,Weekend
2024-06-08,Kolkata,Cosmetics,28,19096,0,Weekend
2024-06-08,Delhi,Electronics,24,21096,1,Weekend
2024-06-08,Delhi,Clothing,40,39800,1,Weekend
2024-06-08,Delhi,Groceries,65,12220,0,Weekend
2024-06-08,Delhi,Furniture,15,83715,1,Weekend
2024-06-08,Delhi,Cosmetics,26,10010,1,Weekend
2024-06-08,Mumbai,Electronics,16,20816,0,Weekend
2024-06-08,Mumbai,Clothing,38,35872,0,Weekend
2024-06-08,Mumbai,Groceries,71,8307,1,Weekend
2024-06-08,Mumbai,Furniture,11,44033,1,Weekend
2024-06-08,Mumbai,Cosmetics,28,9128,0,Weekend
2024-06-08,Bangalore,Electronics,21,51618,0,Weekend
2024-06-08,Bangalore,Clothing,36,13932,0,Weekend
2024-06-08,Bangalore,Groceries,64,7424,0,Weekend
2024-06-08,Bangalore,Furniture,11,29414,0,Weekend
2024-06-08,Bangalore,Cosmetics,30,8250,0,Weekend
2024-06-08,Hyderabad,Electronics,27,39825,1,Weekend
2024-06-08,Hyderabad,Clothing,35,35875,1,Weekend
2024-06-08,Hyderabad,Groceries,47,4418,0,Weekend
2024-06-08,Hyderabad,Furniture,11,48906,0,Weekend
2024-06-08,Hyderabad,Cosmetics,29,17951,0,Weekend
2024-06-09,Kolkata,Electronics,23,46575,1,Weekend
2024-06-09,Kolkata,Clothing,46,19734,1,Weekend
2024-06-09,Kolkata,Groceries,63,5544,0,Weekend
2024-06-09,Kolkata,Furniture,10,26290,0,Weekend
2024-06-09,Kolkata,Cosmetics,23,8717,0,Weekend
2024-06-09,Delhi,Electronics,26,40690,0,Weekend
2024-06-09,Delhi,Clothing,39,15717,0,Weekend
2024-06-09,Delhi,Groceries,62,12152,0,Weekend
2024-06-09,Delhi,Furniture,11,30327,0,Weekend
2024-06-09,Delhi,Cosmetics,24,10704,1,Weekend
2024-06-09,Mumbai,Electronics,26,43316,0,Weekend
2024-06-09,Mumbai,Clothing,43,19866,1,Weekend
2024-06-09,Mumbai,Groceries,73,7665,1,Weekend
2024-06-09,Mumbai,Furniture,11,21076,1,Weekend
2024-06-09,Mumbai,Cosmetics,29,16791,0,Weekend
2024-06-09,Bangalore,Electronics,20,26460,0,Weekend
2024-06-09,Bangalore,Clothing,33,23331,1,Weekend
2024-06-09,Bangalore,Groceries,74,12062,1,Weekend
2024-06-09,Bangalore,Furniture,13,64961,1,Weekend
2024-06-09,Bangalore,Cosmetics,26,20436,0,Weekend
2024-06-09,Hyderabad,Electronics,18,18288,0,Weekend
2024-06-09,Hyderabad,Clothing,35,25725,0,Weekend
2024-06-09,Hyderabad,Groceries,73,9198,0,Weekend
2024-06-09,Hyderabad,Furniture,11,54967,0,Weekend
2024-06-09,Hyderabad,Cosmetics,23,11454,0,Weekend
2024-06-10,Kolkata,Electronics,20,19200,1,Weekday
2024-06-10,Kolkata,Clothing,46,21252,1,Weekday
2024-06-10,Kolkata,Groceries,68,11628,0,Weekday
2024-06-10,Kolkata,Furniture,11,52327,0,Weekday
2024-06-10,Kolkata,Cosmetics,28,18340,0,Weekday
2024-06-10,Delhi,Electronics,17,15878,0,Weekday
2024-06-10,Delhi,Clothing,37,42513,0,Weekday
2024-06-10,Delhi,Groceries,68,13260,0,Weekday
2024-06-10,Delhi,Furniture,10,15610,1,Weekday
2024-06-10,Delhi,Cosmetics,35,23975,0,Weekday
2024-06-10,Mumbai,Electronics,19,22040,1,Weekday
2024-06-10,Mumbai,Clothing,43,40291,0,Weekday
2024-06-10,Mumbai,Groceries,79,14615,0,Weekday
2024-06-10,Mumbai,Furniture,11,43648,0,Weekday
2024-06-10,Mumbai,Cosmetics,14,9800,0,Weekday
2024-06-10,Bangalore,Electronics,19,45011,0,Weekday
2024-06-10,Bangalore,Clothing,34,21182,1,Weekday
2024-06-10,Bangalore,Groceries,73,8687,0,Weekday
2024-06-10,Bangalore,Furniture,12,38628,0,Weekday
2024-06-10,Bangalore,Cosmetics,29,9019,0,Weekday
2024-06-10,Hyderabad,Electronics,21,20958,0,Weekday
2024-06-10,Hyderabad,Clothing,34,32198,0,Weekday
2024-06-10,Hyderabad,Groceries,60,9660,1,Weekday
2024-06-10,Hyderabad,Furniture,14,35364,0,Weekday
2024-06-10,Hyderabad,Cosmetics,33,18678,1,Weekday
2024-06-11,Kolkata,Electronics,26,63154,0,Weekday
2024-06-11,Kolkata,Clothing,36,35208,0,Weekday
2024-06-11,Kolkata,Groceries,56,10640,0,Weekday
2024-06-11,Kolkata,Furniture,14,21448,1,Weekday
2024-06-11,Kolkata,Cosmetics,26,13598,0,Weekday
2024-06-11,Delhi,Electronics,25,21550,0,Weekday
2024-06-11,Delhi,Clothing,30,35400,0,Weekday
2024-06-11,Delhi,Groceries,108,9612,1,Weekday
2024-06-11,Delhi,Furniture,11,17006,0,Weekday
2024-06-11,Delhi,Cosmetics,25,8725,0,Weekday
2024-06-11,Mumbai,Electronics,20,43240,0,Weekday
2024-06-11,Mumbai,Clothing,31,23746,0,Weekday
2024-06-11,Mumbai,Groceries,72,8928,0,Weekday
2024-06-11,Mumbai,Furniture,13,31343,0,Weekday
2024-06-11,Mumbai,Cosmetics,25,10175,0,Weekday
2024-06-11,Bangalore,Electronics,18,23850,0,Weekday
2024-06-11,Bangalore,Clothing,32,24000,0,Weekday
2024-06-11,Bangalore,Groceries,53,4929,0,Weekday
2024-06-11,Bangalore,Furniture,12,52140,0,Weekday
2024-06-11,Bangalore,Cosmetics,28,4312,0,Weekday
2024-06-11,Hyderabad,Electronics,13,16744,0,Weekday
2024-06-11,Hyderabad,Clothing,33,11682,1,Weekday
2024-06-11,Hyderabad,Groceries,81,8262,1,Weekday
2024-06-11,Hyderabad,Furniture,10,33920,0,Weekday
2024-06-11,Hyderabad,Cosmetics,25,19575,0,Weekday
2024-06-12,Kolkata,Electronics,24,19608,0,Weekday
2024-06-12,Kolkata,Clothing,34,38930,1,Weekday
2024-06-12,Kolkata,Groceries,47,6439,0,Weekday
2024-06-12,Kolkata,Furniture,15,47310,1,Weekday
2024-06-12,Kolkata,Cosmetics,37,11174,1,Weekday
2024-06-12,Delhi,Electronics,27,23679,1,Weekday
2024-06-12,Delhi,Clothing,33,19602,0,Weekday
2024-06-12,Delhi,Groceries,71,9869,0,Weekday
2024-06-12,Delhi,Furniture,9,46332,1,Weekday
2024-06-12,Delhi,Cosmetics,27,17388,0,Weekday
2024-06-12,Mumbai,Electronics,23,27117,1,Weekday
2024-06-12,Mumbai,Clothing,53,52735,0,Weekday
2024-06-12,Mumbai,Groceries,57,5757,1,Weekday
2024-06-12,Mumbai,Furniture,10,37390,0,Weekday
2024-06-12,Mumbai,Cosmetics,20,13180,0,Weekday
2024-06-12,Bangalore,Electronics,20,41800,0,Weekday
2024-06-12,Bangalore,Clothing,37,29230,0,Weekday
2024-06-12,Bangalore,Groceries,85,12155,1,Weekday
2024-06-12,Bangalore,Furniture,14,79492,1,Weekday
2024-06-12,Bangalore,Cosmetics,27,9234,0,Weekday
2024-06-12,Hyderabad,Electronics,23,54050,1,Weekday
2024-06-12,Hyderabad,Clothing,36,39852,0,Weekday
2024-06-12,Hyderabad,Groceries,67,9380,0,Weekday
2024-06-12,Hyderabad,Furniture,7,17661,1,Weekday
2024-06-12,Hyderabad,Cosmetics,34,24038,1,Weekday
2024-06-13,Kolkata,Electronics,23,30912,0,Weekday
2024-06-13,Kolkata,Clothing,38,42484,0,Weekday
2024-06-13,Kolkata,Groceries,65,7410,0,Weekday
2024-06-13,Kolkata,Furniture,14,58492,1,Weekday
2024-06-13,Kolkata,Cosmetics,34,9826,0,Weekday
2024-06-13,Delhi,Electronics,22,29876,0,Weekday
2024-06-13,Delhi,Clothing,27,8208,0,Weekday
2024-06-13,Delhi,Groceries,54,9612,0,Weekday
2024-06-13,Delhi,Furniture,10,16790,0,Weekday
2024-06-13,Delhi,Cosmetics,26,15574,0,Weekday
2024-06-13,Mumbai,Electronics,26,60216,0,Weekday
2024-06-13,Mumbai,Clothing,46,41262,1,Weekday
2024-06-13,Mumbai,Groceries,67,10988,0,Weekday
2024-06-13,Mumbai,Furniture,12,70044,0,Weekday
2024-06-13,Mumbai,Cosmetics,23,6072,0,Weekday
2024-06-13,Bangalore,Electronics,21,32865,1,Weekday
2024-06-13,Bangalore,Clothing,42,47208,1,Weekday
2024-06-13,Bangalore,Groceries,50,7050,1,Weekday
2024-06-13,Bangalore,Furniture,12,56160,0,Weekday
2024-06-13,Bangalore,Cosmetics,26,4290,0,Weekday
2024-06-13,Hyderabad,Electronics,20,17300,0,Weekday
2024-06-13,Hyderabad,Clothing,43,25714,0,Weekday
2024-06-13,Hyderabad,Groceries,60,10380,0,Weekday
2024-06-13,Hyderabad,Furniture,11,19811,0,Weekday
2024-06-13,Hyderabad,Cosmetics,23,3611,0,Weekday
2024-06-14,Kolkata,Electronics,20,16100,0,Weekday
2024-06-14,Kolkata,Clothing,38,31312,0,Weekday
2024-06-14,Kolkata,Groceries,53,3392,0,Weekday
2024-06-14,Kolkata,Furniture,13,52273,0,Weekday
2024-06-14,Kolkata,Cosmetics,30,15960,0,Weekday
2024-06-14,Delhi,Electronics,19,42085,0,Weekday
2024-06-14,Delhi,Clothing,33,18216,0,Weekday
2024-06-14,Delhi,Groceries,59,11210,0,Weekday
2024-06-14,Delhi,Furniture,8,34136,0,Weekday
2024-06-14,Delhi,Cosmetics,29,14123,0,Weekday
2024-06-14,Mumbai,Electronics,26,43212,0,Weekday
2024-06-14,Mumbai,Clothing,30,17490,0,Weekday
2024-06-14,Mumbai,Groceries,60,11280,0,Weekday
2024-06-14,Mumbai,Furniture,13,20878,0,Weekday
2024-06-14,Mumbai,Cosmetics,23,15042,0,Weekday
2024-06-14,Bangalore,Electronics,23,48484,0,Weekday
2024-06-14,Bangalore,Clothing,34,20774,0,Weekday
2024-06-14,Bangalore,Groceries,59,5015,0,Weekday
2024-06-14,Bangalore,Furniture,10,59060,0,Weekday
2024-06-14,Bangalore,Cosmetics,29,11020,0,Weekday
2024-06-14,Hyderabad,Electronics,22,32054,0,Weekday
2024-06-14,Hyderabad,Clothing,41,48134,0,Weekday
2024-06-14,Hyderabad,Groceries,72,3600,0,Weekday
2024-06-14,Hyderabad,Furniture,11,63162,1,Weekday
2024-06-14,Hyderabad,Cosmetics,29,11861,1,Weekday
2024-06-15,Kolkata,Electronics,17,29801,0,Weekend
2024-06-15,Kolkata,Clothing,44,27368,1,Weekend
2024-06-15,Kolkata,Groceries,61,10980,0,Weekend
2024-06-15,Kolkata,Furniture,10,51630,0,Weekend
2024-06-15,Kolkata,Cosmetics,26,7696,0,Weekend
2024-06-15,Delhi,Electronics,18,36414,0,Weekend
2024-06-15,Delhi,Clothing,50,48150,1,Weekend
2024-06-15,Delhi,Groceries,43,5547,0,Weekend
2024-06-15,Delhi,Furniture,10,28990,0,Weekend
2024-06-15,Delhi,Cosmetics,25,14300,0,Weekend
2024-06-15,Mumbai,Electronics,23,28819,1,Weekend
2024-06-15,Mumbai,Clothing,35,31185,0,Weekend
2024-06-15,Mumbai,Groceries,84,10332,1,Weekend
2024-06-15,Mumbai,Furniture,10,54330,0,Weekend
2024-06-15,Mumbai,Cosmetics,23,10304,0,Weekend
2024-06-15,Bangalore,Electronics,21,20769,0,Weekend
2024-06-15,Bangalore,Clothing,38,38152,0,Weekend
2024-06-15,Bangalore,Groceries,47,5358,0,Weekend
2024-06-15,Bangalore,Furniture,9,21537,1,Weekend
2024-06-15,Bangalore,Cosmetics,22,14102,0,Weekend
2024-06-15,Hyderabad,Electronics,21,17241,1,Weekend
2024-06-15,Hyderabad,Clothing,54,40446,1,Weekend
2024-06-15,Hyderabad,Groceries,56,4592,0,Weekend
2024-06-15,Hyderabad,Furniture,10,44760,1,Weekend
2024-06-15,Hyderabad,Cosmetics,33,15378,1,Weekend
2024-06-16,Kolkata,Electronics,26,22750,1,Weekend
2024-06-16,Kolkata,Clothing,36,23004,0,Weekend
2024-06-16,Kolkata,Groceries,58,10614,0,Weekend
2024-06-16,Kolkata,Furniture,9,48150,1,Weekend
2024-06-16,Kolkata,Cosmetics,30,17280,1,Weekend
2024-06-16,Delhi,Electronics,19,45144,0,Weekend
2024-06-16,Delhi,Clothing,43,20554,1,Weekend
2024-06-16,Delhi,Groceries,65,11180,0,Weekend
2024-06-16,Delhi,Furniture,11,18942,1,Weekend
2024-06-16,Delhi,Cosmetics,25,9675,0,Weekend
2024-06-16,Mumbai,Electronics,13,32058,0,Weekend
2024-06-16,Mumbai,Clothing,40,13760,1,Weekend
2024-06-16,Mumbai,Groceries,67,11323,0,Weekend
2024-06-16,Mumbai,Furniture,11,57035,1,Weekend
2024-06-16,Mumbai,Cosmetics,25,10475,0,Weekend
2024-06-16,Bangalore,Electronics,23,54924,1,Weekend
2024-06-16,Bangalore,Clothing,35,22295,0,Weekend
2024-06-16,Bangalore,Groceries,94,14946,1,Weekend
2024-06-16,Bangalore,Furniture,12,32160,0,Weekend
2024-06-16,Bangalore,Cosmetics,28,20188,0,Weekend
2024-06-16,Hyderabad,Electronics,27,30888,1,Weekend
2024-06-16,Hyderabad,Clothing,42,18060,0,Weekend
2024-06-16,Hyderabad,Groceries,54,10044,0,Weekend
2024-06-16,Hyderabad,Furniture,10,40090,0,Weekend
2024-06-16,Hyderabad,Cosmetics,24,18768,1,Weekend
2024-06-17,Kolkata,Electronics,26,46904,0,Weekday
2024-06-17,Kolkata,Clothing,31,33325,0,Weekday
2024-06-17,Kolkata,Groceries,67,4556,0,Weekday
2024-06-17,Kolkata,Furniture,10,26630,0,Weekday
2024-06-17,Kolkata,Cosmetics,30,23790,0,Weekday
2024-06-17,Delhi,Electronics,19,45315,0,Weekday
2024-06-17,Delhi,Clothing,39,32799,0,Weekday
2024-06-17,Delhi,Groceries,54,8262,0,Weekday
2024-06-17,Delhi,Furniture,12,68904,0,Weekday
2024-06-17,Delhi,Cosmetics,18,6984,0,Weekday
2024-06-17,Mumbai,Electronics,21,26943,0,Weekday
2024-06-17,Mumbai,Clothing,36,28620,1,Weekday
2024-06-17,Mumbai,Groceries,78,6474,1,Weekday
2024-06-17,Mumbai,Furniture,11,18744,0,Weekday
2024-06-17,Mumbai,Cosmetics,19,7771,0,Weekday
2024-06-17,Bangalore,Electronics,16,19136,0,Weekday
2024-06-17,Bangalore,Clothing,36,11628,0,Weekday
2024-06-17,Bangalore,Groceries,66,6798,0,Weekday
2024-06-17,Bangalore,Furniture,13,49101,1,Weekday
2024-06-17,Bangalore,Cosmetics,31,16740,0,Weekday
2024-06-17,Hyderabad,Electronics,18,35838,0,Weekday
2024-06-17,Hyderabad,Clothing,30,31050,0,Weekday
2024-06-17,Hyderabad,Groceries,89,4450,0,Weekday
2024-06-17,Hyderabad,Furniture,11,59477,0,Weekday
2024-06-17,Hyderabad,Cosmetics,22,15070,0,Weekday
2024-06-18,Kolkata,Electronics,21,23268,1,Weekday
2024-06-18,Kolkata,Clothing,48,34512,0,Weekday
2024-06-18,Kolkata,Groceries,62,11408,1,Weekday
2024-06-18,Kolkata,Furniture,13,24063,1,Weekday
2024-06-18,Kolkata,Cosmetics,33,26268,0,Weekday
2024-06-18,Delhi,Electronics,24,30240,0,Weekday
2024-06-18,Delhi,Clothing,46,42182,1,Weekday
2024-06-18,Delhi,Groceries,65,8320,0,Weekday
2024-06-18,Delhi,Furniture,11,44330,0,Weekday
2024-06-18,Delhi,Cosmetics,28,12292,0,Weekday
2024-06-18,Mumbai,Electronics,19,36898,1,Weekday
2024-06-18,Mumbai,Clothing,31,32395,0,Weekday
2024-06-18,Mumbai,Groceries,73,14016,0,Weekday
2024-06-18,Mumbai,Furniture,11,35442,1,Weekday
2024-06-18,Mumbai,Cosmetics,27,8235,0,Weekday
2024-06-18,Bangalore,Electronics,19,47367,0,Weekday
2024-06-18,Bangalore,Clothing,42,13734,1,Weekday
2024-06-18,Bangalore,Groceries,63,6426,0,Weekday
2024-06-18,Bangalore,Furniture,14,77252,0,Weekday
2024-06-18,Bangalore,Cosmetics,23,14490,0,Weekday
2024-06-18,Hyderabad,Electronics,19,25783,1,Weekday
2024-06-18,Hyderabad,Clothing,46,36386,0,Weekday
2024-06-18,Hyderabad,Groceries,46,2990,0,Weekday
2024-06-18,Hyderabad,Furniture,11,29535,0,Weekday
2024-06-18,Hyderabad,Cosmetics,27,13500,1,Weekday
2024-06-19,Kolkata,Electronics,23,37628,0,Weekday
2024-06-19,Kolkata,Clothing,42,32046,0,Weekday
2024-06-19,Kolkata,Groceries,67,5695,0,Weekday
2024-06-19,Kolkata,Furniture,12,39876,1,Weekday
2024-06-19,Kolkata,Cosmetics,25,5675,0,Weekday
2024-06-19,Delhi,Electronics,23,43953,0,Weekday
2024-06-19,Delhi,Clothing,39,16692,0,Weekday
2024-06-19,Delhi,Groceries,73,9563,0,Weekday
2024-06-19,Delhi,Furniture,11,51227,0,Weekday
2024-06-19,Delhi,Cosmetics,32,16672,0,Weekday
2024-06-19,Mumbai,Electronics,25,37000,0,Weekday
2024-06-19,Mumbai,Clothing,44,49896,0,Weekday
2024-06-19,Mumbai,Groceries,83,9877,0,Weekday
2024-06-19,Mumbai,Furniture,8,27104,0,Weekday
2024-06-19,Mumbai,Cosmetics,42,7602,0,Weekday
2024-06-19,Bangalore,Electronics,23,47081,0,Weekday
2024-06-19,Bangalore,Clothing,40,20200,0,Weekday
2024-06-19,Bangalore,Groceries,66,12012,0,Weekday
2024-06-19,Bangalore,Furniture,9,25893,1,Weekday
2024-06-19,Bangalore,Cosmetics,25,10650,0,Weekday
2024-06-19,Hyderabad,Electronics,19,45372,0,Weekday
2024-06-19,Hyderabad,Clothing,38,21812,0,Weekday
2024-06-19,Hyderabad,Groceries,64,3392,0,Weekday
2024-06-19,Hyderabad,Furniture,9,15858,1,Weekday
2024-06-19,Hyderabad,Cosmetics,31,7998,1,Weekday
2024-06-20,Kolkata,Electronics,29,24940,1,Weekday
2024-06-20,Kolkata,Clothing,41,23247,0,Weekday
2024-06-20,Kolkata,Groceries,59,8968,0,Weekday
2024-06-20,Kolkata,Furniture,12,57996,1,Weekday
2024-06-20,Kolkata,Cosmetics,28,7084,1,Weekday
2024-06-20,Delhi,Electronics,22,31724,0,Weekday
2024-06-20,Delhi,Clothing,38,18582,0,Weekday
2024-06-20,Delhi,Groceries,69,3795,0,Weekday
2024-06-20,Delhi,Furniture,13,72761,0,Weekday
2024-06-20,Delhi,Cosmetics,26,13468,0,Weekday
2024-06-20,Mumbai,Electronics,30,41640,1,Weekday
2024-06-20,Mumbai,Clothing,52,39416,0,Weekday
2024-06-20,Mumbai,Groceries,63,3465,0,Weekday
2024-06-20,Mumbai,Furniture,10,35420,0,Weekday
2024-06-20,Mumbai,Cosmetics,22,5610,0,Weekday
2024-06-20,Bangalore,Electronics,19,25251,0,Weekday
2024-06-20,Bangalore,Clothing,32,20928,0,Weekday
2024-06-20,Bangalore,Groceries,60,11220,0,Weekday
2024-06-20,Bangalore,Furniture,15,25050,1,Weekday
2024-06-20,Bangalore,Cosmetics,29,17284,0,Weekday
2024-06-20,Hyderabad,Electronics,20,49060,1,Weekday
2024-06-20,Hyderabad,Clothing,36,16380,0,Weekday
2024-06-20,Hyderabad,Groceries,52,8632,0,Weekday
2024-06-20,Hyderabad,Furniture,9,39510,0,Weekday
2024-06-20,Hyderabad,Cosmetics,30,22890,0,Weekday
2024-06-21,Kolkata,Electronics,19,35549,0,Weekday
2024-06-21,Kolkata,Clothing,35,36715,0,Weekday
2024-06-21,Kolkata,Groceries,73,10074,0,Weekday
2024-06-21,Kolkata,Furniture,10,47320,0,Weekday
2024-06-21,Kolkata,Cosmetics,24,14544,0,Weekday
2024-06-21,Delhi,Electronics,14,22540,0,Weekday
2024-06-21,Delhi,Clothing,44,22660,1,Weekday
2024-06-21,Delhi,Groceries,72,14040,1,Weekday
2024-06-21,Delhi,Furniture,13,59553,0,Weekday
2024-06-21,Delhi,Cosmetics,19,9975,0,Weekday
2024-06-21,Mumbai,Electronics,23,47541,0,Weekday
2024-06-21,Mumbai,Clothing,38,22040,0,Weekday
2024-06-21,Mumbai,Groceries,49,4949,0,Weekday
2024-06-21,Mumbai,Furniture,10,31030,1,Weekday
2024-06-21,Mumbai,Cosmetics,25,9550,0,Weekday
2024-06-21,Bangalore,Electronics,21,28560,0,Weekday
2024-06-21,Bangalore,Clothing,45,34335,1,Weekday
2024-06-21,Bangalore,Groceries,78,4680,0,Weekday
2024-06-21,Bangalore,Furniture,11,58421,0,Weekday
2024-06-21,Bangalore,Cosmetics,29,18270,0,Weekday
2024-06-21,Hyderabad,Electronics,22,47630,1,Weekday
2024-06-21,Hyderabad,Clothing,36,35244,0,Weekday
2024-06-21,Hyderabad,Groceries,68,5236,0,Weekday
2024-06-21,Hyderabad,Furniture,13,66313,1,Weekday
2024-06-21,Hyderabad,Cosmetics,28,11788,0,Weekday
2024-06-22,Kolkata,Electronics,27,40068,1,Weekend
2024-06-22,Kolkata,Clothing,32,19968,0,Weekend
2024-06-22,Kolkata,Groceries,80,12000,0,Weekend
2024-06-22,Kolkata,Furniture,13,54327,0,Weekend
2024-06-22,Kolkata,Cosmetics,26,12012,0,Weekend
2024-06-22,Delhi,Electronics,22,31966,1,Weekend
2024-06-22,Delhi,Clothing,42,16506,1,Weekend
2024-06-22,Delhi,Groceries,85,9095,1,Weekend
2024-06-22,Delhi,Furniture,12,37476,0,Weekend
2024-06-22,Delhi,Cosmetics,34,18870,1,Weekend
2024-06-22,Mumbai,Electronics,20,33260,0,Weekend
2024-06-22,Mumbai,Clothing,42,36582,0,Weekend
2024-06-22,Mumbai,Groceries,92,12972,1,Weekend
2024-06-22,Mumbai,Furniture,13,45760,1,Weekend
2024-06-22,Mumbai,Cosmetics,28,6188,1,Weekend
2024-06-22,Bangalore,Electronics,17,23783,1,Weekend
2024-06-22,Bangalore,Clothing,45,13680,1,Weekend
2024-06-22,Bangalore,Groceries,69,5382,1,Weekend
2024-06-22,Bangalore,Furniture,11,30140,1,Weekend
2024-06-22,Bangalore,Cosmetics,24,12912,0,Weekend
2024-06-22,Hyderabad,Electronics,21,23709,0,Weekend
2024-06-22,Hyderabad,Clothing,23,21390,0,Weekend
2024-06-22,Hyderabad,Groceries,71,13916,0,Weekend
2024-06-22,Hyderabad,Furniture,7,39634,0,Weekend
2024-06-22,Hyderabad,Cosmetics,20,3620,0,Weekend
2024-06-23,Kolkata,Electronics,33,73458,1,Weekend
2024-06-23,Kolkata,Clothing,41,49036,0,Weekend
2024-06-23,Kolkata,Groceries,72,9504,1,Weekend
2024-06-23,Kolkata,Furniture,12,36192,1,Weekend
2024-06-23,Kolkata,Cosmetics,30,10470,1,Weekend
2024-06-23,Delhi,Electronics,28,51352,0,Weekend
2024-06-23,Delhi,Clothing,36,11160,1,Weekend
2024-06-23,Delhi,Groceries,79,3950,0,Weekend
2024-06-23,Delhi,Furniture,14,21252,1,Weekend
2024-06-23,Delhi,Cosmetics,23,4002,0,Weekend
2024-06-23,Mumbai,Electronics,25,49700,0,Weekend
2024-06-23,Mumbai,Clothing,35,28945,0,Weekend
2024-06-23,Mumbai,Groceries,58,9396,0,Weekend
2024-06-23,Mumbai,Furniture,11,35585,0,Weekend
2024-06-23,Mumbai,Cosmetics,23,14030,0,Weekend
2024-06-23,Bangalore,Electronics,25,49350,1,Weekend
2024-06-23,Bangalore,Clothing,46,51198,0,Weekend
2024-06-23,Bangalore,Groceries,65,9945,0,Weekend
2024-06-23,Bangalore,Furniture,16,84624,1,Weekend
2024-06-23,Bangalore,Cosmetics,34,12036,1,Weekend
2024-06-23,Hyderabad,Electronics,29,34249,1,Weekend
2024-06-23,Hyderabad,Clothing,34,13566,0,Weekend
2024-06-23,Hyderabad,Groceries,84,12264,0,Weekend
2024-06-23,Hyderabad,Furniture,8,37136,0,Weekend
2024-06-23,Hyderabad,Cosmetics,24,16608,0,Weekend
2024-06-24,Kolkata,Electronics,22,22594,0,Weekday
2024-06-24,Kolkata,Clothing,34,12750,0,Weekday
2024-06-24,Kolkata,Groceries,65,8125,0,Weekday
2024-06-24,Kolkata,Furniture,14,47404,1,Weekday
2024-06-24,Kolkata,Cosmetics,23,3703,1,Weekday
2024-06-24,Delhi,Electronics,24,55728,0,Weekday
2024-06-24,Delhi,Clothing,38,33212,0,Weekday
2024-06-24,Delhi,Groceries,66,8976,0,Weekday
2024-06-24,Delhi,Furniture,11,43076,0,Weekday
2024-06-24,Delhi,Cosmetics,29,18473,1,Weekday
2024-06-24,Mumbai,Electronics,27,29727,0,Weekday
2024-06-24,Mumbai,Clothing,40,27920,0,Weekday
2024-06-24,Mumbai,Groceries,61,7930,0,Weekday
2024-06-24,Mumbai,Furniture,12,68328,0,Weekday
2024-06-24,Mumbai,Cosmetics,27,15903,0,Weekday
2024-06-24,Bangalore,Electronics,18,40914,0,Weekday
2024-06-24,Bangalore,Clothing,35,36400,0,Weekday
2024-06-24,Bangalore,Groceries,61,12139,0,Weekday
2024-06-24,Bangalore,Furniture,11,40271,1,Weekday
2024-06-24,Bangalore,Cosmetics,34,8398,1,Weekday
2024-06-24,Hyderabad,Electronics,17,20315,0,Weekday
2024-06-24,Hyderabad,Clothing,38,27322,0,Weekday
2024-06-24,Hyderabad,Groceries,85,8415,1,Weekday
2024-06-24,Hyderabad,Furniture,16,87584,1,Weekday
2024-06-24,Hyderabad,Cosmetics,32,8672,0,Weekday
2024-06-25,Kolkata,Electronics,22,33902,0,Weekday
2024-06-25,Kolkata,Clothing,37,32005,1,Weekday
2024-06-25,Kolkata,Groceries,74,12950,0,Weekday
2024-06-25,Kolkata,Furniture,11,16753,0,Weekday
2024-06-25,Kolkata,Cosmetics,27,18657,0,Weekday
2024-06-25,Delhi,Electronics,20,31340,0,Weekday
2024-06-25,Delhi,Clothing,38,22686,1,Weekday
2024-06-25,Delhi,Groceries,59,8260,0,Weekday
2024-06-25,Delhi,Furniture,9,44604,0,Weekday
2024-06-25,Delhi,Cosmetics,30,20910,0,Weekday
2024-06-25,Mumbai,Electronics,26,61620,1,Weekday
2024-06-25,Mumbai,Clothing,50,16250,1,Weekday
2024-06-25,Mumbai,Groceries,55,4675,0,Weekday
2024-06-25,Mumbai,Furniture,7,13384,0,Weekday
2024-06-25,Mumbai,Cosmetics,42,14910,1,Weekday
2024-06-25,Bangalore,Electronics,17,34102,0,Weekday
2024-06-25,Bangalore,Clothing,41,45141,0,Weekday
2024-06-25,Bangalore,Groceries,74,7252,0,Weekday
2024-06-25,Bangalore,Furniture,11,25729,0,Weekday
2024-06-25,Bangalore,Cosmetics,17,5661,0,Weekday
2024-06-25,Hyderabad,Electronics,15,33405,0,Weekday
2024-06-25,Hyderabad,Clothing,53,35139,1,Weekday
2024-06-25,Hyderabad,Groceries,81,11988,0,Weekday
2024-06-25,Hyderabad,Furniture,9,40284,0,Weekday
2024-06-25,Hyderabad,Cosmetics,30,13320,0,Weekday
2024-06-26,Kolkata,Electronics,23,23690,0,Weekday
2024-06-26,Kolkata,Clothing,47,23547,1,Weekday
2024-06-26,Kolkata,Groceries,64,4160,0,Weekday
2024-06-26,Kolkata,Furniture,10,28590,0,Weekday
2024-06-26,Kolkata,Cosmetics,32,6752,0,Weekday
2024-06-26,Delhi,Electronics,29,30015,1,Weekday
2024-06-26,Delhi,Clothing,40,41960,0,Weekday
2024-06-26,Delhi,Groceries,63,7371,0,Weekday
2024-06-26,Delhi,Furniture,12,47148,1,Weekday
2024-06-26,Delhi,Cosmetics,18,10440,0,Weekday
2024-06-26,Mumbai,Electronics,26,64506,1,Weekday
2024-06-26,Mumbai,Clothing,48,53664,0,Weekday
2024-06-26,Mumbai,Groceries,54,10638,1,Weekday
2024-06-26,Mumbai,Furniture,9,13617,1,Weekday
2024-06-26,Mumbai,Cosmetics,28,6412,0,Weekday
2024-06-26,Bangalore,Electronics,24,47448,0,Weekday
2024-06-26,Bangalore,Clothing,37,44252,0,Weekday
2024-06-26,Bangalore,Groceries,77,8316,1,Weekday
2024-06-26,Bangalore,Furniture,11,22231,0,Weekday
2024-06-26,Bangalore,Cosmetics,26,6916,1,Weekday
2024-06-26,Hyderabad,Electronics,24,27768,0,Weekday
2024-06-26,Hyderabad,Clothing,40,45720,1,Weekday
2024-06-26,Hyderabad,Groceries,74,11396,0,Weekday
2024-06-26,Hyderabad,Furniture,12,57996,0,Weekday
2024-06-26,Hyderabad,Cosmetics,25,14925,0,Weekday
2024-06-27,Kolkata,Electronics,18,27090,0,Weekday
2024-06-27,Kolkata,Clothing,41,46576,0,Weekday
2024-06-27,Kolkata,Groceries,64,3840,0,Weekday
2024-06-27,Kolkata,Furniture,10,36180,0,Weekday
2024-06-27,Kolkata,Cosmetics,34,20094,0,Weekday
2024-06-27,Delhi,Electronics,24,58752,0,Weekday
2024-06-27,Delhi,Clothing,40,13440,1,Weekday
2024-06-27,Delhi,Groceries,79,14220,1,Weekday
2024-06-27,Delhi,Furniture,11,35805,1,Weekday
2024-06-27,Delhi,Cosmetics,30,22680,1,Weekday
2024-06-27,Mumbai,Electronics,17,27557,0,Weekday
2024-06-27,Mumbai,Clothing,41,32021,0,Weekday
2024-06-27,Mumbai,Groceries,68,8024,0,Weekday
2024-06-27,Mumbai,Furniture,16,24528,1,Weekday
2024-06-27,Mumbai,Cosmetics,24,15816,0,Weekday
2024-06-27,Bangalore,Electronics,22,36872,0,Weekday
2024-06-27,Bangalore,Clothing,32,37440,0,Weekday
2024-06-27,Bangalore,Groceries,67,11792,0,Weekday
2024-06-27,Bangalore,Furniture,14,69622,1,Weekday
2024-06-27,Bangalore,Cosmetics,27,9747,0,Weekday
2024-06-27,Hyderabad,Electronics,28,47684,0,Weekday
2024-06-27,Hyderabad,Clothing,44,21384,1,Weekday
2024-06-27,Hyderabad,Groceries,55,2805,1,Weekday
2024-06-27,Hyderabad,Furniture,13,40170,1,Weekday
2024-06-27,Hyderabad,Cosmetics,30,5730,0,Weekday
2024-06-28,Kolkata,Electronics,21,33537,0,Weekday
2024-06-28,Kolkata,Clothing,41,30750,0,Weekday
2024-06-28,Kolkata,Groceries,69,10281,0,Weekday
2024-06-28,Kolkata,Furniture,14,55076,0,Weekday
2024-06-28,Kolkata,Cosmetics,20,14640,1,Weekday
2024-06-28,Delhi,Electronics,23,44574,0,Weekday
2024-06-28,Delhi,Clothing,41,46207,1,Weekday
2024-06-28,Delhi,Groceries,65,12155,0,Weekday
2024-06-28,Delhi,Furniture,12,20844,0,Weekday
2024-06-28,Delhi,Cosmetics,25,17650,0,Weekday
2024-06-28,Mumbai,Electronics,31,28582,1,Weekday
2024-06-28,Mumbai,Clothing,38,29944,0,Weekday
2024-06-28,Mumbai,Groceries,44,6204,0,Weekday
2024-06-28,Mumbai,Furniture,8,31720,0,Weekday
2024-06-28,Mumbai,Cosmetics,29,7308,1,Weekday
2024-06-28,Bangalore,Electronics,23,21482,0,Weekday
2024-06-28,Bangalore,Clothing,34,23528,1,Weekday
2024-06-28,Bangalore,Groceries,74,12284,0,Weekday
2024-06-28,Bangalore,Furniture,12,63432,0,Weekday
2024-06-28,Bangalore,Cosmetics,19,14098,0,Weekday
2024-06-28,Hyderabad,Electronics,25,30275,0,Weekday
2024-06-28,Hyderabad,Clothing,42,38430,0,Weekday
2024-06-28,Hyderabad,Groceries,54,8100,0,Weekday
2024-06-28,Hyderabad,Furniture,10,24150,0,Weekday
2024-06-28,Hyderabad,Cosmetics,30,20160,0,Weekday
2024-06-29,Kolkata,Electronics,24,58008,0,Weekend
2024-06-29,Kolkata,Clothing,32,29536,0,Weekend
2024-06-29,Kolkata,Groceries,91,8099,0,Weekend
2024-06-29,Kolkata,Furniture,10,28640,0,Weekend
2024-06-29,Kolkata,Cosmetics,27,5211,0,Weekend
2024-06-29,Delhi,Electronics,32,74272,0,Weekend
2024-06-29,Delhi,Clothing,53,50191,1,Weekend
2024-06-29,Delhi,Groceries,61,5856,0,Weekend
2024-06-29,Delhi,Furniture,11,19998,0,Weekend
2024-06-29,Delhi,Cosmetics,25,17525,1,Weekend
2024-06-29,Mumbai,Electronics,26,46228,0,Weekend
2024-06-29,Mumbai,Clothing,39,13728,0,Weekend
2024-06-29,Mumbai,Groceries,50,6800,0,Weekend
2024-06-29,Mumbai,Furniture,12,34740,0,Weekend
2024-06-29,Mumbai,Cosmetics,23,15410,0,Weekend
2024-06-29,Bangalore,Electronics,24,52320,1,Weekend
2024-06-29,Bangalore,Clothing,52,31668,1,Weekend
2024-06-29,Bangalore,Groceries,75,4575,0,Weekend
2024-06-29,Bangalore,Furniture,14,74648,1,Weekend
2024-06-29,Bangalore,Cosmetics,27,15579,0,Weekend
2024-06-29,Hyderabad,Electronics,22,41074,0,Weekend
2024-06-29,Hyderabad,Clothing,51,20859,1,Weekend
2024-06-29,Hyderabad,Groceries,68,6936,1,Weekend
2024-06-29,Hyderabad,Furniture,11,61314,1,Weekend
2024-06-29,Hyderabad,Cosmetics,30,10920,1,Weekend
2024-06-30,Kolkata,Electronics,24,26472,0,Weekend
2024-06-30,Kolkata,Clothing,40,40280,0,Weekend
2024-06-30,Kolkata,Groceries,80,15600,1,Weekend
2024-06-30,Kolkata,Furniture,12,26976,1,Weekend
2024-06-30,Kolkata,Cosmetics,24,10560,1,Weekend
2024-06-30,Delhi,Electronics,21,21378,0,Weekend
2024-06-30,Delhi,Clothing,44,43516,0,Weekend
2024-06-30,Delhi,Groceries,78,7800,1,Weekend
2024-06-30,Delhi,Furniture,10,16060,0,Weekend
2024-06-30,Delhi,Cosmetics,28,5404,0,Weekend
2024-06-30,Mumbai,Electronics,21,38493,0,Weekend
2024-06-30,Mumbai,Clothing,40,24760,1,Weekend
2024-06-30,Mumbai,Groceries,82,9594,1,Weekend
2024-06-30,Mumbai,Furniture,15,46305,1,Weekend
2024-06-30,Mumbai,Cosmetics,37,10434,1,Weekend
2024-06-30,Bangalore,Electronics,26,25454,1,Weekend
2024-06-30,Bangalore,Clothing,41,23985,0,Weekend
2024-06-30,Bangalore,Groceries,65,4550,0,Weekend
2024-06-30,Bangalore,Furniture,11,37323,0,Weekend
2024-06-30,Bangalore,Cosmetics,30,20850,0,Weekend
2024-06-30,Hyderabad,Electronics,22,18062,0,Weekend
2024-06-30,Hyderabad,Clothing,47,47423,0,Weekend
2024-06-30,Hyderabad,Groceries,69,10902,0,Weekend
2024-06-30,Hyderabad,Furniture,12,41856,0,Weekend
2024-06-30,Hyderabad,Cosmetics,25,16550,1,Weekend
2024-07-01,Kolkata,Electronics,26,41080,0,Weekday
2024-07-01,Kolkata,Clothing,43,42828,0,Weekday
2024-07-01,Kolkata,Groceries,66,9372,0,Weekday
2024-07-01,Kolkata,Furniture,12,30312,0,Weekday
2024-07-01,Kolkata,Cosmetics,28,5180,0,Weekday
2024-07-01,Delhi,Electronics,31,53754,1,Weekday
2024-07-01,Delhi,Clothing,36,19944,0,Weekday
2024-07-01,Delhi,Groceries,72,6552,0,Weekday
2024-07-01,Delhi,Furniture,11,65472,0,Weekday
2024-07-01,Delhi,Cosmetics,20,15760,0,Weekday
2024-07-01,Mumbai,Electronics,18,22806,0,Weekday
2024-07-01,Mumbai,Clothing,31,32922,0,Weekday
2024-07-01,Mumbai,Groceries,73,4745,1,Weekday
2024-07-01,Mumbai,Furniture,16,70448,1,Weekday
2024-07-01,Mumbai,Cosmetics,39,27885,1,Weekday
2024-07-01,Bangalore,Electronics,24,39888,0,Weekday
2024-07-01,Bangalore,Clothing,35,39165,0,Weekday
2024-07-01,Bangalore,Groceries,53,5300,0,Weekday
2024-07-01,Bangalore,Furniture,13,44798,1,Weekday
2024-07-01,Bangalore,Cosmetics,29,18560,0,Weekday
2024-07-01,Hyderabad,Electronics,24,33120,0,Weekday
2024-07-01,Hyderabad,Clothing,42,45360,0,Weekday
2024-07-01,Hyderabad,Groceries,44,3828,0,Weekday
2024-07-01,Hyderabad,Furniture,10,51610,0,Weekday
2024-07-01,Hyderabad,Cosmetics,27,6372,1,Weekday
2024-07-02,Kolkata,Electronics,22,44770,0,Weekday
2024-07-02,Kolkata,Clothing,28,24808,0,Weekday
2024-07-02,Kolkata,Groceries,71,12851,0,Weekday
2024-07-02,Kolkata,Furniture,10,49030,0,Weekday
2024-07-02,Kolkata,Cosmetics,31,12586,1,Weekday
2024-07-02,Delhi,Electronics,25,35275,0,Weekday
2024-07-02,Delhi,Clothing,34,32946,0,Weekday
2024-07-02,Delhi,Groceries,68,4964,0,Weekday
2024-07-02,Delhi,Furniture,11,49819,0,Weekday
2024-07-02,Delhi,Cosmetics,28,15848,0,Weekday
2024-07-02,Mumbai,Electronics,19,31369,0,Weekday
2024-07-02,Mumbai,Clothing,41,37310,0,Weekday
2024-07-02,Mumbai,Groceries,51,3468,0,Weekday
2024-07-02,Mumbai,Furniture,13,74672,1,Weekday
2024-07-02,Mumbai,Cosmetics,23,6992,0,Weekday
2024-07-02,Bangalore,Electronics,25,56550,0,Weekday
2024-07-02,Bangalore,Clothing,38,28956,0,Weekday
2024-07-02,Bangalore,Groceries,51,3876,0,Weekday
2024-07-02,Bangalore,Furniture,10,53460,0,Weekday
2024-07-02,Bangalore,Cosmetics,33,11022,1,Weekday
2024-07-02,Hyderabad,Electronics,26,46852,0,Weekday
2024-07-02,Hyderabad,Clothing,37,17464,0,Weekday
2024-07-02,Hyderabad,Groceries,63,10647,0,Weekday
2024-07-02,Hyderabad,Furniture,12,60504,0,Weekday
2024-07-02,Hyderabad,Cosmetics,26,12480,0,Weekday
2024-07-03,Kolkata,Electronics,21,49077,0,Weekday
2024-07-03,Kolkata,Clothing,39,41496,0,Weekday
2024-07-03,Kolkata,Groceries,81,4536,0,Weekday
2024-07-03,Kolkata,Furniture,14,38388,1,Weekday
2024-07-03,Kolkata,Cosmetics,29,6003,0,Weekday
2024-07-03,Delhi,Electronics,18,19224,0,Weekday
2024-07-03,Delhi,Clothing,42,24402,0,Weekday
2024-07-03,Delhi,Groceries,75,9075,1,Weekday
2024-07-03,Delhi,Furniture,13,68783,0,Weekday
2024-07-03,Delhi,Cosmetics,22,13486,0,Weekday
2024-07-03,Mumbai,Electronics,16,15408,1,Weekday
2024-07-03,Mumbai,Clothing,43,20726,0,Weekday
2024-07-03,Mumbai,Groceries,61,4880,1,Weekday
2024-07-03,Mumbai,Furniture,13,41938,0,Weekday
2024-07-03,Mumbai,Cosmetics,37,15614,0,Weekday
2024-07-03,Bangalore,Electronics,17,28968,0,Weekday
2024-07-03,Bangalore,Clothing,34,24344,0,Weekday
2024-07-03,Bangalore,Groceries,73,5037,0,Weekday
2024-07-03,Bangalore,Furniture,12,48108,0,Weekday
2024-07-03,Bangalore,Cosmetics,25,5600,0,Weekday
2024-07-03,Hyderabad,Electronics,25,29050,1,Weekday
2024-07-03,Hyderabad,Clothing,44,51128,0,Weekday
2024-07-03,Hyderabad,Groceries,60,3300,0,Weekday
2024-07-03,Hyderabad,Furniture,12,59904,1,Weekday
2024-07-03,Hyderabad,Cosmetics,28,17276,0,Weekday
2024-07-04,Kolkata,Electronics,24,45864,0,Weekday
2024-07-04,Kolkata,Clothing,31,19406,0,Weekday
2024-07-04,Kolkata,Groceries,69,7521,1,Weekday
2024-07-04,Kolkata,Furniture,9,52065,0,Weekday
2024-07-04,Kolkata,Cosmetics,33,21087,0,Weekday
2024-07-04,Delhi,Electronics,22,26994,0,Weekday
2024-07-04,Delhi,Clothing,32,14816,0,Weekday
2024-07-04,Delhi,Groceries,83,14691,0,Weekday
2024-07-04,Delhi,Furniture,12,46368,0,Weekday
2024-07-04,Delhi,Cosmetics,32,23584,0,Weekday
2024-07-04,Mumbai,Electronics,28,35280,1,Weekday
2024-07-04,Mumbai,Clothing,42,46032,0,Weekday
2024-07-04,Mumbai,Groceries,68,8228,0,Weekday
2024-07-04,Mumbai,Furniture,11,24717,1,Weekday
2024-07-04,Mumbai,Cosmetics,38,19000,1,Weekday
2024-07-04,Bangalore,Electronics,14,30954,0,Weekday
2024-07-04,Bangalore,Clothing,34,26622,0,Weekday
2024-07-04,Bangalore,Groceries,62,5394,0,Weekday
2024-07-04,Bangalore,Furniture,13,44005,1,Weekday
2024-07-04,Bangalore,Cosmetics,22,14256,0,Weekday
2024-07-04,Hyderabad,Electronics,21,47565,0,Weekday
2024-07-04,Hyderabad,Clothing,27,24516,0,Weekday
2024-07-04,Hyderabad,Groceries,78,11700,0,Weekday
2024-07-04,Hyderabad,Furniture,10,48600,1,Weekday
2024-07-04,Hyderabad,Cosmetics,27,13824,0,Weekday
2024-07-05,Kolkata,Electronics,20,43020,0,Weekday
2024-07-05,Kolkata,Clothing,36,35028,0,Weekday
2024-07-05,Kolkata,Groceries,75,3750,1,Weekday
2024-07-05,Kolkata,Furniture,11,31086,0,Weekday
2024-07-05,Kolkata,Cosmetics,24,5064,0,Weekday
2024-07-05,Delhi,Electronics,27,22734,1,Weekday
2024-07-05,Delhi,Clothing,46,44022,1,Weekday
2024-07-05,Delhi,Groceries,82,9922,0,Weekday
2024-07-05,Delhi,Furniture,7,20097,0,Weekday
2024-07-05,Delhi,Cosmetics,30,18510,1,Weekday
2024-07-05,Mumbai,Electronics,18,44946,0,Weekday
2024-07-05,Mumbai,Clothing,48,49056,1,Weekday
2024-07-05,Mumbai,Groceries,65,11960,1,Weekday
2024-07-05,Mumbai,Furniture,11,37895,0,Weekday
2024-07-05,Mumbai,Cosmetics,24,16848,0,Weekday
2024-07-05,Bangalore,Electronics,19,45828,0,Weekday
2024-07-05,Bangalore,Clothing,28,33320,0,Weekday
2024-07-05,Bangalore,Groceries,61,8723,1,Weekday
2024-07-05,Bangalore,Furniture,15,81210,1,Weekday
2024-07-05,Bangalore,Cosmetics,28,21056,0,Weekday
2024-07-05,Hyderabad,Electronics,31,76012,0,Weekday
2024-07-05,Hyderabad,Clothing,43,43086,0,Weekday
2024-07-05,Hyderabad,Groceries,83,12035,0,Weekday
2024-07-05,Hyderabad,Furniture,12,23904,0,Weekday
2024-07-05,Hyderabad,Cosmetics,27,20682,0,Weekday
2024-07-06,Kolkata,Electronics,20,20080,1,Weekend
2024-07-06,Kolkata,Clothing,45,28305,1,Weekend
2024-07-06,Kolkata,Groceries,71,6887,0,Weekend
2024-07-06,Kolkata,Furniture,12,61548,1,Weekend
2024-07-06,Kolkata,Cosmetics,36,21276,1,Weekend
2024-07-06,Delhi,Electronics,24,33408,1,Weekend
2024-07-06,Delhi,Clothing,40,35880,0,Weekend
2024-07-06,Delhi,Groceries,71,6816,0,Weekend
2024-07-06,Delhi,Furniture,10,50200,1,Weekend
2024-07-06,Delhi,Cosmetics,35,10010,1,Weekend
2024-07-06,Mumbai,Electronics,26,60814,0,Weekend
2024-07-06,Mumbai,Clothing,32,37984,0,Weekend
2024-07-06,Mumbai,Groceries,91,7735,1,Weekend
2024-07-06,Mumbai,Furniture,12,56628,1,Weekend
2024-07-06,Mumbai,Cosmetics,26,20410,0,Weekend
2024-07-06,Bangalore,Electronics,25,22700,0,Weekend
2024-07-06,Bangalore,Clothing,33,28512,0,Weekend
2024-07-06,Bangalore,Groceries,80,8960,0,Weekend
2024-07-06,Bangalore,Furniture,11,26455,1,Weekend
2024-07-06,Bangalore,Cosmetics,31,7502,0,Weekend
2024-07-06,Hyderabad,Electronics,22,26972,1,Weekend
2024-07-06,Hyderabad,Clothing,36,31968,0,Weekend
2024-07-06,Hyderabad,Groceries,70,12810,0,Weekend
2024-07-06,Hyderabad,Furniture,11,28424,0,Weekend
2024-07-06,Hyderabad,Cosmetics,22,10230,0,Weekend
2024-07-07,Kolkata,Electronics,22,20504,0,Weekend
2024-07-07,Kolkata,Clothing,34,38420,0,Weekend
2024-07-07,Kolkata,Groceries,61,12078,0,Weekend
2024-07-07,Kolkata,Furniture,13,35581,1,Weekend
2024-07-07,Kolkata,Cosmetics,28,15120,0,Weekend
2024-07-07,Delhi,Electronics,23,49473,1,Weekend
2024-07-07,Delhi,Clothing,40,29120,0,Weekend
2024-07-07,Delhi,Groceries,62,12338,0,Weekend
2024-07-07,Delhi,Furniture,12,48096,1,Weekend
2024-07-07,Delhi,Cosmetics,31,21018,0,Weekend
2024-07-07,Mumbai,Electronics,30,38580,1,Weekend
2024-07-07,Mumbai,Clothing,56,35504,1,Weekend
2024-07-07,Mumbai,Groceries,79,12640,0,Weekend
2024-07-07,Mumbai,Furniture,14,66094,1,Weekend
2024-07-07,Mumbai,Cosmetics,23,9499,0,Weekend
2024-07-07,Bangalore,Electronics,20,35360,0,Weekend
2024-07-07,Bangalore,Clothing,35,28560,0,Weekend
2024-07-07,Bangalore,Groceries,75,8325,1,Weekend
2024-07-07,Bangalore,Furniture,10,47010,1,Weekend
2024-07-07,Bangalore,Cosmetics,36,8496,1,Weekend
2024-07-07,Hyderabad,Electronics,19,46284,0,Weekend
2024-07-07,Hyderabad,Clothing,39,39819,0,Weekend
2024-07-07,Hyderabad,Groceries,55,3630,0,Weekend
2024-07-07,Hyderabad,Furniture,10,15220,0,Weekend
2024-07-07,Hyderabad,Cosmetics,30,20160,1,Weekend
2024-07-08,Kolkata,Electronics,22,44858,0,Weekday
2024-07-08,Kolkata,Clothing,31,12152,0,Weekday
2024-07-08,Kolkata,Groceries,69,7314,0,Weekday
2024-07-08,Kolkata,Furniture,12,66420,0,Weekday
2024-07-08,Kolkata,Cosmetics,33,8085,1,Weekday
2024-07-08,Delhi,Electronics,22,30734,1,Weekday
2024-07-08,Delhi,Clothing,34,32504,0,Weekday
2024-07-08,Delhi,Groceries,72,4824,0,Weekday
2024-07-08,Delhi,Furniture,11,18161,1,Weekday
2024-07-08,Delhi,Cosmetics,33,21186,1,Weekday
2024-07-08,Mumbai,Electronics,22,39446,0,Weekday
2024-07-08,Mumbai,Clothing,44,46860,0,Weekday
2024-07-08,Mumbai,Groceries,69,5589,0,Weekday
2024-07-08,Mumbai,Furniture,13,68770,0,Weekday
2024-07-08,Mumbai,Cosmetics,36,8820,1,Weekday
2024-07-08,Bangalore,Electronics,21,17892,0,Weekday
2024-07-08,Bangalore,Clothing,33,35112,0,Weekday
2024-07-08,Bangalore,Groceries,61,9272,1,Weekday
2024-07-08,Bangalore,Furniture,11,65978,1,Weekday
2024-07-08,Bangalore,Cosmetics,25,6400,0,Weekday
2024-07-08,Hyderabad,Electronics,24,43320,0,Weekday
2024-07-08,Hyderabad,Clothing,48,21216,1,Weekday
2024-07-08,Hyderabad,Groceries,76,13148,0,Weekday
2024-07-08,Hyderabad,Furniture,9,18396,0,Weekday
2024-07-08,Hyderabad,Cosmetics,38,19190,0,Weekday
2024-07-09,Kolkata,Electronics,23,45080,0,Weekday
2024-07-09,Kolkata,Clothing,35,19705,0,Weekday
2024-07-09,Kolkata,Groceries,60,10320,1,Weekday
2024-07-09,Kolkata,Furniture,8,20032,0,Weekday
2024-07-09,Kolkata,Cosmetics,29,22272,0,Weekday
2024-07-09,Delhi,Electronics,31,67704,1,Weekday
2024-07-09,Delhi,Clothing,33,24684,0,Weekday
2024-07-09,Delhi,Groceries,79,11218,1,Weekday
2024-07-09,Delhi,Furniture,10,58590,0,Weekday
2024-07-09,Delhi,Cosmetics,35,15470,1,Weekday
2024-07-09,Mumbai,Electronics,20,22360,0,Weekday
2024-07-09,Mumbai,Clothing,31,23715,0,Weekday
2024-07-09,Mumbai,Groceries,74,4884,0,Weekday
2024-07-09,Mumbai,Furniture,12,50676,1,Weekday
2024-07-09,Mumbai,Cosmetics,30,6690,1,Weekday
2024-07-09,Bangalore,Electronics,29,62176,0,Weekday
2024-07-09,Bangalore,Clothing,40,46520,0,Weekday
2024-07-09,Bangalore,Groceries,64,8832,0,Weekday
2024-07-09,Bangalore,Furniture,14,36204,1,Weekday
2024-07-09,Bangalore,Cosmetics,27,13959,1,Weekday
2024-07-09,Hyderabad,Electronics,19,31027,1,Weekday
2024-07-09,Hyderabad,Clothing,35,32585,0,Weekday
2024-07-09,Hyderabad,Groceries,68,10200,0,Weekday
2024-07-09,Hyderabad,Furniture,8,45376,0,Weekday
2024-07-09,Hyderabad,Cosmetics,26,10244,0,Weekday
2024-07-10,Kolkata,Electronics,14,20972,0,Weekday
2024-07-10,Kolkata,Clothing,39,28080,0,Weekday
2024-07-10,Kolkata,Groceries,69,9798,0,Weekday
2024-07-10,Kolkata,Furniture,9,37764,0,Weekday
2024-07-10,Kolkata,Cosmetics,30,13890,0,Weekday
2024-07-10,Delhi,Electronics,18,26334,0,Weekday
2024-07-10,Delhi,Clothing,35,36750,0,Weekday
2024-07-10,Delhi,Groceries,59,6726,0,Weekday
2024-07-10,Delhi,Furniture,7,17619,0,Weekday
2024-07-10,Delhi,Cosmetics,23,18078,0,Weekday
2024-07-10,Mumbai,Electronics,24,37032,0,Weekday
2024-07-10,Mumbai,Clothing,34,40086,0,Weekday
2024-07-10,Mumbai,Groceries,81,14013,0,Weekday
2024-07-10,Mumbai,Furniture,11,53394,0,Weekday
2024-07-10,Mumbai,Cosmetics,22,16786,0,Weekday
2024-07-10,Bangalore,Electronics,21,29127,0,Weekday
2024-07-10,Bangalore,Clothing,42,31668,0,Weekday
2024-07-10,Bangalore,Groceries,77,5005,0,Weekday
2024-07-10,Bangalore,Furniture,9,40221,0,Weekday
2024-07-10,Bangalore,Cosmetics,33,17424,0,Weekday
2024-07-10,Hyderabad,Electronics,26,59306,1,Weekday
2024-07-10,Hyderabad,Clothing,42,28182,0,Weekday
2024-07-10,Hyderabad,Groceries,74,10360,0,Weekday
2024-07-10,Hyderabad,Furniture,10,20190,0,Weekday
2024-07-10,Hyderabad,Cosmetics,30,21600,1,Weekday
2024-07-11,Kolkata,Electronics,16,15360,0,Weekday
2024-07-11,Kolkata,Clothing,34,11152,0,Weekday
2024-07-11,Kolkata,Groceries,68,10540,0,Weekday
2024-07-11,Kolkata,Furniture,11,46662,0,Weekday
2024-07-11,Kolkata,Cosmetics,24,7512,0,Weekday
2024-07-11,Delhi,Electronics,24,54888,0,Weekday
2024-07-11,Delhi,Clothing,33,36597,0,Weekday
2024-07-11,Delhi,Groceries,54,4806,1,Weekday
2024-07-11,Delhi,Furniture,13,72800,0,Weekday
2024-07-11,Delhi,Cosmetics,33,17391,0,Weekday
2024-07-11,Mumbai,Electronics,24,53256,0,Weekday
2024-07-11,Mumbai,Clothing,40,34520,1,Weekday
2024-07-11,Mumbai,Groceries,74,5920,0,Weekday
2024-07-11,Mumbai,Furniture,12,58188,0,Weekday
2024-07-11,Mumbai,Cosmetics,32,17952,1,Weekday
2024-07-11,Bangalore,Electronics,26,61204,0,Weekday
2024-07-11,Bangalore,Clothing,39,19188,0,Weekday
2024-07-11,Bangalore,Groceries,67,3886,0,Weekday
2024-07-11,Bangalore,Furniture,15,78630,1,Weekday
2024-07-11,Bangalore,Cosmetics,37,6512,0,Weekday
2024-07-11,Hyderabad,Electronics,24,35712,0,Weekday
2024-07-11,Hyderabad,Clothing,38,41040,0,Weekday
2024-07-11,Hyderabad,Groceries,73,10147,1,Weekday
2024-07-11,Hyderabad,Furniture,11,61963,0,Weekday
2024-07-11,Hyderabad,Cosmetics,28,12572,0,Weekday
2024-07-12,Kolkata,Electronics,17,14875,0,Weekday
2024-07-12,Kolkata,Clothing,41,23042,1,Weekday
2024-07-12,Kolkata,Groceries,71,6603,0,Weekday
2024-07-12,Kolkata,Furniture,10,49170,0,Weekday
2024-07-12,Kolkata,Cosmetics,27,9801,0,Weekday
2024-07-12,Delhi,Electronics,21,48930,0,Weekday
2024-07-12,Delhi,Clothing,40,45320,1,Weekday
2024-07-12,Delhi,Groceries,66,5148,0,Weekday
2024-07-12,Delhi,Furniture,12,65544,0,Weekday
2024-07-12,Delhi,Cosmetics,27,12744,0,Weekday
2024-07-12,Mumbai,Electronics,20,30300,0,Weekday
2024-07-12,Mumbai,Clothing,42,44478,1,Weekday
2024-07-12,Mumbai,Groceries,76,14060,0,Weekday
2024-07-12,Mumbai,Furniture,8,22240,0,Weekday
2024-07-12,Mumbai,Cosmetics,25,8075,0,Weekday
2024-07-12,Bangalore,Electronics,22,22440,0,Weekday
2024-07-12,Bangalore,Clothing,42,38178,0,Weekday
2024-07-12,Bangalore,Groceries,65,11505,0,Weekday
2024-07-12,Bangalore,Furniture,12,43008,1,Weekday
2024-07-12,Bangalore,Cosmetics,23,16307,0,Weekday
2024-07-12,Hyderabad,Electronics,22,36454,0,Weekday
2024-07-12,Hyderabad,Clothing,51,19023,1,Weekday
2024-07-12,Hyderabad,Groceries,68,10744,0,Weekday
2024-07-12,Hyderabad,Furniture,12,61980,0,Weekday
2024-07-12,Hyderabad,Cosmetics,24,8136,0,Weekday
2024-07-13,Kolkata,Electronics,20,45940,0,Weekend
2024-07-13,Kolkata,Clothing,35,33600,0,Weekend
2024-07-13,Kolkata,Groceries,75,11400,1,Weekend
2024-07-13,Kolkata,Furniture,12,57300,1,Weekend
2024-07-13,Kolkata,Cosmetics,28,15428,1,Weekend
2024-07-13,Delhi,Electronics,23,29003,1,Weekend
2024-07-13,Delhi,Clothing,39,43680,0,Weekend
2024-07-13,Delhi,Groceries,81,14175,0,Weekend
2024-07-13,Delhi,Furniture,13,49049,1,Weekend
2024-07-13,Delhi,Cosmetics,29,6380,0,Weekend
2024-07-13,Mumbai,Electronics,21,41643,0,Weekend
2024-07-13,Mumbai,Clothing,40,36720,0,Weekend
2024-07-13,Mumbai,Groceries,57,10944,0,Weekend
2024-07-13,Mumbai,Furniture,9,45882,0,Weekend
2024-07-13,Mumbai,Cosmetics,26,6448,0,Weekend
2024-07-13,Bangalore,Electronics,25,49550,1,Weekend
2024-07-13,Bangalore,Clothing,51,22236,1,Weekend
2024-07-13,Bangalore,Groceries,63,3150,0,Weekend
2024-07-13,Bangalore,Furniture,10,24550,0,Weekend
2024-07-13,Bangalore,Cosmetics,23,12328,1,Weekend
2024-07-13,Hyderabad,Electronics,21,23499,0,Weekend
2024-07-13,Hyderabad,Clothing,37,16502,1,Weekend
2024-07-13,Hyderabad,Groceries,60,3060,1,Weekend
2024-07-13,Hyderabad,Furniture,12,28116,0,Weekend
2024-07-13,Hyderabad,Cosmetics,38,9082,1,Weekend
2024-07-14,Kolkata,Electronics,25,25625,0,Weekend
2024-07-14,Kolkata,Clothing,34,16082,1,Weekend
2024-07-14,Kolkata,Groceries,81,9558,1,Weekend
2024-07-14,Kolkata,Furniture,9,35217,1,Weekend
2024-07-14,Kolkata,Cosmetics,29,19546,0,Weekend
2024-07-14,Delhi,Electronics,17,17680,1,Weekend
2024-07-14,Delhi,Clothing,39,18330,0,Weekend
2024-07-14,Delhi,Groceries,59,7021,0,Weekend
2024-07-14,Delhi,Furniture,11,35299,1,Weekend
2024-07-14,Delhi,Cosmetics,38,16796,1,Weekend
2024-07-14,Mumbai,Electronics,20,36360,0,Weekend
2024-07-14,Mumbai,Clothing,46,50416,0,Weekend
2024-07-14,Mumbai,Groceries,70,9940,0,Weekend
2024-07-14,Mumbai,Furniture,11,60984,1,Weekend
2024-07-14,Mumbai,Cosmetics,24,12456,0,Weekend
2024-07-14,Bangalore,Electronics,14,14812,0,Weekend
2024-07-14,Bangalore,Clothing,41,33948,0,Weekend
2024-07-14,Bangalore,Groceries,66,5016,0,Weekend
2024-07-14,Bangalore,Furniture,13,42510,1,Weekend
2024-07-14,Bangalore,Cosmetics,20,13500,0,Weekend
2024-07-14,Hyderabad,Electronics,19,20805,1,Weekend
2024-07-14,Hyderabad,Clothing,56,47152,1,Weekend
2024-07-14,Hyderabad,Groceries,62,3472,0,Weekend
2024-07-14,Hyderabad,Furniture,10,59130,0,Weekend
2024-07-14,Hyderabad,Cosmetics,30,23790,0,Weekend
2024-07-15,Kolkata,Electronics,22,20724,0,Weekday
2024-07-15,Kolkata,Clothing,43,22403,0,Weekday
2024-07-15,Kolkata,Groceries,86,9804,1,Weekday
2024-07-15,Kolkata,Furniture,11,63987,0,Weekday
2024-07-15,Kolkata,Cosmetics,30,7320,0,Weekday
2024-07-15,Delhi,Electronics,22,31438,0,Weekday
2024-07-15,Delhi,Clothing,37,17686,1,Weekday
2024-07-15,Delhi,Groceries,58,6438,0,Weekday
2024-07-15,Delhi,Furniture,10,46600,1,Weekday
2024-07-15,Delhi,Cosmetics,38,19038,1,Weekday
2024-07-15,Mumbai,Electronics,19,39938,1,Weekday
2024-07-15,Mumbai,Clothing,46,50922,1,Weekday
2024-07-15,Mumbai,Groceries,68,7072,0,Weekday
2024-07-15,Mumbai,Furniture,10,55180,0,Weekday
2024-07-15,Mumbai,Cosmetics,27,13662,0,Weekday
2024-07-15,Bangalore,Electronics,29,70441,1,Weekday
2024-07-15,Bangalore,Clothing,34,18496,0,Weekday
2024-07-15,Bangalore,Groceries,57,10602,0,Weekday
2024-07-15,Bangalore,Furniture,11,56232,0,Weekday
2024-07-15,Bangalore,Cosmetics,26,5200,0,Weekday
2024-07-15,Hyderabad,Electronics,25,60650,0,Weekday
2024-07-15,Hyderabad,Clothing,34,40290,0,Weekday
2024-07-15,Hyderabad,Groceries,57,8322,0,Weekday
2024-07-15,Hyderabad,Furniture,14,45668,1,Weekday
2024-07-15,Hyderabad,Cosmetics,35,26565,0,Weekday
2024-07-16,Kolkata,Electronics,20,24500,0,Weekday
2024-07-16,Kolkata,Clothing,45,42975,0,Weekday
2024-07-16,Kolkata,Groceries,85,9945,0,Weekday
2024-07-16,Kolkata,Furniture,11,26620,0,Weekday
2024-07-16,Kolkata,Cosmetics,29,22388,0,Weekday
2024-07-16,Delhi,Electronics,25,44425,0,Weekday
2024-07-16,Delhi,Clothing,43,17200,0,Weekday
2024-07-16,Delhi,Groceries,59,7021,1,Weekday
2024-07-16,Delhi,Furniture,7,28854,0,Weekday
2024-07-16,Delhi,Cosmetics,24,4128,0,Weekday
2024-07-16,Mumbai,Electronics,20,30700,1,Weekday
2024-07-16,Mumbai,Clothing,37,15059,0,Weekday
2024-07-16,Mumbai,Groceries,75,12450,0,Weekday
2024-07-16,Mumbai,Furniture,12,32904,0,Weekday
2024-07-16,Mumbai,Cosmetics,29,5075,0,Weekday
2024-07-16,Bangalore,Electronics,23,28681,1,Weekday
2024-07-16,Bangalore,Clothing,36,25632,0,Weekday
2024-07-16,Bangalore,Groceries,69,11868,0,Weekday
2024-07-16,Bangalore,Furniture,9,42714,0,Weekday
2024-07-16,Bangalore,Cosmetics,34,5270,1,Weekday
2024-07-16,Hyderabad,Electronics,19,36195,0,Weekday
2024-07-16,Hyderabad,Clothing,46,43102,1,Weekday
2024-07-16,Hyderabad,Groceries,75,10725,0,Weekday
2024-07-16,Hyderabad,Furniture,12,48924,0,Weekday
2024-07-16,Hyderabad,Cosmetics,28,17136,0,Weekday
2024-07-17,Kolkata,Electronics,25,28575,1,Weekday
2024-07-17,Kolkata,Clothing,24,7608,0,Weekday
2024-07-17,Kolkata,Groceries,76,14364,1,Weekday
2024-07-17,Kolkata,Furniture,14,66570,0,Weekday
2024-07-17,Kolkata,Cosmetics,25,5925,0,Weekday
2024-07-17,Delhi,Electronics,26,27300,0,Weekday
2024-07-17,Delhi,Clothing,39,12870,0,Weekday
2024-07-17,Delhi,Groceries,83,10790,0,Weekday
2024-07-17,Delhi,Furniture,9,16623,1,Weekday
2024-07-17,Delhi,Cosmetics,29,11687,0,Weekday
2024-07-17,Mumbai,Electronics,26,54132,0,Weekday
2024-07-17,Mumbai,Clothing,41,41697,1,Weekday
2024-07-17,Mumbai,Groceries,74,14208,1,Weekday
2024-07-17,Mumbai,Furniture,16,86848,1,Weekday
2024-07-17,Mumbai,Cosmetics,21,9765,0,Weekday
2024-07-17,Bangalore,Electronics,29,70441,1,Weekday
2024-07-17,Bangalore,Clothing,51,46767,0,Weekday
2024-07-17,Bangalore,Groceries,72,13032,0,Weekday
2024-07-17,Bangalore,Furniture,11,63338,0,Weekday
2024-07-17,Bangalore,Cosmetics,33,12705,1,Weekday
2024-07-17,Hyderabad,Electronics,18,27414,0,Weekday
2024-07-17,Hyderabad,Clothing,39,29250,0,Weekday
2024-07-17,Hyderabad,Groceries,67,7705,0,Weekday
2024-07-17,Hyderabad,Furniture,7,16289,0,Weekday
2024-07-17,Hyderabad,Cosmetics,32,18176,0,Weekday
2024-07-18,Kolkata,Electronics,23,51221,0,Weekday
2024-07-18,Kolkata,Clothing,40,24920,1,Weekday
2024-07-18,Kolkata,Groceries,60,4740,0,Weekday
2024-07-18,Kolkata,Furniture,8,16480,0,Weekday
2024-07-18,Kolkata,Cosmetics,22,11066,0,Weekday
2024-07-18,Delhi,Electronics,24,28728,0,Weekday
2024-07-18,Delhi,Clothing,32,35264,0,Weekday
2024-07-18,Delhi,Groceries,79,8848,0,Weekday
2024-07-18,Delhi,Furniture,10,25200,1,Weekday
2024-07-18,Delhi,Cosmetics,34,20468,1,Weekday
2024-07-18,Mumbai,Electronics,18,44136,0,Weekday
2024-07-18,Mumbai,Clothing,51,16881,1,Weekday
2024-07-18,Mumbai,Groceries,73,8614,1,Weekday
2024-07-18,Mumbai,Furniture,8,44360,0,Weekday
2024-07-18,Mumbai,Cosmetics,34,22746,1,Weekday
2024-07-18,Bangalore,Electronics,19,23427,0,Weekday
2024-07-18,Bangalore,Clothing,49,46305,0,Weekday
2024-07-18,Bangalore,Groceries,78,8970,0,Weekday
2024-07-18,Bangalore,Furniture,12,61728,0,Weekday
2024-07-18,Bangalore,Cosmetics,24,11832,0,Weekday
2024-07-18,Hyderabad,Electronics,23,46437,0,Weekday
2024-07-18,Hyderabad,Clothing,44,28292,0,Weekday
2024-07-18,Hyderabad,Groceries,51,5406,0,Weekday
2024-07-18,Hyderabad,Furniture,11,50853,0,Weekday
2024-07-18,Hyderabad,Cosmetics,35,22435,1,Weekday
2024-07-19,Kolkata,Electronics,17,20570,0,Weekday
2024-07-19,Kolkata,Clothing,40,40440,1,Weekday
2024-07-19,Kolkata,Groceries,83,10541,1,Weekday
2024-07-19,Kolkata,Furniture,14,31332,0,Weekday
2024-07-19,Kolkata,Cosmetics,27,14904,0,Weekday
2024-07-19,Delhi,Electronics,27,61776,1,Weekday
2024-07-19,Delhi,Clothing,46,52624,0,Weekday
2024-07-19,Delhi,Groceries,53,4982,0,Weekday
2024-07-19,Delhi,Furniture,8,40208,0,Weekday
2024-07-19,Delhi,Cosmetics,41,21812,1,Weekday
2024-07-19,Mumbai,Electronics,21,32214,0,Weekday
2024-07-19,Mumbai,Clothing,36,13932,1,Weekday
2024-07-19,Mumbai,Groceries,65,12480,1,Weekday
2024-07-19,Mumbai,Furniture,10,57040,1,Weekday
2024-07-19,Mumbai,Cosmetics,31,24583,0,Weekday
2024-07-19,Bangalore,Electronics,21,28980,0,Weekday
2024-07-19,Bangalore,Clothing,38,44232,0,Weekday
2024-07-19,Bangalore,Groceries,76,4940,0,Weekday
2024-07-19,Bangalore,Furniture,11,25399,0,Weekday
2024-07-19,Bangalore,Cosmetics,24,16728,0,Weekday
2024-07-19,Hyderabad,Electronics,22,38764,0,Weekday
2024-07-19,Hyderabad,Clothing,42,41538,0,Weekday
2024-07-19,Hyderabad,Groceries,62,4898,0,Weekday
2024-07-19,Hyderabad,Furniture,9,51678,0,Weekday
2024-07-19,Hyderabad,Cosmetics,24,7128,0,Weekday
2024-07-20,Kolkata,Electronics,30,66390,1,Weekend
2024-07-20,Kolkata,Clothing,35,14105,1,Weekend
2024-07-20,Kolkata,Groceries,85,11305,1,Weekend
2024-07-20,Kolkata,Furniture,9,49329,0,Weekend
2024-07-20,Kolkata,Cosmetics,30,12540,0,Weekend
2024-07-20,Delhi,Electronics,24,50016,1,Weekend
2024-07-20,Delhi,Clothing,34,32742,0,Weekend
2024-07-20,Delhi,Groceries,80,7600,0,Weekend
2024-07-20,Delhi,Furniture,16,27744,1,Weekend
2024-07-20,Delhi,Cosmetics,27,9693,0,Weekend
2024-07-20,Mumbai,Electronics,18,29358,0,Weekend
2024-07-20,Mumbai,Clothing,39,11817,0,Weekend
2024-07-20,Mumbai,Groceries,53,7261,0,Weekend
2024-07-20,Mumbai,Furniture,15,77115,1,Weekend
2024-07-20,Mumbai,Cosmetics,15,6540,0,Weekend
2024-07-20,Bangalore,Electronics,20,30660,0,Weekend
2024-07-20,Bangalore,Clothing,37,12950,0,Weekend
2024-07-20,Bangalore,Groceries,74,12728,0,Weekend
2024-07-20,Bangalore,Furniture,10,41310,0,Weekend
2024-07-20,Bangalore,Cosmetics,29,6902,0,Weekend
2024-07-20,Hyderabad,Electronics,23,27163,0,Weekend
2024-07-20,Hyderabad,Clothing,36,31824,0,Weekend
2024-07-20,Hyderabad,Groceries,56,4536,0,Weekend
2024-07-20,Hyderabad,Furniture,11,23496,0,Weekend
2024-07-20,Hyderabad,Cosmetics,35,14735,1,Weekend
2024-07-21,Kolkata,Electronics,30,72510,1,Weekend
2024-07-21,Kolkata,Clothing,32,26112,1,Weekend
2024-07-21,Kolkata,Groceries,60,11880,0,Weekend
2024-07-21,Kolkata,Furniture,10,37000,1,Weekend
2024-07-21,Kolkata,Cosmetics,34,16150,1,Weekend
2024-07-21,Delhi,Electronics,22,39732,0,Weekend
2024-07-21,Delhi,Clothing,50,45400,1,Weekend
2024-07-21,Delhi,Groceries,68,5712,0,Weekend
2024-07-21,Delhi,Furniture,11,35805,0,Weekend
2024-07-21,Delhi,Cosmetics,25,18975,0,Weekend
2024-07-21,Mumbai,Electronics,24,29832,0,Weekend
2024-07-21,Mumbai,Clothing,36,24516,1,Weekend
2024-07-21,Mumbai,Groceries,61,7381,1,Weekend
2024-07-21,Mumbai,Furniture,10,33510,0,Weekend
2024-07-21,Mumbai,Cosmetics,36,27108,1,Weekend
2024-07-21,Bangalore,Electronics,19,22667,0,Weekend
2024-07-21,Bangalore,Clothing,50,17650,1,Weekend
2024-07-21,Bangalore,Groceries,58,3770,0,Weekend
2024-07-21,Bangalore,Furniture,9,49131,0,Weekend
2024-07-21,Bangalore,Cosmetics,27,6156,0,Weekend
2024-07-21,Hyderabad,Electronics,24,59976,1,Weekend
2024-07-21,Hyderabad,Clothing,44,48972,0,Weekend
2024-07-21,Hyderabad,Groceries,66,10956,0,Weekend
2024-07-21,Hyderabad,Furniture,10,27830,0,Weekend
2024-07-21,Hyderabad,Cosmetics,27,15390,1,Weekend
2024-07-22,Kolkata,Electronics,21,38241,0,Weekday
2024-07-22,Kolkata,Clothing,51,44319,0,Weekday
2024-07-22,Kolkata,Groceries,70,13510,1,Weekday
2024-07-22,Kolkata,Furniture,5,21585,0,Weekday
2024-07-22,Kolkata,Cosmetics,23,17572,0,Weekday
2024-07-22,Delhi,Electronics,24,52848,1,Weekday
2024-07-22,Delhi,Clothing,43,18361,0,Weekday
2024-07-22,Delhi,Groceries,75,14700,0,Weekday
2024-07-22,Delhi,Furniture,12,20580,1,Weekday
2024-07-22,Delhi,Cosmetics,33,17820,0,Weekday
2024-07-22,Mumbai,Electronics,17,24820,0,Weekday
2024-07-22,Mumbai,Clothing,34,18972,0,Weekday
2024-07-22,Mumbai,Groceries,79,14457,0,Weekday
2024-07-22,Mumbai,Furniture,11,40183,0,Weekday
2024-07-22,Mumbai,Cosmetics,31,23312,0,Weekday
2024-07-22,Bangalore,Electronics,23,18400,1,Weekday
2024-07-22,Bangalore,Clothing,53,51569,0,Weekday
2024-07-22,Bangalore,Groceries,74,7696,0,Weekday
2024-07-22,Bangalore,Furniture,10,27840,0,Weekday
2024-07-22,Bangalore,Cosmetics,28,11312,0,Weekday
2024-07-22,Hyderabad,Electronics,21,37212,0,Weekday
2024-07-22,Hyderabad,Clothing,44,27544,0,Weekday
2024-07-22,Hyderabad,Groceries,71,13703,0,Weekday
2024-07-22,Hyderabad,Furniture,11,22616,0,Weekday
2024-07-22,Hyderabad,Cosmetics,28,8456,0,Weekday
2024-07-23,Kolkata,Electronics,24,48312,0,Weekday
2024-07-23,Kolkata,Clothing,41,22550,1,Weekday
2024-07-23,Kolkata,Groceries,74,14060,1,Weekday
2024-07-23,Kolkata,Furniture,10,26460,0,Weekday
2024-07-23,Kolkata,Cosmetics,26,10114,0,Weekday
2024-07-23,Delhi,Electronics,20,37740,0,Weekday
2024-07-23,Delhi,Clothing,40,47680,0,Weekday
2024-07-23,Delhi,Groceries,76,8208,1,Weekday
2024-07-23,Delhi,Furniture,7,34041,0,Weekday
2024-07-23,Delhi,Cosmetics,25,4100,0,Weekday
2024-07-23,Mumbai,Electronics,31,47802,1,Weekday
2024-07-23,Mumbai,Clothing,36,13284,0,Weekday
2024-07-23,Mumbai,Groceries,49,4998,0,Weekday
2024-07-23,Mumbai,Furniture,10,29820,0,Weekday
2024-07-23,Mumbai,Cosmetics,26,19604,0,Weekday
2024-07-23,Bangalore,Electronics,17,39644,0,Weekday
2024-07-23,Bangalore,Clothing,42,25704,1,Weekday
2024-07-23,Bangalore,Groceries,53,6095,1,Weekday
2024-07-23,Bangalore,Furniture,8,43912,0,Weekday
2024-07-23,Bangalore,Cosmetics,25,18525,0,Weekday
2024-07-23,Hyderabad,Electronics,25,41325,0,Weekday
2024-07-23,Hyderabad,Clothing,34,39066,0,Weekday
2024-07-23,Hyderabad,Groceries,94,17860,1,Weekday
2024-07-23,Hyderabad,Furniture,16,87392,1,Weekday
2024-07-23,Hyderabad,Cosmetics,19,3249,0,Weekday
2024-07-24,Kolkata,Electronics,21,41118,0,Weekday
2024-07-24,Kolkata,Clothing,42,17388,1,Weekday
2024-07-24,Kolkata,Groceries,52,3016,0,Weekday
2024-07-24,Kolkata,Furniture,10,27320,0,Weekday
2024-07-24,Kolkata,Cosmetics,20,15320,0,Weekday
2024-07-24,Delhi,Electronics,25,21750,1,Weekday
2024-07-24,Delhi,Clothing,37,27454,0,Weekday
2024-07-24,Delhi,Groceries,52,9464,0,Weekday
2024-07-24,Delhi,Furniture,11,23166,0,Weekday
2024-07-24,Delhi,Cosmetics,28,14084,0,Weekday
2024-07-24,Mumbai,Electronics,28,61684,0,Weekday
2024-07-24,Mumbai,Clothing,42,44310,0,Weekday
2024-07-24,Mumbai,Groceries,81,15390,0,Weekday
2024-07-24,Mumbai,Furniture,10,29360,0,Weekday
2024-07-24,Mumbai,Cosmetics,29,21315,0,Weekday
2024-07-24,Bangalore,Electronics,28,29596,0,Weekday
2024-07-24,Bangalore,Clothing,38,29906,0,Weekday
2024-07-24,Bangalore,Groceries,58,6786,0,Weekday
2024-07-24,Bangalore,Furniture,8,31664,0,Weekday
2024-07-24,Bangalore,Cosmetics,23,9890,0,Weekday
2024-07-24,Hyderabad,Electronics,23,38893,1,Weekday
2024-07-24,Hyderabad,Clothing,35,11865,0,Weekday
2024-07-24,Hyderabad,Groceries,71,13419,0,Weekday
2024-07-24,Hyderabad,Furniture,14,24108,1,Weekday
2024-07-24,Hyderabad,Cosmetics,29,5510,0,Weekday
2024-07-25,Kolkata,Electronics,22,26796,0,Weekday
2024-07-25,Kolkata,Clothing,38,38418,0,Weekday
2024-07-25,Kolkata,Groceries,62,11966,0,Weekday
2024-07-25,Kolkata,Furniture,8,15592,0,Weekday
2024-07-25,Kolkata,Cosmetics,27,7155,0,Weekday
2024-07-25,Delhi,Electronics,18,15786,0,Weekday
2024-07-25,Delhi,Clothing,38,31920,0,Weekday
2024-07-25,Delhi,Groceries,69,9660,0,Weekday
2024-07-25,Delhi,Furniture,12,68244,1,Weekday
2024-07-25,Delhi,Cosmetics,34,24310,0,Weekday
2024-07-25,Mumbai,Electronics,29,68498,1,Weekday
2024-07-25,Mumbai,Clothing,42,41496,0,Weekday
2024-07-25,Mumbai,Groceries,81,13203,0,Weekday
2024-07-25,Mumbai,Furniture,11,30305,0,Weekday
2024-07-25,Mumbai,Cosmetics,26,18096,0,Weekday
2024-07-25,Bangalore,Electronics,22,46816,1,Weekday
2024-07-25,Bangalore,Clothing,50,26500,1,Weekday
2024-07-25,Bangalore,Groceries,49,4116,0,Weekday
2024-07-25,Bangalore,Furniture,9,36135,0,Weekday
2024-07-25,Bangalore,Cosmetics,34,21998,0,Weekday
2024-07-25,Hyderabad,Electronics,17,40443,1,Weekday
2024-07-25,Hyderabad,Clothing,35,30380,0,Weekday
2024-07-25,Hyderabad,Groceries,55,7975,0,Weekday
2024-07-25,Hyderabad,Furniture,12,58260,0,Weekday
2024-07-25,Hyderabad,Cosmetics,31,15872,1,Weekday
2024-07-26,Kolkata,Electronics,18,19764,0,Weekday
2024-07-26,Kolkata,Clothing,39,23361,0,Weekday
2024-07-26,Kolkata,Groceries,65,8710,0,Weekday
2024-07-26,Kolkata,Furniture,12,18864,0,Weekday
2024-07-26,Kolkata,Cosmetics,27,19440,1,Weekday
2024-07-26,Delhi,Electronics,25,36800,1,Weekday
2024-07-26,Delhi,Clothing,29,25056,0,Weekday
2024-07-26,Delhi,Groceries,66,3828,0,Weekday
2024-07-26,Delhi,Furniture,9,30447,1,Weekday
2024-07-26,Delhi,Cosmetics,20,12320,0,Weekday
2024-07-26,Mumbai,Electronics,19,36689,0,Weekday
2024-07-26,Mumbai,Clothing,34,18972,0,Weekday
2024-07-26,Mumbai,Groceries,62,9548,0,Weekday
2024-07-26,Mumbai,Furniture,11,24497,0,Weekday
2024-07-26,Mumbai,Cosmetics,18,2718,0,Weekday
2024-07-26,Bangalore,Electronics,26,32240,1,Weekday
2024-07-26,Bangalore,Clothing,36,21780,0,Weekday
2024-07-26,Bangalore,Groceries,65,6565,0,Weekday
2024-07-26,Bangalore,Furniture,13,77038,0,Weekday
2024-07-26,Bangalore,Cosmetics,32,14528,1,Weekday
2024-07-26,Hyderabad,Electronics,17,40698,0,Weekday
2024-07-26,Hyderabad,Clothing,38,43396,0,Weekday
2024-07-26,Hyderabad,Groceries,51,3060,0,Weekday
2024-07-26,Hyderabad,Furniture,10,53840,0,Weekday
2024-07-26,Hyderabad,Cosmetics,26,15158,0,Weekday
2024-07-27,Kolkata,Electronics,27,53109,1,Weekend
2024-07-27,Kolkata,Clothing,45,15930,0,Weekend
2024-07-27,Kolkata,Groceries,72,12456,0,Weekend
2024-07-27,Kolkata,Furniture,9,17271,0,Weekend
2024-07-27,Kolkata,Cosmetics,27,19170,0,Weekend
2024-07-27,Delhi,Electronics,22,45012,0,Weekend
2024-07-27,Delhi,Clothing,41,39319,0,Weekend
2024-07-27,Delhi,Groceries,80,4240,0,Weekend
2024-07-27,Delhi,Furniture,12,37332,0,Weekend
2024-07-27,Delhi,Cosmetics,27,18846,0,Weekend
2024-07-27,Mumbai,Electronics,26,20826,1,Weekend
2024-07-27,Mumbai,Clothing,48,45264,0,Weekend
2024-07-27,Mumbai,Groceries,59,8201,1,Weekend
2024-07-27,Mumbai,Furniture,12,30576,1,Weekend
2024-07-27,Mumbai,Cosmetics,28,8624,0,Weekend
2024-07-27,Bangalore,Electronics,26,30602,1,Weekend
2024-07-27,Bangalore,Clothing,46,24564,0,Weekend
2024-07-27,Bangalore,Groceries,66,6072,0,Weekend
2024-07-27,Bangalore,Furniture,11,47300,0,Weekend
2024-07-27,Bangalore,Cosmetics,19,4484,0,Weekend
2024-07-27,Hyderabad,Electronics,25,40775,0,Weekend
2024-07-27,Hyderabad,Clothing,32,12960,0,Weekend
2024-07-27,Hyderabad,Groceries,89,6141,1,Weekend
2024-07-27,Hyderabad,Furniture,10,42160,0,Weekend
2024-07-27,Hyderabad,Cosmetics,25,17075,0,Weekend
2024-07-28,Kolkata,Electronics,24,48408,0,Weekend
2024-07-28,Kolkata,Clothing,48,42672,0,Weekend
2024-07-28,Kolkata,Groceries,63,6300,0,Weekend
2024-07-28,Kolkata,Furniture,8,32184,0,Weekend
2024-07-28,Kolkata,Cosmetics,27,18792,0,Weekend
2024-07-28,Delhi,Electronics,27,33615,1,Weekend
2024-07-28,Delhi,Clothing,44,33176,0,Weekend
2024-07-28,Delhi,Groceries,51,6630,0,Weekend
2024-07-28,Delhi,Furniture,11,38192,0,Weekend
2024-07-28,Delhi,Cosmetics,20,13680,0,Weekend
2024-07-28,Mumbai,Electronics,27,37611,1,Weekend
2024-07-28,Mumbai,Clothing,40,31000,0,Weekend
2024-07-28,Mumbai,Groceries,65,8320,0,Weekend
2024-07-28,Mumbai,Furniture,9,29925,0,Weekend
2024-07-28,Mumbai,Cosmetics,28,19880,0,Weekend
2024-07-28,Bangalore,Electronics,22,24244,1,Weekend
2024-07-28,Bangalore,Clothing,49,46697,1,Weekend
2024-07-28,Bangalore,Groceries,51,7191,1,Weekend
2024-07-28,Bangalore,Furniture,10,57400,0,Weekend
2024-07-28,Bangalore,Cosmetics,31,20088,1,Weekend
2024-07-28,Hyderabad,Electronics,23,22839,0,Weekend
2024-07-28,Hyderabad,Clothing,55,50985,1,Weekend
2024-07-28,Hyderabad,Groceries,53,3763,0,Weekend
2024-07-28,Hyderabad,Furniture,9,21420,0,Weekend
2024-07-28,Hyderabad,Cosmetics,28,11844,1,Weekend
2024-07-29,Kolkata,Electronics,18,28692,0,Weekday
2024-07-29,Kolkata,Clothing,28,14504,0,Weekday
2024-07-29,Kolkata,Groceries,66,12474,1,Weekday
2024-07-29,Kolkata,Furniture,12,57984,1,Weekday
2024-07-29,Kolkata,Cosmetics,27,21006,1,Weekday
2024-07-29,Delhi,Electronics,29,33988,1,Weekday
2024-07-29,Delhi,Clothing,34,18734,0,Weekday
2024-07-29,Delhi,Groceries,86,14964,1,Weekday
2024-07-29,Delhi,Furniture,10,17470,0,Weekday
2024-07-29,Delhi,Cosmetics,33,20625,0,Weekday
2024-07-29,Mumbai,Electronics,19,24548,0,Weekday
2024-07-29,Mumbai,Clothing,50,38450,1,Weekday
2024-07-29,Mumbai,Groceries,45,5175,0,Weekday
2024-07-29,Mumbai,Furniture,11,35244,0,Weekday
2024-07-29,Mumbai,Cosmetics,33,10131,1,Weekday
2024-07-29,Bangalore,Electronics,17,18411,0,Weekday
2024-07-29,Bangalore,Clothing,38,12692,0,Weekday
2024-07-29,Bangalore,Groceries,82,7380,1,Weekday
2024-07-29,Bangalore,Furniture,7,13188,0,Weekday
2024-07-29,Bangalore,Cosmetics,28,14952,0,Weekday
2024-07-29,Hyderabad,Electronics,22,37774,0,Weekday
2024-07-29,Hyderabad,Clothing,46,17020,0,Weekday
2024-07-29,Hyderabad,Groceries,78,4134,0,Weekday
2024-07-29,Hyderabad,Furniture,10,40980,0,Weekday
2024-07-29,Hyderabad,Cosmetics,28,10472,0,Weekday
2024-07-30,Kolkata,Electronics,30,29880,0,Weekday
2024-07-30,Kolkata,Clothing,35,16870,0,Weekday
2024-07-30,Kolkata,Groceries,60,6240,0,Weekday
2024-07-30,Kolkata,Furniture,10,59150,0,Weekday
2024-07-30,Kolkata,Cosmetics,25,7425,1,Weekday
2024-07-30,Delhi,Electronics,21,36687,0,Weekday
2024-07-30,Delhi,Clothing,44,17600,0,Weekday
2024-07-30,Delhi,Groceries,77,8778,0,Weekday
2024-07-30,Delhi,Furniture,10,55520,0,Weekday
2024-07-30,Delhi,Cosmetics,38,20520,1,Weekday
2024-07-30,Mumbai,Electronics,24,36912,0,Weekday
2024-07-30,Mumbai,Clothing,28,14924,0,Weekday
2024-07-30,Mumbai,Groceries,80,8240,0,Weekday
2024-07-30,Mumbai,Furniture,11,36553,0,Weekday
2024-07-30,Mumbai,Cosmetics,31,13206,1,Weekday
2024-07-30,Bangalore,Electronics,22,24486,0,Weekday
2024-07-30,Bangalore,Clothing,39,38259,0,Weekday
2024-07-30,Bangalore,Groceries,78,3978,1,Weekday
2024-07-30,Bangalore,Furniture,11,38599,0,Weekday
2024-07-30,Bangalore,Cosmetics,31,16027,1,Weekday
2024-07-30,Hyderabad,Electronics,22,44176,0,Weekday
2024-07-30,Hyderabad,Clothing,38,25194,0,Weekday
2024-07-30,Hyderabad,Groceries,80,6080,0,Weekday
2024-07-30,Hyderabad,Furniture,12,37668,1,Weekday
2024-07-30,Hyderabad,Cosmetics,29,11194,1,Weekday
2024-07-31,Kolkata,Electronics,21,35574,0,Weekday
2024-07-31,Kolkata,Clothing,49,45325,1,Weekday
2024-07-31,Kolkata,Groceries,85,5355,1,Weekday
2024-07-31,Kolkata,Furniture,10,34890,0,Weekday
2024-07-31,Kolkata,Cosmetics,35,7875,1,Weekday
2024-07-31,Delhi,Electronics,22,34804,0,Weekday
2024-07-31,Delhi,Clothing,41,31734,0,Weekday
2024-07-31,Delhi,Groceries,70,6440,0,Weekday
2024-07-31,Delhi,Furniture,7,37954,0,Weekday
2024-07-31,Delhi,Cosmetics,30,8100,0,Weekday
2024-07-31,Mumbai,Electronics,22,17710,0,Weekday
2024-07-31,Mumbai,Clothing,47,22466,1,Weekday
2024-07-31,Mumbai,Groceries,64,6208,0,Weekday
2024-07-31,Mumbai,Furniture,9,16731,0,Weekday
2024-07-31,Mumbai,Cosmetics,29,21924,0,Weekday
2024-07-31,Bangalore,Electronics,22,48994,0,Weekday
2024-07-31,Bangalore,Clothing,34,40562,1,Weekday
2024-07-31,Bangalore,Groceries,66,7128,0,Weekday
2024-07-31,Bangalore,Furniture,9,33399,0,Weekday
2024-07-31,Bangalore,Cosmetics,24,10368,0,Weekday
2024-07-31,Hyderabad,Electronics,21,19068,0,Weekday
2024-07-31,Hyderabad,Clothing,34,15130,0,Weekday
2024-07-31,Hyderabad,Groceries,66,11880,0,Weekday
2024-07-31,Hyderabad,Furniture,15,56730,1,Weekday
2024-07-31,Hyderabad,Cosmetics,30,20100,0,Weekday
2024-08-01,Kolkata,Electronics,19,41838,1,Weekday
2024-08-01,Kolkata,Clothing,42,14364,1,Weekday
2024-08-01,Kolkata,Groceries,62,3968,1,Weekday
2024-08-01,Kolkata,Furniture,13,22126,1,Weekday
2024-08-01,Kolkata,Cosmetics,29,10411,0,Weekday
2024-08-01,Delhi,Electronics,20,43560,0,Weekday
2024-08-01,Delhi,Clothing,26,10946,1,Weekday
2024-08-01,Delhi,Groceries,77,11781,0,Weekday
2024-08-01,Delhi,Furniture,9,47592,0,Weekday
2024-08-01,Delhi,Cosmetics,25,16650,0,Weekday
2024-08-01,Mumbai,Electronics,21,25620,0,Weekday
2024-08-01,Mumbai,Clothing,38,43092,0,Weekday
2024-08-01,Mumbai,Groceries,64,8256,1,Weekday
2024-08-01,Mumbai,Furniture,12,46152,1,Weekday
2024-08-01,Mumbai,Cosmetics,23,10948,1,Weekday
2024-08-01,Bangalore,Electronics,18,15102,0,Weekday
2024-08-01,Bangalore,Clothing,32,27648,0,Weekday
2024-08-01,Bangalore,Groceries,55,3685,0,Weekday
2024-08-01,Bangalore,Furniture,10,15930,1,Weekday
2024-08-01,Bangalore,Cosmetics,22,5016,0,Weekday
2024-08-01,Hyderabad,Electronics,22,46376,1,Weekday
2024-08-01,Hyderabad,Clothing,42,45906,1,Weekday
2024-08-01,Hyderabad,Groceries,64,11200,1,Weekday
2024-08-01,Hyderabad,Furniture,11,53735,0,Weekday
2024-08-01,Hyderabad,Cosmetics,26,14872,0,Weekday
2024-08-02,Kolkata,Electronics,17,28815,0,Weekday
2024-08-02,Kolkata,Clothing,37,25678,1,Weekday
2024-08-02,Kolkata,Groceries,40,7320,0,Weekday
2024-08-02,Kolkata,Furniture,11,20262,0,Weekday
2024-08-02,Kolkata,Cosmetics,20,14340,0,Weekday
2024-08-02,Delhi,Electronics,16,19568,0,Weekday
2024-08-02,Delhi,Clothing,37,21682,0,Weekday
2024-08-02,Delhi,Groceries,49,3528,0,Weekday
2024-08-02,Delhi,Furniture,11,43637,1,Weekday
2024-08-02,Delhi,Cosmetics,24,17520,0,Weekday
2024-08-02,Mumbai,Electronics,24,33600,1,Weekday
2024-08-02,Mumbai,Clothing,47,47470,1,Weekday
2024-08-02,Mumbai,Groceries,54,4752,0,Weekday
2024-08-02,Mumbai,Furniture,11,65175,1,Weekday
2024-08-02,Mumbai,Cosmetics,22,11550,0,Weekday
2024-08-02,Bangalore,Electronics,23,25346,1,Weekday
2024-08-02,Bangalore,Clothing,28,15988,1,Weekday
2024-08-02,Bangalore,Groceries,57,10830,0,Weekday
2024-08-02,Bangalore,Furniture,6,9006,0,Weekday
2024-08-02,Bangalore,Cosmetics,23,15939,1,Weekday
2024-08-02,Hyderabad,Electronics,20,46520,1,Weekday
2024-08-02,Hyderabad,Clothing,36,41904,0,Weekday
2024-08-02,Hyderabad,Groceries,57,7923,0,Weekday
2024-08-02,Hyderabad,Furniture,12,60480,1,Weekday
2024-08-02,Hyderabad,Cosmetics,27,16200,0,Weekday
2024-08-03,Kolkata,Electronics,25,51500,1,Weekend
2024-08-03,Kolkata,Clothing,31,15376,0,Weekend
2024-08-03,Kolkata,Groceries,76,12540,0,Weekend
2024-08-03,Kolkata,Furniture,9,28278,0,Weekend
2024-08-03,Kolkata,Cosmetics,21,16023,0,Weekend
2024-08-03,Delhi,Electronics,19,18050,0,Weekend
2024-08-03,Delhi,Clothing,40,37440,0,Weekend
2024-08-03,Delhi,Groceries,53,5353,0,Weekend
2024-08-03,Delhi,Furniture,9,26595,0,Weekend
2024-08-03,Delhi,Cosmetics,28,8988,0,Weekend
2024-08-03,Mumbai,Electronics,21,46557,0,Weekend
2024-08-03,Mumbai,Clothing,32,27040,1,Weekend
2024-08-03,Mumbai,Groceries,81,13041,0,Weekend
2024-08-03,Mumbai,Furniture,9,29916,0,Weekend
2024-08-03,Mumbai,Cosmetics,26,16016,1,Weekend
2024-08-03,Bangalore,Electronics,20,39720,0,Weekend
2024-08-03,Bangalore,Clothing,46,39008,1,Weekend
2024-08-03,Bangalore,Groceries,53,7420,0,Weekend
2024-08-03,Bangalore,Furniture,9,50967,0,Weekend
2024-08-03,Bangalore,Cosmetics,21,4368,0,Weekend
2024-08-03,Hyderabad,Electronics,23,49979,1,Weekend
2024-08-03,Hyderabad,Clothing,44,52536,1,Weekend
2024-08-03,Hyderabad,Groceries,51,7242,0,Weekend
2024-08-03,Hyderabad,Furniture,10,49390,0,Weekend
2024-08-03,Hyderabad,Cosmetics,25,19100,1,Weekend
2024-08-04,Kolkata,Electronics,28,51436,1,Weekend
2024-08-04,Kolkata,Clothing,31,24893,1,Weekend
2024-08-04,Kolkata,Groceries,77,7007,1,Weekend
2024-08-04,Kolkata,Furniture,10,23130,0,Weekend
2024-08-04,Kolkata,Cosmetics,24,3720,0,Weekend
2024-08-04,Delhi,Electronics,17,38930,0,Weekend
2024-08-04,Delhi,Clothing,43,15566,1,Weekend
2024-08-04,Delhi,Groceries,55,4290,1,Weekend
2024-08-04,Delhi,Furniture,8,27512,0,Weekend
2024-08-04,Delhi,Cosmetics,19,8550,0,Weekend
2024-08-04,Mumbai,Electronics,24,26304,1,Weekend
2024-08-04,Mumbai,Clothing,37,31228,0,Weekend
2024-08-04,Mumbai,Groceries,75,6375,1,Weekend
2024-08-04,Mumbai,Furniture,10,20190,0,Weekend
2024-08-04,Mumbai,Cosmetics,23,7337,1,Weekend
2024-08-04,Bangalore,Electronics,18,31590,1,Weekend
2024-08-04,Bangalore,Clothing,38,14820,0,Weekend
2024-08-04,Bangalore,Groceries,65,4940,0,Weekend
2024-08-04,Bangalore,Furniture,12,53400,0,Weekend
2024-08-04,Bangalore,Cosmetics,19,5510,0,Weekend
2024-08-04,Hyderabad,Electronics,19,40071,1,Weekend
2024-08-04,Hyderabad,Clothing,34,30226,1,Weekend
2024-08-04,Hyderabad,Groceries,70,8820,0,Weekend
2024-08-04,Hyderabad,Furniture,9,35307,0,Weekend
2024-08-04,Hyderabad,Cosmetics,39,17706,1,Weekend
2024-08-05,Kolkata,Electronics,14,28854,0,Weekday
2024-08-05,Kolkata,Clothing,50,29600,1,Weekday
2024-08-05,Kolkata,Groceries,70,5460,1,Weekday
2024-08-05,Kolkata,Furniture,11,27137,0,Weekday
2024-08-05,Kolkata,Cosmetics,25,12075,1,Weekday
2024-08-05,Delhi,Electronics,19,40451,0,Weekday
2024-08-05,Delhi,Clothing,27,22734,0,Weekday
2024-08-05,Delhi,Groceries,63,10080,1,Weekday
2024-08-05,Delhi,Furniture,13,48282,1,Weekday
2024-08-05,Delhi,Cosmetics,26,16172,1,Weekday
2024-08-05,Mumbai,Electronics,24,40704,1,Weekday
2024-08-05,Mumbai,Clothing,37,14171,0,Weekday
2024-08-05,Mumbai,Groceries,63,5292,0,Weekday
2024-08-05,Mumbai,Furniture,9,42714,0,Weekday
2024-08-05,Mumbai,Cosmetics,27,10557,1,Weekday
2024-08-05,Bangalore,Electronics,19,36803,0,Weekday
2024-08-05,Bangalore,Clothing,38,32072,0,Weekday
2024-08-05,Bangalore,Groceries,61,3843,0,Weekday
2024-08-05,Bangalore,Furniture,12,39588,0,Weekday
2024-08-05,Bangalore,Cosmetics,24,15720,0,Weekday
2024-08-05,Hyderabad,Electronics,19,38190,0,Weekday
2024-08-05,Hyderabad,Clothing,46,36478,1,Weekday
2024-08-05,Hyderabad,Groceries,59,11210,1,Weekday
2024-08-05,Hyderabad,Furniture,14,82698,1,Weekday
2024-08-05,Hyderabad,Cosmetics,25,17700,0,Weekday
2024-08-06,Kolkata,Electronics,24,27624,1,Weekday
2024-08-06,Kolkata,Clothing,44,23892,1,Weekday
2024-08-06,Kolkata,Groceries,56,6328,0,Weekday
2024-08-06,Kolkata,Furniture,9,40095,0,Weekday
2024-08-06,Kolkata,Cosmetics,23,4876,0,Weekday
2024-08-06,Delhi,Electronics,23,23828,1,Weekday
2024-08-06,Delhi,Clothing,35,24185,1,Weekday
2024-08-06,Delhi,Groceries,69,10833,1,Weekday
2024-08-06,Delhi,Furniture,9,44037,0,Weekday
2024-08-06,Delhi,Cosmetics,27,16065,0,Weekday
2024-08-06,Mumbai,Electronics,15,18195,0,Weekday
2024-08-06,Mumbai,Clothing,29,27898,0,Weekday
2024-08-06,Mumbai,Groceries,60,9720,0,Weekday
2024-08-06,Mumbai,Furniture,9,24948,1,Weekday
2024-08-06,Mumbai,Cosmetics,23,12972,0,Weekday
2024-08-06,Bangalore,Electronics,18,19512,0,Weekday
2024-08-06,Bangalore,Clothing,26,21866,0,Weekday
2024-08-06,Bangalore,Groceries,42,4956,0,Weekday
2024-08-06,Bangalore,Furniture,10,51430,0,Weekday
2024-08-06,Bangalore,Cosmetics,28,10332,0,Weekday
2024-08-06,Hyderabad,Electronics,16,13792,0,Weekday
2024-08-06,Hyderabad,Clothing,32,22528,0,Weekday
2024-08-06,Hyderabad,Groceries,44,5676,0,Weekday
2024-08-06,Hyderabad,Furniture,9,52506,0,Weekday
2024-08-06,Hyderabad,Cosmetics,21,5901,0,Weekday
2024-08-07,Kolkata,Electronics,20,41980,0,Weekday
2024-08-07,Kolkata,Clothing,33,20922,0,Weekday
2024-08-07,Kolkata,Groceries,80,6800,0,Weekday
2024-08-07,Kolkata,Furniture,10,20890,0,Weekday
2024-08-07,Kolkata,Cosmetics,29,16414,1,Weekday
2024-08-07,Delhi,Electronics,18,22698,0,Weekday
2024-08-07,Delhi,Clothing,40,33880,1,Weekday
2024-08-07,Delhi,Groceries,71,8804,0,Weekday
2024-08-07,Delhi,Furniture,8,21672,0,Weekday
2024-08-07,Delhi,Cosmetics,28,12544,0,Weekday
2024-08-07,Mumbai,Electronics,20,46000,1,Weekday
2024-08-07,Mumbai,Clothing,32,29504,1,Weekday
2024-08-07,Mumbai,Groceries,69,8487,1,Weekday
2024-08-07,Mumbai,Furniture,14,60620,1,Weekday
2024-08-07,Mumbai,Cosmetics,29,12296,1,Weekday
2024-08-07,Bangalore,Electronics,22,18150,0,Weekday
2024-08-07,Bangalore,Clothing,40,27560,0,Weekday
2024-08-07,Bangalore,Groceries,49,2891,0,Weekday
2024-08-07,Bangalore,Furniture,9,48744,0,Weekday
2024-08-07,Bangalore,Cosmetics,18,8982,0,Weekday
2024-08-07,Hyderabad,Electronics,23,45195,0,Weekday
2024-08-07,Hyderabad,Clothing,37,13653,1,Weekday
2024-08-07,Hyderabad,Groceries,54,5832,1,Weekday
2024-08-07,Hyderabad,Furniture,10,56660,0,Weekday
2024-08-07,Hyderabad,Cosmetics,23,14996,1,Weekday
2024-08-08,Kolkata,Electronics,25,54875,0,Weekday
2024-08-08,Kolkata,Clothing,32,31616,0,Weekday
2024-08-08,Kolkata,Groceries,63,8820,0,Weekday
2024-08-08,Kolkata,Furniture,12,53256,1,Weekday
2024-08-08,Kolkata,Cosmetics,19,11704,0,Weekday
2024-08-08,Delhi,Electronics,18,27468,0,Weekday
2024-08-08,Delhi,Clothing,31,23653,0,Weekday
2024-08-08,Delhi,Groceries,51,6783,0,Weekday
2024-08-08,Delhi,Furniture,7,13370,0,Weekday
2024-08-08,Delhi,Cosmetics,24,14616,0,Weekday
2024-08-08,Mumbai,Electronics,23,37812,0,Weekday
2024-08-08,Mumbai,Clothing,38,16302,0,Weekday
2024-08-08,Mumbai,Groceries,49,4655,0,Weekday
2024-08-08,Mumbai,Furniture,10,55810,0,Weekday
2024-08-08,Mumbai,Cosmetics,22,15796,1,Weekday
2024-08-08,Bangalore,Electronics,24,58560,0,Weekday
2024-08-08,Bangalore,Clothing,45,42255,0,Weekday
2024-08-08,Bangalore,Groceries,71,4544,0,Weekday
2024-08-08,Bangalore,Furniture,11,22737,1,Weekday
2024-08-08,Bangalore,Cosmetics,20,15340,0,Weekday
2024-08-08,Hyderabad,Electronics,22,18854,0,Weekday
2024-08-08,Hyderabad,Clothing,38,13110,1,Weekday
2024-08-08,Hyderabad,Groceries,64,6272,0,Weekday
2024-08-08,Hyderabad,Furniture,11,57046,0,Weekday
2024-08-08,Hyderabad,Cosmetics,27,5427,1,Weekday
2024-08-09,Kolkata,Electronics,15,31575,0,Weekday
2024-08-09,Kolkata,Clothing,35,31780,0,Weekday
2024-08-09,Kolkata,Groceries,37,5476,0,Weekday
2024-08-09,Kolkata,Furniture,13,68315,0,Weekday
2024-08-09,Kolkata,Cosmetics,18,13716,0,Weekday
2024-08-09,Delhi,Electronics,24,54528,1,Weekday
2024-08-09,Delhi,Clothing,36,24480,0,Weekday
2024-08-09,Delhi,Groceries,68,9860,1,Weekday
2024-08-09,Delhi,Furniture,11,36861,0,Weekday
2024-08-09,Delhi,Cosmetics,27,10746,0,Weekday
2024-08-09,Mumbai,Electronics,22,41954,0,Weekday
2024-08-09,Mumbai,Clothing,33,10560,0,Weekday
2024-08-09,Mumbai,Groceries,53,5088,0,Weekday
2024-08-09,Mumbai,Furniture,10,43510,0,Weekday
2024-08-09,Mumbai,Cosmetics,23,12627,0,Weekday
2024-08-09,Bangalore,Electronics,21,30555,0,Weekday
2024-08-09,Bangalore,Clothing,38,26220,0,Weekday
2024-08-09,Bangalore,Groceries,74,9694,0,Weekday
2024-08-09,Bangalore,Furniture,7,11606,0,Weekday
2024-08-09,Bangalore,Cosmetics,28,17556,0,Weekday
2024-08-09,Hyderabad,Electronics,23,20263,1,Weekday
2024-08-09,Hyderabad,Clothing,40,13800,0,Weekday
2024-08-09,Hyderabad,Groceries,54,10314,0,Weekday
2024-08-09,Hyderabad,Furniture,11,40095,0,Weekday
2024-08-09,Hyderabad,Cosmetics,25,6725,0,Weekday
2024-08-10,Kolkata,Electronics,17,22661,0,Weekend
2024-08-10,Kolkata,Clothing,30,25320,1,Weekend
2024-08-10,Kolkata,Groceries,68,11356,0,Weekend
2024-08-10,Kolkata,Furniture,10,44940,0,Weekend
2024-08-10,Kolkata,Cosmetics,25,16975,1,Weekend
2024-08-10,Delhi,Electronics,18,42984,0,Weekend
2024-08-10,Delhi,Clothing,36,32184,0,Weekend
2024-08-10,Delhi,Groceries,66,3300,1,Weekend
2024-08-10,Delhi,Furniture,13,36348,1,Weekend
2024-08-10,Delhi,Cosmetics,28,10556,1,Weekend
2024-08-10,Mumbai,Electronics,24,23280,0,Weekend
2024-08-10,Mumbai,Clothing,34,25772,1,Weekend
2024-08-10,Mumbai,Groceries,75,4575,1,Weekend
2024-08-10,Mumbai,Furniture,9,21456,0,Weekend
2024-08-10,Mumbai,Cosmetics,19,9367,0,Weekend
2024-08-10,Bangalore,Electronics,15,24270,0,Weekend
2024-08-10,Bangalore,Clothing,35,13825,1,Weekend
2024-08-10,Bangalore,Groceries,62,8370,1,Weekend
2024-08-10,Bangalore,Furniture,8,17336,0,Weekend
2024-08-10,Bangalore,Cosmetics,29,20648,1,Weekend
2024-08-10,Hyderabad,Electronics,21,27027,0,Weekend
2024-08-10,Hyderabad,Clothing,24,27096,0,Weekend
2024-08-10,Hyderabad,Groceries,69,8694,1,Weekend
2024-08-10,Hyderabad,Furniture,10,51870,0,Weekend
2024-08-10,Hyderabad,Cosmetics,29,22678,0,Weekend
2024-08-11,Kolkata,Electronics,20,25620,0,Weekend
2024-08-11,Kolkata,Clothing,29,15486,0,Weekend
2024-08-11,Kolkata,Groceries,78,4212,1,Weekend
2024-08-11,Kolkata,Furniture,10,34040,0,Weekend
2024-08-11,Kolkata,Cosmetics,26,11206,0,Weekend
2024-08-11,Delhi,Electronics,22,45298,0,Weekend
2024-08-11,Delhi,Clothing,50,26000,1,Weekend
2024-08-11,Delhi,Groceries,74,3848,1,Weekend
2024-08-11,Delhi,Furniture,10,22600,0,Weekend
2024-08-11,Delhi,Cosmetics,29,14587,0,Weekend
2024-08-11,Mumbai,Electronics,22,54736,0,Weekend
2024-08-11,Mumbai,Clothing,36,17892,1,Weekend
2024-08-11,Mumbai,Groceries,62,7564,0,Weekend
2024-08-11,Mumbai,Furniture,12,30684,1,Weekend
2024-08-11,Mumbai,Cosmetics,31,17515,0,Weekend
2024-08-11,Bangalore,Electronics,23,38709,1,Weekend
2024-08-11,Bangalore,Clothing,35,28035,0,Weekend
2024-08-11,Bangalore,Groceries,87,13485,1,Weekend
2024-08-11,Bangalore,Furniture,11,61490,0,Weekend
2024-08-11,Bangalore,Cosmetics,22,14036,0,Weekend
2024-08-11,Hyderabad,Electronics,19,24377,1,Weekend
2024-08-11,Hyderabad,Clothing,41,28331,0,Weekend
2024-08-11,Hyderabad,Groceries,69,3795,1,Weekend
2024-08-11,Hyderabad,Furniture,10,46080,1,Weekend
2024-08-11,Hyderabad,Cosmetics,32,19680,1,Weekend
2024-08-12,Kolkata,Electronics,24,35688,0,Weekday
2024-08-12,Kolkata,Clothing,49,48167,0,Weekday
2024-08-12,Kolkata,Groceries,72,5112,0,Weekday
2024-08-12,Kolkata,Furniture,9,19089,0,Weekday
2024-08-12,Kolkata,Cosmetics,30,23430,1,Weekday
2024-08-12,Delhi,Electronics,21,32907,0,Weekday
2024-08-12,Delhi,Clothing,20,12760,0,Weekday
2024-08-12,Delhi,Groceries,61,11407,0,Weekday
2024-08-12,Delhi,Furniture,9,26640,0,Weekday
2024-08-12,Delhi,Cosmetics,18,7902,0,Weekday
2024-08-12,Mumbai,Electronics,20,23400,0,Weekday
2024-08-12,Mumbai,Clothing,37,21867,1,Weekday
2024-08-12,Mumbai,Groceries,61,7381,0,Weekday
2024-08-12,Mumbai,Furniture,7,25116,0,Weekday
2024-08-12,Mumbai,Cosmetics,36,13068,1,Weekday
2024-08-12,Bangalore,Electronics,19,29944,0,Weekday
2024-08-12,Bangalore,Clothing,38,31388,0,Weekday
2024-08-12,Bangalore,Groceries,70,10360,0,Weekday
2024-08-12,Bangalore,Furniture,8,30032,0,Weekday
2024-08-12,Bangalore,Cosmetics,31,11005,0,Weekday
2024-08-12,Hyderabad,Electronics,17,22865,0,Weekday
2024-08-12,Hyderabad,Clothing,36,28080,0,Weekday
2024-08-12,Hyderabad,Groceries,58,8584,0,Weekday
2024-08-12,Hyderabad,Furniture,12,69780,1,Weekday
2024-08-12,Hyderabad,Cosmetics,29,11513,0,Weekday
2024-08-13,Kolkata,Electronics,16,23632,0,Weekday
2024-08-13,Kolkata,Clothing,34,33184,0,Weekday
2024-08-13,Kolkata,Groceries,64,9152,0,Weekday
2024-08-13,Kolkata,Furniture,12,71196,1,Weekday
2024-08-13,Kolkata,Cosmetics,24,9672,0,Weekday
2024-08-13,Delhi,Electronics,18,27360,0,Weekday
2024-08-13,Delhi,Clothing,37,23643,0,Weekday
2024-08-13,Delhi,Groceries,62,3534,0,Weekday
2024-08-13,Delhi,Furniture,8,44048,0,Weekday
2024-08-13,Delhi,Cosmetics,26,13754,0,Weekday
2024-08-13,Mumbai,Electronics,17,18972,0,Weekday
2024-08-13,Mumbai,Clothing,31,26970,0,Weekday
2024-08-13,Mumbai,Groceries,51,2703,0,Weekday
2024-08-13,Mumbai,Furniture,9,40914,0,Weekday
2024-08-13,Mumbai,Cosmetics,24,12000,0,Weekday
2024-08-13,Bangalore,Electronics,21,42630,1,Weekday
2024-08-13,Bangalore,Clothing,28,21532,0,Weekday
2024-08-13,Bangalore,Groceries,75,6900,0,Weekday
2024-08-13,Bangalore,Furniture,7,39977,0,Weekday
2024-08-13,Bangalore,Cosmetics,25,7450,0,Weekday
2024-08-13,Hyderabad,Electronics,19,44023,0,Weekday
2024-08-13,Hyderabad,Clothing,27,22653,0,Weekday
2024-08-13,Hyderabad,Groceries,59,3540,0,Weekday
2024-08-13,Hyderabad,Furniture,10,50890,0,Weekday
2024-08-13,Hyderabad,Cosmetics,25,17825,0,Weekday
2024-08-14,Kolkata,Electronics,14,12712,0,Weekday
2024-08-14,Kolkata,Clothing,43,28896,0,Weekday
2024-08-14,Kolkata,Groceries,70,3710,1,Weekday
2024-08-14,Kolkata,Furniture,9,32814,0,Weekday
2024-08-14,Kolkata,Cosmetics,25,8975,1,Weekday
2024-08-14,Delhi,Electronics,22,45364,0,Weekday
2024-08-14,Delhi,Clothing,45,30555,0,Weekday
2024-08-14,Delhi,Groceries,56,8232,0,Weekday
2024-08-14,Delhi,Furniture,10,33270,0,Weekday
2024-08-14,Delhi,Cosmetics,21,9702,0,Weekday
2024-08-14,Mumbai,Electronics,18,37296,1,Weekday
2024-08-14,Mumbai,Clothing,26,20176,0,Weekday
2024-08-14,Mumbai,Groceries,75,7800,0,Weekday
2024-08-14,Mumbai,Furniture,7,18935,0,Weekday
2024-08-14,Mumbai,Cosmetics,30,20580,1,Weekday
2024-08-14,Bangalore,Electronics,18,43794,0,Weekday
2024-08-14,Bangalore,Clothing,38,24928,1,Weekday
2024-08-14,Bangalore,Groceries,59,11623,0,Weekday
2024-08-14,Bangalore,Furniture,11,40227,0,Weekday
2024-08-14,Bangalore,Cosmetics,27,11745,1,Weekday
2024-08-14,Hyderabad,Electronics,17,31263,0,Weekday
2024-08-14,Hyderabad,Clothing,36,18864,0,Weekday
2024-08-14,Hyderabad,Groceries,58,3480,0,Weekday
2024-08-14,Hyderabad,Furniture,12,45912,1,Weekday
2024-08-14,Hyderabad,Cosmetics,25,17225,0,Weekday
2024-08-15,Kolkata,Electronics,19,42845,0,Weekday
2024-08-15,Kolkata,Clothing,29,18473,1,Weekday
2024-08-15,Kolkata,Groceries,63,8379,0,Weekday
2024-08-15,Kolkata,Furniture,6,17538,0,Weekday
2024-08-15,Kolkata,Cosmetics,29,5510,0,Weekday
2024-08-15,Delhi,Electronics,21,34818,1,Weekday
2024-08-15,Delhi,Clothing,28,20944,0,Weekday
2024-08-15,Delhi,Groceries,72,8136,0,Weekday
2024-08-15,Delhi,Furniture,10,16600,0,Weekday
2024-08-15,Delhi,Cosmetics,23,11086,0,Weekday
2024-08-15,Mumbai,Electronics,22,43384,0,Weekday
2024-08-15,Mumbai,Clothing,41,27470,0,Weekday
2024-08-15,Mumbai,Groceries,54,5562,1,Weekday
2024-08-15,Mumbai,Furniture,9,35811,1,Weekday
2024-08-15,Mumbai,Cosmetics,23,3565,0,Weekday
2024-08-15,Bangalore,Electronics,21,22890,1,Weekday
2024-08-15,Bangalore,Clothing,36,34956,0,Weekday
2024-08-15,Bangalore,Groceries,58,4524,1,Weekday
2024-08-15,Bangalore,Furniture,13,68952,1,Weekday
2024-08-15,Bangalore,Cosmetics,30,22290,0,Weekday
2024-08-15,Hyderabad,Electronics,21,28371,0,Weekday
2024-08-15,Hyderabad,Clothing,38,11590,0,Weekday
2024-08-15,Hyderabad,Groceries,84,9156,0,Weekday
2024-08-15,Hyderabad,Furniture,7,13657,0,Weekday
2024-08-15,Hyderabad,Cosmetics,24,5520,0,Weekday
2024-08-16,Kolkata,Electronics,20,46960,1,Weekday
2024-08-16,Kolkata,Clothing,55,47190,1,Weekday
2024-08-16,Kolkata,Groceries,61,4087,0,Weekday
2024-08-16,Kolkata,Furniture,9,51363,0,Weekday
2024-08-16,Kolkata,Cosmetics,26,9074,0,Weekday
2024-08-16,Delhi,Electronics,24,45720,1,Weekday
2024-08-16,Delhi,Clothing,35,21280,0,Weekday
2024-08-16,Delhi,Groceries,56,10528,0,Weekday
2024-08-16,Delhi,Furniture,8,24312,0,Weekday
2024-08-16,Delhi,Cosmetics,24,10392,0,Weekday
2024-08-16,Mumbai,Electronics,19,37354,1,Weekday
2024-08-16,Mumbai,Clothing,30,22530,0,Weekday
2024-08-16,Mumbai,Groceries,62,7130,0,Weekday
2024-08-16,Mumbai,Furniture,11,32725,0,Weekday
2024-08-16,Mumbai,Cosmetics,31,5053,0,Weekday
2024-08-16,Bangalore,Electronics,17,29002,0,Weekday
2024-08-16,Bangalore,Clothing,39,40677,0,Weekday
2024-08-16,Bangalore,Groceries,56,8512,0,Weekday
2024-08-16,Bangalore,Furniture,13,20410,0,Weekday
2024-08-16,Bangalore,Cosmetics,27,17145,0,Weekday
2024-08-16,Hyderabad,Electronics,22,52888,1,Weekday
2024-08-16,Hyderabad,Clothing,39,27144,1,Weekday
2024-08-16,Hyderabad,Groceries,56,5936,0,Weekday
2024-08-16,Hyderabad,Furniture,9,46503,0,Weekday
2024-08-16,Hyderabad,Cosmetics,23,13317,0,Weekday
2024-08-17,Kolkata,Electronics,21,51849,0,Weekend
2024-08-17,Kolkata,Clothing,34,30702,0,Weekend
2024-08-17,Kolkata,Groceries,70,3850,0,Weekend
2024-08-17,Kolkata,Furniture,9,38709,0,Weekend
2024-08-17,Kolkata,Cosmetics,25,4650,0,Weekend
2024-08-17,Delhi,Electronics,19,44156,0,Weekend
2024-08-17,Delhi,Clothing,38,31692,0,Weekend
2024-08-17,Delhi,Groceries,47,7003,0,Weekend
2024-08-17,Delhi,Furniture,9,37008,1,Weekend
2024-08-17,Delhi,Cosmetics,29,19169,1,Weekend
2024-08-17,Mumbai,Electronics,19,29849,0,Weekend
2024-08-17,Mumbai,Clothing,29,27115,0,Weekend
2024-08-17,Mumbai,Groceries,69,7038,1,Weekend
2024-08-17,Mumbai,Furniture,8,20984,0,Weekend
2024-08-17,Mumbai,Cosmetics,26,5174,1,Weekend
2024-08-17,Bangalore,Electronics,19,41021,0,Weekend
2024-08-17,Bangalore,Clothing,40,34240,1,Weekend
2024-08-17,Bangalore,Groceries,50,4850,1,Weekend
2024-08-17,Bangalore,Furniture,8,12616,0,Weekend
2024-08-17,Bangalore,Cosmetics,24,16920,0,Weekend
2024-08-17,Hyderabad,Electronics,19,34979,0,Weekend
2024-08-17,Hyderabad,Clothing,37,34410,0,Weekend
2024-08-17,Hyderabad,Groceries,41,8036,0,Weekend
2024-08-17,Hyderabad,Furniture,10,49820,0,Weekend
2024-08-17,Hyderabad,Cosmetics,29,6786,1,Weekend
2024-08-18,Kolkata,Electronics,23,31832,1,Weekend
2024-08-18,Kolkata,Clothing,35,36120,1,Weekend
2024-08-18,Kolkata,Groceries,41,4141,0,Weekend
2024-08-18,Kolkata,Furniture,13,62686,1,Weekend
2024-08-18,Kolkata,Cosmetics,26,17524,0,Weekend
2024-08-18,Delhi,Electronics,17,22253,0,Weekend
2024-08-18,Delhi,Clothing,23,23759,0,Weekend
2024-08-18,Delhi,Groceries,55,6875,0,Weekend
2024-08-18,Delhi,Furniture,9,15138,0,Weekend
2024-08-18,Delhi,Cosmetics,26,4368,1,Weekend
2024-08-18,Mumbai,Electronics,18,23094,0,Weekend
2024-08-18,Mumbai,Clothing,33,17424,1,Weekend
2024-08-18,Mumbai,Groceries,54,10746,0,Weekend
2024-08-18,Mumbai,Furniture,11,18161,0,Weekend
2024-08-18,Mumbai,Cosmetics,24,5472,0,Weekend
2024-08-18,Bangalore,Electronics,20,35100,1,Weekend
2024-08-18,Bangalore,Clothing,46,42596,0,Weekend
2024-08-18,Bangalore,Groceries,54,7398,0,Weekend
2024-08-18,Bangalore,Furniture,10,17850,0,Weekend
2024-08-18,Bangalore,Cosmetics,18,11106,1,Weekend
2024-08-18,Hyderabad,Electronics,20,35600,0,Weekend
2024-08-18,Hyderabad,Clothing,36,41544,0,Weekend
2024-08-18,Hyderabad,Groceries,49,8575,0,Weekend
2024-08-18,Hyderabad,Furniture,9,50877,0,Weekend
2024-08-18,Hyderabad,Cosmetics,22,5984,0,Weekend
2024-08-19,Kolkata,Electronics,20,35460,0,Weekday
2024-08-19,Kolkata,Clothing,34,25092,1,Weekday
2024-08-19,Kolkata,Groceries,55,5775,0,Weekday
2024-08-19,Kolkata,Furniture,8,41752,0,Weekday
2024-08-19,Kolkata,Cosmetics,28,5208,0,Weekday
2024-08-19,Delhi,Electronics,19,39881,0,Weekday
2024-08-19,Delhi,Clothing,36,11160,0,Weekday
2024-08-19,Delhi,Groceries,58,8758,0,Weekday
2024-08-19,Delhi,Furniture,13,50791,0,Weekday
2024-08-19,Delhi,Cosmetics,27,19629,0,Weekday
2024-08-19,Mumbai,Electronics,20,19880,1,Weekday
2024-08-19,Mumbai,Clothing,26,10920,0,Weekday
2024-08-19,Mumbai,Groceries,58,10962,0,Weekday
2024-08-19,Mumbai,Furniture,8,43560,0,Weekday
2024-08-19,Mumbai,Cosmetics,22,16786,0,Weekday
2024-08-19,Bangalore,Electronics,21,24087,0,Weekday
2024-08-19,Bangalore,Clothing,32,31808,0,Weekday
2024-08-19,Bangalore,Groceries,58,10556,0,Weekday
2024-08-19,Bangalore,Furniture,7,35882,0,Weekday
2024-08-19,Bangalore,Cosmetics,20,8920,0,Weekday
2024-08-19,Hyderabad,Electronics,18,22158,0,Weekday
2024-08-19,Hyderabad,Clothing,35,36330,0,Weekday
2024-08-19,Hyderabad,Groceries,64,9920,0,Weekday
2024-08-19,Hyderabad,Furniture,8,40184,0,Weekday
2024-08-19,Hyderabad,Cosmetics,24,5904,0,Weekday
2024-08-20,Kolkata,Electronics,16,23280,0,Weekday
2024-08-20,Kolkata,Clothing,34,14756,0,Weekday
2024-08-20,Kolkata,Groceries,65,12805,0,Weekday
2024-08-20,Kolkata,Furniture,10,42560,0,Weekday
2024-08-20,Kolkata,Cosmetics,24,11400,1,Weekday
2024-08-20,Delhi,Electronics,20,27400,0,Weekday
2024-08-20,Delhi,Clothing,34,13430,1,Weekday
2024-08-20,Delhi,Groceries,65,9555,0,Weekday
2024-08-20,Delhi,Furniture,8,17848,0,Weekday
2024-08-20,Delhi,Cosmetics,25,6000,1,Weekday
2024-08-20,Mumbai,Electronics,21,35763,1,Weekday
2024-08-20,Mumbai,Clothing,36,42732,0,Weekday
2024-08-20,Mumbai,Groceries,56,3136,1,Weekday
2024-08-20,Mumbai,Furniture,10,58500,1,Weekday
2024-08-20,Mumbai,Cosmetics,35,10045,1,Weekday
2024-08-20,Bangalore,Electronics,23,37007,1,Weekday
2024-08-20,Bangalore,Clothing,39,31278,0,Weekday
2024-08-20,Bangalore,Groceries,48,8016,0,Weekday
2024-08-20,Bangalore,Furniture,11,27676,0,Weekday
2024-08-20,Bangalore,Cosmetics,16,9136,0,Weekday
2024-08-20,Hyderabad,Electronics,22,41074,1,Weekday
2024-08-20,Hyderabad,Clothing,38,33972,0,Weekday
2024-08-20,Hyderabad,Groceries,75,8175,0,Weekday
2024-08-20,Hyderabad,Furniture,12,20124,0,Weekday
2024-08-20,Hyderabad,Cosmetics,22,10230,0,Weekday
2024-08-21,Kolkata,Electronics,19,21641,0,Weekday
2024-08-21,Kolkata,Clothing,40,16920,0,Weekday
2024-08-21,Kolkata,Groceries,65,7605,0,Weekday
2024-08-21,Kolkata,Furniture,8,20272,0,Weekday
2024-08-21,Kolkata,Cosmetics,16,10048,0,Weekday
2024-08-21,Delhi,Electronics,25,34850,0,Weekday
2024-08-21,Delhi,Clothing,27,14283,0,Weekday
2024-08-21,Delhi,Groceries,59,8024,0,Weekday
2024-08-21,Delhi,Furniture,12,37992,1,Weekday
2024-08-21,Delhi,Cosmetics,30,14160,1,Weekday
2024-08-21,Mumbai,Electronics,22,28424,1,Weekday
2024-08-21,Mumbai,Clothing,40,31640,1,Weekday
2024-08-21,Mumbai,Groceries,54,9990,0,Weekday
2024-08-21,Mumbai,Furniture,11,41206,0,Weekday
2024-08-21,Mumbai,Cosmetics,28,18452,0,Weekday
2024-08-21,Bangalore,Electronics,22,36212,0,Weekday
2024-08-21,Bangalore,Clothing,27,17415,0,Weekday
2024-08-21,Bangalore,Groceries,47,6016,0,Weekday
2024-08-21,Bangalore,Furniture,9,17694,0,Weekday
2024-08-21,Bangalore,Cosmetics,28,7000,0,Weekday
2024-08-21,Hyderabad,Electronics,17,40970,0,Weekday
2024-08-21,Hyderabad,Clothing,44,16984,1,Weekday
2024-08-21,Hyderabad,Groceries,58,4988,1,Weekday
2024-08-21,Hyderabad,Furniture,8,18640,0,Weekday
2024-08-21,Hyderabad,Cosmetics,25,15325,0,Weekday
2024-08-22,Kolkata,Electronics,21,21966,0,Weekday
2024-08-22,Kolkata,Clothing,35,37940,0,Weekday
2024-08-22,Kolkata,Groceries,70,5460,0,Weekday
2024-08-22,Kolkata,Furniture,7,26670,0,Weekday
2024-08-22,Kolkata,Cosmetics,13,5954,0,Weekday
2024-08-22,Delhi,Electronics,23,45977,0,Weekday
2024-08-22,Delhi,Clothing,36,21276,1,Weekday
2024-08-22,Delhi,Groceries,60,11700,0,Weekday
2024-08-22,Delhi,Furniture,9,22329,0,Weekday
2024-08-22,Delhi,Cosmetics,21,16233,0,Weekday
2024-08-22,Mumbai,Electronics,20,20020,0,Weekday
2024-08-22,Mumbai,Clothing,30,12360,0,Weekday
2024-08-22,Mumbai,Groceries,53,10441,0,Weekday
2024-08-22,Mumbai,Furniture,11,18502,0,Weekday
2024-08-22,Mumbai,Cosmetics,31,8370,1,Weekday
2024-08-22,Bangalore,Electronics,21,44457,1,Weekday
2024-08-22,Bangalore,Clothing,37,34706,0,Weekday
2024-08-22,Bangalore,Groceries,61,11529,0,Weekday
2024-08-22,Bangalore,Furniture,10,26610,0,Weekday
2024-08-22,Bangalore,Cosmetics,27,17793,0,Weekday
2024-08-22,Hyderabad,Electronics,11,21516,0,Weekday
2024-08-22,Hyderabad,Clothing,31,10106,1,Weekday
2024-08-22,Hyderabad,Groceries,79,5372,0,Weekday
2024-08-22,Hyderabad,Furniture,8,29128,0,Weekday
2024-08-22,Hyderabad,Cosmetics,25,5100,0,Weekday
2024-08-23,Kolkata,Electronics,21,26208,1,Weekday
2024-08-23,Kolkata,Clothing,31,22227,0,Weekday
2024-08-23,Kolkata,Groceries,66,7788,0,Weekday
2024-08-23,Kolkata,Furniture,9,18954,0,Weekday
2024-08-23,Kolkata,Cosmetics,25,17400,0,Weekday
2024-08-23,Delhi,Electronics,19,29754,0,Weekday
2024-08-23,Delhi,Clothing,30,26820,1,Weekday
2024-08-23,Delhi,Groceries,60,7920,0,Weekday
2024-08-23,Delhi,Furniture,8,20624,0,Weekday
2024-08-23,Delhi,Cosmetics,29,10440,0,Weekday
2024-08-23,Mumbai,Electronics,21,22638,1,Weekday
2024-08-23,Mumbai,Clothing,44,52624,1,Weekday
2024-08-23,Mumbai,Groceries,48,9264,0,Weekday
2024-08-23,Mumbai,Furniture,11,50556,0,Weekday
2024-08-23,Mumbai,Cosmetics,31,7471,1,Weekday
2024-08-23,Bangalore,Electronics,16,18240,0,Weekday
2024-08-23,Bangalore,Clothing,35,16940,0,Weekday
2024-08-23,Bangalore,Groceries,72,8064,1,Weekday
2024-08-23,Bangalore,Furniture,12,68100,1,Weekday
2024-08-23,Bangalore,Cosmetics,25,6625,0,Weekday
2024-08-23,Hyderabad,Electronics,15,21915,1,Weekday
2024-08-23,Hyderabad,Clothing,37,29859,0,Weekday
2024-08-23,Hyderabad,Groceries,45,8010,0,Weekday
2024-08-23,Hyderabad,Furniture,14,43876,1,Weekday
2024-08-23,Hyderabad,Cosmetics,30,12450,0,Weekday
2024-08-24,Kolkata,Electronics,18,38790,1,Weekend
2024-08-24,Kolkata,Clothing,47,39245,1,Weekend
2024-08-24,Kolkata,Groceries,50,3000,0,Weekend
2024-08-24,Kolkata,Furniture,9,46791,0,Weekend
2024-08-24,Kolkata,Cosmetics,30,7290,0,Weekend
2024-08-24,Delhi,Electronics,26,44954,1,Weekend
2024-08-24,Delhi,Clothing,36,37908,1,Weekend
2024-08-24,Delhi,Groceries,50,4000,0,Weekend
2024-08-24,Delhi,Furniture,10,36770,0,Weekend
2024-08-24,Delhi,Cosmetics,27,12339,0,Weekend
2024-08-24,Mumbai,Electronics,21,49140,1,Weekend
2024-08-24,Mumbai,Clothing,45,44235,0,Weekend
2024-08-24,Mumbai,Groceries,56,7336,0,Weekend
2024-08-24,Mumbai,Furniture,7,41538,0,Weekend
2024-08-24,Mumbai,Cosmetics,24,10704,0,Weekend
2024-08-24,Bangalore,Electronics,26,49374,0,Weekend
2024-08-24,Bangalore,Clothing,38,11666,0,Weekend
2024-08-24,Bangalore,Groceries,55,6820,0,Weekend
2024-08-24,Bangalore,Furniture,11,58861,1,Weekend
2024-08-24,Bangalore,Cosmetics,23,17066,0,Weekend
2024-08-24,Hyderabad,Electronics,23,29210,1,Weekend
2024-08-24,Hyderabad,Clothing,44,33792,1,Weekend
2024-08-24,Hyderabad,Groceries,58,3132,0,Weekend
2024-08-24,Hyderabad,Furniture,11,61281,0,Weekend
2024-08-24,Hyderabad,Cosmetics,28,17640,0,Weekend
2024-08-25,Kolkata,Electronics,18,27558,1,Weekend
2024-08-25,Kolkata,Clothing,31,15097,0,Weekend
2024-08-25,Kolkata,Groceries,43,5074,0,Weekend
2024-08-25,Kolkata,Furniture,8,16776,0,Weekend
2024-08-25,Kolkata,Cosmetics,39,24726,1,Weekend
2024-08-25,Delhi,Electronics,22,19404,0,Weekend
2024-08-25,Delhi,Clothing,31,35061,0,Weekend
2024-08-25,Delhi,Groceries,62,5084,1,Weekend
2024-08-25,Delhi,Furniture,8,35256,0,Weekend
2024-08-25,Delhi,Cosmetics,25,6525,0,Weekend
2024-08-25,Mumbai,Electronics,17,26061,0,Weekend
2024-08-25,Mumbai,Clothing,44,25300,1,Weekend
2024-08-25,Mumbai,Groceries,65,12090,0,Weekend
2024-08-25,Mumbai,Furniture,11,27148,0,Weekend
2024-08-25,Mumbai,Cosmetics,29,12963,1,Weekend
2024-08-25,Bangalore,Electronics,26,29562,1,Weekend
2024-08-25,Bangalore,Clothing,31,18724,0,Weekend
2024-08-25,Bangalore,Groceries,50,5900,0,Weekend
2024-08-25,Bangalore,Furniture,10,38980,0,Weekend
2024-08-25,Bangalore,Cosmetics,24,6600,0,Weekend
2024-08-25,Hyderabad,Electronics,16,24688,0,Weekend
2024-08-25,Hyderabad,Clothing,33,30261,0,Weekend
2024-08-25,Hyderabad,Groceries,51,6528,0,Weekend
2024-08-25,Hyderabad,Furniture,10,38670,0,Weekend
2024-08-25,Hyderabad,Cosmetics,24,17976,0,Weekend
2024-08-26,Kolkata,Electronics,19,40033,0,Weekday
2024-08-26,Kolkata,Clothing,40,43040,0,Weekday
2024-08-26,Kolkata,Groceries,51,6681,0,Weekday
2024-08-26,Kolkata,Furniture,12,55260,0,Weekday
2024-08-26,Kolkata,Cosmetics,30,10830,0,Weekday
2024-08-26,Delhi,Electronics,20,19020,0,Weekday
2024-08-26,Delhi,Clothing,47,36895,1,Weekday
2024-08-26,Delhi,Groceries,62,7254,0,Weekday
2024-08-26,Delhi,Furniture,13,43134,1,Weekday
2024-08-26,Delhi,Cosmetics,25,10825,0,Weekday
2024-08-26,Mumbai,Electronics,20,47760,0,Weekday
2024-08-26,Mumbai,Clothing,38,44650,1,Weekday
2024-08-26,Mumbai,Groceries,54,3996,0,Weekday
2024-08-26,Mumbai,Furniture,8,30672,0,Weekday
2024-08-26,Mumbai,Cosmetics,29,20445,1,Weekday
2024-08-26,Bangalore,Electronics,22,22682,0,Weekday
2024-08-26,Bangalore,Clothing,39,33033,0,Weekday
2024-08-26,Bangalore,Groceries,59,6313,0,Weekday
2024-08-26,Bangalore,Furniture,8,17104,0,Weekday
2024-08-26,Bangalore,Cosmetics,26,8554,0,Weekday
2024-08-26,Hyderabad,Electronics,26,25480,0,Weekday
2024-08-26,Hyderabad,Clothing,36,17892,1,Weekday
2024-08-26,Hyderabad,Groceries,53,4081,0,Weekday
2024-08-26,Hyderabad,Furniture,8,46032,0,Weekday
2024-08-26,Hyderabad,Cosmetics,26,4420,0,Weekday
2024-08-27,Kolkata,Electronics,19,16568,0,Weekday
2024-08-27,Kolkata,Clothing,41,23616,1,Weekday
2024-08-27,Kolkata,Groceries,71,13064,0,Weekday
2024-08-27,Kolkata,Furniture,9,53991,0,Weekday
2024-08-27,Kolkata,Cosmetics,26,10426,0,Weekday
2024-08-27,Delhi,Electronics,26,31460,0,Weekday
2024-08-27,Delhi,Clothing,28,16212,0,Weekday
2024-08-27,Delhi,Groceries,66,11088,0,Weekday
2024-08-27,Delhi,Furniture,12,52620,1,Weekday
2024-08-27,Delhi,Cosmetics,27,14337,0,Weekday
2024-08-27,Mumbai,Electronics,19,45467,0,Weekday
2024-08-27,Mumbai,Clothing,43,26660,1,Weekday
2024-08-27,Mumbai,Groceries,78,6630,1,Weekday
2024-08-27,Mumbai,Furniture,8,31224,0,Weekday
2024-08-27,Mumbai,Cosmetics,25,16800,0,Weekday
2024-08-27,Bangalore,Electronics,24,53784,0,Weekday
2024-08-27,Bangalore,Clothing,27,13446,0,Weekday
2024-08-27,Bangalore,Groceries,72,5904,0,Weekday
2024-08-27,Bangalore,Furniture,15,56070,1,Weekday
2024-08-27,Bangalore,Cosmetics,25,6050,0,Weekday
2024-08-27,Hyderabad,Electronics,24,35184,0,Weekday
2024-08-27,Hyderabad,Clothing,36,14724,1,Weekday
2024-08-27,Hyderabad,Groceries,61,6649,0,Weekday
2024-08-27,Hyderabad,Furniture,6,33102,0,Weekday
2024-08-27,Hyderabad,Cosmetics,22,9240,0,Weekday
2024-08-28,Kolkata,Electronics,18,39978,0,Weekday
2024-08-28,Kolkata,Clothing,30,17760,0,Weekday
2024-08-28,Kolkata,Groceries,54,9018,0,Weekday
2024-08-28,Kolkata,Furniture,11,42482,0,Weekday
2024-08-28,Kolkata,Cosmetics,34,14110,1,Weekday
2024-08-28,Delhi,Electronics,20,20980,0,Weekday
2024-08-28,Delhi,Clothing,28,26880,0,Weekday
2024-08-28,Delhi,Groceries,78,6708,0,Weekday
2024-08-28,Delhi,Furniture,9,18738,1,Weekday
2024-08-28,Delhi,Cosmetics,26,12350,0,Weekday
2024-08-28,Mumbai,Electronics,17,18785,0,Weekday
2024-08-28,Mumbai,Clothing,37,29748,1,Weekday
2024-08-28,Mumbai,Groceries,51,5763,0,Weekday
2024-08-28,Mumbai,Furniture,10,32890,0,Weekday
2024-08-28,Mumbai,Cosmetics,23,9476,0,Weekday
2024-08-28,Bangalore,Electronics,24,25608,0,Weekday
2024-08-28,Bangalore,Clothing,30,10290,0,Weekday
2024-08-28,Bangalore,Groceries,59,5841,1,Weekday
2024-08-28,Bangalore,Furniture,12,36360,1,Weekday
2024-08-28,Bangalore,Cosmetics,23,9637,0,Weekday
2024-08-28,Hyderabad,Electronics,20,49700,0,Weekday
2024-08-28,Hyderabad,Clothing,40,31840,0,Weekday
2024-08-28,Hyderabad,Groceries,62,10478,1,Weekday
2024-08-28,Hyderabad,Furniture,8,36344,0,Weekday
2024-08-28,Hyderabad,Cosmetics,25,13650,1,Weekday
2024-08-29,Kolkata,Electronics,18,40662,0,Weekday
2024-08-29,Kolkata,Clothing,41,34399,0,Weekday
2024-08-29,Kolkata,Groceries,56,4480,0,Weekday
2024-08-29,Kolkata,Furniture,8,18752,1,Weekday
2024-08-29,Kolkata,Cosmetics,24,13536,0,Weekday
2024-08-29,Delhi,Electronics,18,33588,0,Weekday
2024-08-29,Delhi,Clothing,41,34563,1,Weekday
2024-08-29,Delhi,Groceries,44,3960,0,Weekday
2024-08-29,Delhi,Furniture,13,34567,1,Weekday
2024-08-29,Delhi,Cosmetics,25,8550,0,Weekday
2024-08-29,Mumbai,Electronics,23,22494,0,Weekday
2024-08-29,Mumbai,Clothing,45,16380,1,Weekday
2024-08-29,Mumbai,Groceries,55,6600,0,Weekday
2024-08-29,Mumbai,Furniture,11,25300,0,Weekday
2024-08-29,Mumbai,Cosmetics,24,16632,0,Weekday
2024-08-29,Bangalore,Electronics,23,34109,1,Weekday
2024-08-29,Bangalore,Clothing,38,18886,0,Weekday
2024-08-29,Bangalore,Groceries,51,7803,0,Weekday
2024-08-29,Bangalore,Furniture,9,37611,0,Weekday
2024-08-29,Bangalore,Cosmetics,25,4275,1,Weekday
2024-08-29,Hyderabad,Electronics,24,48840,0,Weekday
2024-08-29,Hyderabad,Clothing,31,31403,0,Weekday
2024-08-29,Hyderabad,Groceries,59,8083,1,Weekday
2024-08-29,Hyderabad,Furniture,8,39784,0,Weekday
2024-08-29,Hyderabad,Cosmetics,26,8424,0,Weekday
2024-08-30,Kolkata,Electronics,19,40318,0,Weekday
2024-08-30,Kolkata,Clothing,45,38205,0,Weekday
2024-08-30,Kolkata,Groceries,49,8575,0,Weekday
2024-08-30,Kolkata,Furniture,8,29560,0,Weekday
2024-08-30,Kolkata,Cosmetics,28,14168,0,Weekday
2024-08-30,Delhi,Electronics,24,45864,0,Weekday
2024-08-30,Delhi,Clothing,38,23484,0,Weekday
2024-08-30,Delhi,Groceries,55,8965,0,Weekday
2024-08-30,Delhi,Furniture,9,29628,0,Weekday
2024-08-30,Delhi,Cosmetics,26,20462,0,Weekday
2024-08-30,Mumbai,Electronics,21,39900,1,Weekday
2024-08-30,Mumbai,Clothing,32,33536,0,Weekday
2024-08-30,Mumbai,Groceries,43,2881,0,Weekday
2024-08-30,Mumbai,Furniture,10,18190,0,Weekday
2024-08-30,Mumbai,Cosmetics,23,12006,0,Weekday
2024-08-30,Bangalore,Electronics,22,52734,1,Weekday
2024-08-30,Bangalore,Clothing,29,31900,0,Weekday
2024-08-30,Bangalore,Groceries,56,8120,0,Weekday
2024-08-30,Bangalore,Furniture,8,28112,1,Weekday
2024-08-30,Bangalore,Cosmetics,30,10470,0,Weekday
2024-08-30,Hyderabad,Electronics,25,40075,1,Weekday
2024-08-30,Hyderabad,Clothing,36,29304,0,Weekday
2024-08-30,Hyderabad,Groceries,56,3136,0,Weekday
2024-08-30,Hyderabad,Furniture,8,31552,0,Weekday
2024-08-30,Hyderabad,Cosmetics,27,13716,1,Weekday
2024-08-31,Kolkata,Electronics,23,37927,1,Weekend
2024-08-31,Kolkata,Clothing,29,17690,0,Weekend
2024-08-31,Kolkata,Groceries,60,7440,0,Weekend
2024-08-31,Kolkata,Furniture,10,27580,0,Weekend
2024-08-31,Kolkata,Cosmetics,19,14877,0,Weekend
2024-08-31,Delhi,Electronics,23,32177,1,Weekend
2024-08-31,Delhi,Clothing,32,10240,0,Weekend
2024-08-31,Delhi,Groceries,57,5187,0,Weekend
2024-08-31,Delhi,Furniture,9,25290,1,Weekend
2024-08-31,Delhi,Cosmetics,22,10802,0,Weekend
2024-08-31,Mumbai,Electronics,16,37984,1,Weekend
2024-08-31,Mumbai,Clothing,23,6946,0,Weekend
2024-08-31,Mumbai,Groceries,57,7239,0,Weekend
2024-08-31,Mumbai,Furniture,12,41484,0,Weekend
2024-08-31,Mumbai,Cosmetics,32,15648,1,Weekend
2024-08-31,Bangalore,Electronics,18,30474,0,Weekend
2024-08-31,Bangalore,Clothing,38,41116,1,Weekend
2024-08-31,Bangalore,Groceries,51,8670,1,Weekend
2024-08-31,Bangalore,Furniture,9,27630,1,Weekend
2024-08-31,Bangalore,Cosmetics,23,15663,0,Weekend
2024-08-31,Hyderabad,Electronics,21,31710,1,Weekend
2024-08-31,Hyderabad,Clothing,37,24346,0,Weekend
2024-08-31,Hyderabad,Groceries,66,6864,0,Weekend
2024-08-31,Hyderabad,Furniture,9,26676,0,Weekend
2024-08-31,Hyderabad,Cosmetics,28,18396,0,Weekend
2024-09-01,Kolkata,Electronics,17,21794,0,Weekend
2024-09-01,Kolkata,Clothing,36,17100,0,Weekend
2024-09-01,Kolkata,Groceries,54,8802,1,Weekend
2024-09-01,Kolkata,Furniture,8,29736,1,Weekend
2024-09-01,Kolkata,Cosmetics,27,18144,1,Weekend
2024-09-01,Delhi,Electronics,24,59592,1,Weekend
2024-09-01,Delhi,Clothing,27,24759,1,Weekend
2024-09-01,Delhi,Groceries,53,6095,0,Weekend
2024-09-01,Delhi,Furniture,9,16668,1,Weekend
2024-09-01,Delhi,Cosmetics,28,8288,0,Weekend
2024-09-01,Mumbai,Electronics,22,26950,1,Weekend
2024-09-01,Mumbai,Clothing,32,37216,0,Weekend
2024-09-01,Mumbai,Groceries,56,9744,1,Weekend
2024-09-01,Mumbai,Furniture,7,35021,1,Weekend
2024-09-01,Mumbai,Cosmetics,30,11970,1,Weekend
2024-09-01,Bangalore,Electronics,19,43833,1,Weekend
2024-09-01,Bangalore,Clothing,38,31692,0,Weekend
2024-09-01,Bangalore,Groceries,58,6496,0,Weekend
2024-09-01,Bangalore,Furniture,7,31752,0,Weekend
2024-09-01,Bangalore,Cosmetics,26,4394,0,Weekend
2024-09-01,Hyderabad,Electronics,21,43911,1,Weekend
2024-09-01,Hyderabad,Clothing,26,14638,0,Weekend
2024-09-01,Hyderabad,Groceries,61,8662,1,Weekend
2024-09-01,Hyderabad,Furniture,8,21160,0,Weekend
2024-09-01,Hyderabad,Cosmetics,26,5798,1,Weekend
2024-09-02,Kolkata,Electronics,22,27016,0,Weekday
2024-09-02,Kolkata,Clothing,29,33495,0,Weekday
2024-09-02,Kolkata,Groceries,58,3364,0,Weekday
2024-09-02,Kolkata,Furniture,8,46368,0,Weekday
2024-09-02,Kolkata,Cosmetics,25,13975,0,Weekday
2024-09-02,Delhi,Electronics,17,24310,0,Weekday
2024-09-02,Delhi,Clothing,32,36320,0,Weekday
2024-09-02,Delhi,Groceries,75,12000,0,Weekday
2024-09-02,Delhi,Furniture,11,55385,1,Weekday
2024-09-02,Delhi,Cosmetics,22,9174,0,Weekday
2024-09-02,Mumbai,Electronics,23,29808,0,Weekday
2024-09-02,Mumbai,Clothing,40,28520,0,Weekday
2024-09-02,Mumbai,Groceries,68,8840,0,Weekday
2024-09-02,Mumbai,Furniture,12,26436,0,Weekday
2024-09-02,Mumbai,Cosmetics,31,7936,0,Weekday
2024-09-02,Bangalore,Electronics,20,27680,1,Weekday
2024-09-02,Bangalore,Clothing,33,29304,0,Weekday
2024-09-02,Bangalore,Groceries,55,10450,0,Weekday
2024-09-02,Bangalore,Furniture,11,55220,0,Weekday
2024-09-02,Bangalore,Cosmetics,23,6279,0,Weekday
2024-09-02,Hyderabad,Electronics,20,33740,0,Weekday
2024-09-02,Hyderabad,Clothing,27,22464,0,Weekday
2024-09-02,Hyderabad,Groceries,47,7426,0,Weekday
2024-09-02,Hyderabad,Furniture,10,29910,0,Weekday
2024-09-02,Hyderabad,Cosmetics,27,16470,0,Weekday
2024-09-03,Kolkata,Electronics,17,31348,0,Weekday
2024-09-03,Kolkata,Clothing,34,34442,0,Weekday
2024-09-03,Kolkata,Groceries,44,7744,0,Weekday
2024-09-03,Kolkata,Furniture,8,44056,0,Weekday
2024-09-03,Kolkata,Cosmetics,22,5038,1,Weekday
2024-09-03,Delhi,Electronics,26,60086,0,Weekday
2024-09-03,Delhi,Clothing,38,13566,0,Weekday
2024-09-03,Delhi,Groceries,68,10404,1,Weekday
2024-09-03,Delhi,Furniture,9,18450,0,Weekday
2024-09-03,Delhi,Cosmetics,33,16698,1,Weekday
2024-09-03,Mumbai,Electronics,18,43902,0,Weekday
2024-09-03,Mumbai,Clothing,39,14040,0,Weekday
2024-09-03,Mumbai,Groceries,78,13182,1,Weekday
2024-09-03,Mumbai,Furniture,7,18921,1,Weekday
2024-09-03,Mumbai,Cosmetics,21,3906,1,Weekday
2024-09-03,Bangalore,Electronics,22,24178,1,Weekday
2024-09-03,Bangalore,Clothing,29,26274,0,Weekday
2024-09-03,Bangalore,Groceries,76,5092,0,Weekday
2024-09-03,Bangalore,Furniture,13,32617,0,Weekday
2024-09-03,Bangalore,Cosmetics,26,9386,0,Weekday
2024-09-03,Hyderabad,Electronics,23,41745,0,Weekday
2024-09-03,Hyderabad,Clothing,42,48132,1,Weekday
2024-09-03,Hyderabad,Groceries,64,7936,0,Weekday
2024-09-03,Hyderabad,Furniture,9,41562,0,Weekday
2024-09-03,Hyderabad,Cosmetics,32,21408,1,Weekday
2024-09-04,Kolkata,Electronics,24,55536,0,Weekday
2024-09-04,Kolkata,Clothing,34,23188,0,Weekday
2024-09-04,Kolkata,Groceries,59,8850,1,Weekday
2024-09-04,Kolkata,Furniture,8,21008,0,Weekday
2024-09-04,Kolkata,Cosmetics,28,11172,0,Weekday
2024-09-04,Delhi,Electronics,17,27234,0,Weekday
2024-09-04,Delhi,Clothing,40,15600,0,Weekday
2024-09-04,Delhi,Groceries,59,9145,0,Weekday
2024-09-04,Delhi,Furniture,10,27580,1,Weekday
2024-09-04,Delhi,Cosmetics,25,17550,0,Weekday
2024-09-04,Mumbai,Electronics,27,33939,0,Weekday
2024-09-04,Mumbai,Clothing,41,21156,0,Weekday
2024-09-04,Mumbai,Groceries,91,16835,1,Weekday
2024-09-04,Mumbai,Furniture,11,47960,0,Weekday
2024-09-04,Mumbai,Cosmetics,29,14065,1,Weekday
2024-09-04,Bangalore,Electronics,18,22932,0,Weekday
2024-09-04,Bangalore,Clothing,26,30654,0,Weekday
2024-09-04,Bangalore,Groceries,63,10458,0,Weekday
2024-09-04,Bangalore,Furniture,9,27135,0,Weekday
2024-09-04,Bangalore,Cosmetics,25,11225,0,Weekday
2024-09-04,Hyderabad,Electronics,18,24804,0,Weekday
2024-09-04,Hyderabad,Clothing,36,34380,0,Weekday
2024-09-04,Hyderabad,Groceries,63,3339,0,Weekday
2024-09-04,Hyderabad,Furniture,10,33730,0,Weekday
2024-09-04,Hyderabad,Cosmetics,26,7072,0,Weekday
2024-09-05,Kolkata,Electronics,22,47080,0,Weekday
2024-09-05,Kolkata,Clothing,33,15708,0,Weekday
2024-09-05,Kolkata,Groceries,65,4550,0,Weekday
2024-09-05,Kolkata,Furniture,9,19386,1,Weekday
2024-09-05,Kolkata,Cosmetics,24,3816,1,Weekday
2024-09-05,Delhi,Electronics,24,42816,1,Weekday
2024-09-05,Delhi,Clothing,29,11165,0,Weekday
2024-09-05,Delhi,Groceries,53,5353,0,Weekday
2024-09-05,Delhi,Furniture,11,22528,0,Weekday
2024-09-05,Delhi,Cosmetics,22,13794,0,Weekday
2024-09-05,Mumbai,Electronics,17,18785,0,Weekday
2024-09-05,Mumbai,Clothing,36,24984,0,Weekday
2024-09-05,Mumbai,Groceries,49,6517,0,Weekday
2024-09-05,Mumbai,Furniture,12,48720,1,Weekday
2024-09-05,Mumbai,Cosmetics,33,15246,0,Weekday
2024-09-05,Bangalore,Electronics,17,32980,0,Weekday
2024-09-05,Bangalore,Clothing,35,35910,0,Weekday
2024-09-05,Bangalore,Groceries,68,3604,1,Weekday
2024-09-05,Bangalore,Furniture,12,49752,0,Weekday
2024-09-05,Bangalore,Cosmetics,19,4921,0,Weekday
2024-09-05,Hyderabad,Electronics,15,14490,0,Weekday
2024-09-05,Hyderabad,Clothing,36,33012,0,Weekday
2024-09-05,Hyderabad,Groceries,71,4686,1,Weekday
2024-09-05,Hyderabad,Furniture,12,45408,0,Weekday
2024-09-05,Hyderabad,Cosmetics,21,14931,1,Weekday
2024-09-06,Kolkata,Electronics,19,25422,0,Weekday
2024-09-06,Kolkata,Clothing,29,18154,1,Weekday
2024-09-06,Kolkata,Groceries,64,4672,0,Weekday
2024-09-06,Kolkata,Furniture,10,54440,0,Weekday
2024-09-06,Kolkata,Cosmetics,22,4246,0,Weekday
2024-09-06,Delhi,Electronics,22,40656,0,Weekday
2024-09-06,Delhi,Clothing,44,19140,0,Weekday
2024-09-06,Delhi,Groceries,56,10080,0,Weekday
2024-09-06,Delhi,Furniture,10,40470,0,Weekday
2024-09-06,Delhi,Cosmetics,31,17267,1,Weekday
2024-09-06,Mumbai,Electronics,19,27626,0,Weekday
2024-09-06,Mumbai,Clothing,31,10261,0,Weekday
2024-09-06,Mumbai,Groceries,55,6105,0,Weekday
2024-09-06,Mumbai,Furniture,9,29844,0,Weekday
2024-09-06,Mumbai,Cosmetics,28,21532,0,Weekday
2024-09-06,Bangalore,Electronics,25,54275,1,Weekday
2024-09-06,Bangalore,Clothing,23,26335,0,Weekday
2024-09-06,Bangalore,Groceries,63,9387,0,Weekday
2024-09-06,Bangalore,Furniture,7,13993,0,Weekday
2024-09-06,Bangalore,Cosmetics,23,9522,0,Weekday
2024-09-06,Hyderabad,Electronics,16,15936,0,Weekday
2024-09-06,Hyderabad,Clothing,33,25080,0,Weekday
2024-09-06,Hyderabad,Groceries,60,5220,0,Weekday
2024-09-06,Hyderabad,Furniture,9,42003,0,Weekday
2024-09-06,Hyderabad,Cosmetics,26,11284,0,Weekday
2024-09-07,Kolkata,Electronics,21,44919,1,Weekend
2024-09-07,Kolkata,Clothing,32,30432,1,Weekend
2024-09-07,Kolkata,Groceries,65,11830,0,Weekend
2024-09-07,Kolkata,Furniture,10,32260,0,Weekend
2024-09-07,Kolkata,Cosmetics,23,13593,1,Weekend
2024-09-07,Delhi,Electronics,16,36784,0,Weekend
2024-09-07,Delhi,Clothing,36,30060,0,Weekend
2024-09-07,Delhi,Groceries,41,5863,0,Weekend
2024-09-07,Delhi,Furniture,12,27396,1,Weekend
2024-09-07,Delhi,Cosmetics,29,9483,1,Weekend
2024-09-07,Mumbai,Electronics,19,27417,0,Weekend
2024-09-07,Mumbai,Clothing,28,14700,0,Weekend
2024-09-07,Mumbai,Groceries,73,9855,1,Weekend
2024-09-07,Mumbai,Furniture,10,38860,0,Weekend
2024-09-07,Mumbai,Cosmetics,22,9944,0,Weekend
2024-09-07,Bangalore,Electronics,19,19209,0,Weekend
2024-09-07,Bangalore,Clothing,48,32448,1,Weekend
2024-09-07,Bangalore,Groceries,79,5846,1,Weekend
2024-09-07,Bangalore,Furniture,11,64856,0,Weekend
2024-09-07,Bangalore,Cosmetics,25,11550,0,Weekend
2024-09-07,Hyderabad,Electronics,28,48020,1,Weekend
2024-09-07,Hyderabad,Clothing,36,35820,1,Weekend
2024-09-07,Hyderabad,Groceries,86,11352,1,Weekend
2024-09-07,Hyderabad,Furniture,7,41867,0,Weekend
2024-09-07,Hyderabad,Cosmetics,26,17082,0,Weekend
2024-09-08,Kolkata,Electronics,24,35832,0,Weekend
2024-09-08,Kolkata,Clothing,38,33098,1,Weekend
2024-09-08,Kolkata,Groceries,61,5490,0,Weekend
2024-09-08,Kolkata,Furniture,9,39510,0,Weekend
2024-09-08,Kolkata,Cosmetics,27,13635,0,Weekend
2024-09-08,Delhi,Electronics,21,30030,0,Weekend
2024-09-08,Delhi,Clothing,38,37886,0,Weekend
2024-09-08,Delhi,Groceries,62,8990,0,Weekend
2024-09-08,Delhi,Furniture,8,45968,1,Weekend
2024-09-08,Delhi,Cosmetics,25,6725,0,Weekend
2024-09-08,Mumbai,Electronics,25,28650,1,Weekend
2024-09-08,Mumbai,Clothing,37,35335,1,Weekend
2024-09-08,Mumbai,Groceries,67,12931,0,Weekend
2024-09-08,Mumbai,Furniture,7,39158,0,Weekend
2024-09-08,Mumbai,Cosmetics,24,15744,0,Weekend
2024-09-08,Bangalore,Electronics,19,45733,0,Weekend
2024-09-08,Bangalore,Clothing,38,27664,0,Weekend
2024-09-08,Bangalore,Groceries,49,2597,1,Weekend
2024-09-08,Bangalore,Furniture,11,20086,1,Weekend
2024-09-08,Bangalore,Cosmetics,28,15708,0,Weekend
2024-09-08,Hyderabad,Electronics,24,27768,1,Weekend
2024-09-08,Hyderabad,Clothing,50,49000,1,Weekend
2024-09-08,Hyderabad,Groceries,78,10608,1,Weekend
2024-09-08,Hyderabad,Furniture,11,30833,1,Weekend
2024-09-08,Hyderabad,Cosmetics,23,11086,1,Weekend
2024-09-09,Kolkata,Electronics,19,29792,0,Weekday
2024-09-09,Kolkata,Clothing,46,34086,1,Weekday
2024-09-09,Kolkata,Groceries,66,8646,0,Weekday
2024-09-09,Kolkata,Furniture,10,30090,0,Weekday
2024-09-09,Kolkata,Cosmetics,35,17885,0,Weekday
2024-09-09,Delhi,Electronics,14,22162,0,Weekday
2024-09-09,Delhi,Clothing,37,43364,0,Weekday
2024-09-09,Delhi,Groceries,70,4760,0,Weekday
2024-09-09,Delhi,Furniture,9,46665,1,Weekday
2024-09-09,Delhi,Cosmetics,22,6072,0,Weekday
2024-09-09,Mumbai,Electronics,19,41762,0,Weekday
2024-09-09,Mumbai,Clothing,31,30039,0,Weekday
2024-09-09,Mumbai,Groceries,64,3456,0,Weekday
2024-09-09,Mumbai,Furniture,8,23416,1,Weekday
2024-09-09,Mumbai,Cosmetics,25,9050,0,Weekday
2024-09-09,Bangalore,Electronics,18,36234,0,Weekday
2024-09-09,Bangalore,Clothing,30,17760,0,Weekday
2024-09-09,Bangalore,Groceries,62,10416,0,Weekday
2024-09-09,Bangalore,Furniture,7,15967,0,Weekday
2024-09-09,Bangalore,Cosmetics,21,7791,0,Weekday
2024-09-09,Hyderabad,Electronics,17,17765,0,Weekday
2024-09-09,Hyderabad,Clothing,25,12175,0,Weekday
2024-09-09,Hyderabad,Groceries,70,8120,0,Weekday
2024-09-09,Hyderabad,Furniture,12,62916,1,Weekday
2024-09-09,Hyderabad,Cosmetics,23,4853,0,Weekday
2024-09-10,Kolkata,Electronics,17,39066,0,Weekday
2024-09-10,Kolkata,Clothing,38,21432,0,Weekday
2024-09-10,Kolkata,Groceries,74,4810,0,Weekday
2024-09-10,Kolkata,Furniture,8,13936,0,Weekday
2024-09-10,Kolkata,Cosmetics,30,19410,1,Weekday
2024-09-10,Delhi,Electronics,19,37924,0,Weekday
2024-09-10,Delhi,Clothing,25,23900,0,Weekday
2024-09-10,Delhi,Groceries,58,5742,0,Weekday
2024-09-10,Delhi,Furniture,8,39640,0,Weekday
2024-09-10,Delhi,Cosmetics,30,17460,0,Weekday
2024-09-10,Mumbai,Electronics,25,27025,0,Weekday
2024-09-10,Mumbai,Clothing,37,14874,1,Weekday
2024-09-10,Mumbai,Groceries,83,12118,1,Weekday
2024-09-10,Mumbai,Furniture,10,24700,1,Weekday
2024-09-10,Mumbai,Cosmetics,24,17016,0,Weekday
2024-09-10,Bangalore,Electronics,17,20774,0,Weekday
2024-09-10,Bangalore,Clothing,35,36995,1,Weekday
2024-09-10,Bangalore,Groceries,67,4422,0,Weekday
2024-09-10,Bangalore,Furniture,12,24516,0,Weekday
2024-09-10,Bangalore,Cosmetics,25,15600,0,Weekday
2024-09-10,Hyderabad,Electronics,21,18984,0,Weekday
2024-09-10,Hyderabad,Clothing,35,28665,1,Weekday
2024-09-10,Hyderabad,Groceries,69,6555,0,Weekday
2024-09-10,Hyderabad,Furniture,9,25542,0,Weekday
2024-09-10,Hyderabad,Cosmetics,24,14688,0,Weekday
2024-09-11,Kolkata,Electronics,21,49875,0,Weekday
2024-09-11,Kolkata,Clothing,39,30459,1,Weekday
2024-09-11,Kolkata,Groceries,55,4895,1,Weekday
2024-09-11,Kolkata,Furniture,13,25454,0,Weekday
2024-09-11,Kolkata,Cosmetics,31,22382,0,Weekday
2024-09-11,Delhi,Electronics,18,17226,0,Weekday
2024-09-11,Delhi,Clothing,33,30921,0,Weekday
2024-09-11,Delhi,Groceries,56,7336,1,Weekday
2024-09-11,Delhi,Furniture,8,13520,0,Weekday
2024-09-11,Delhi,Cosmetics,23,10534,0,Weekday
2024-09-11,Mumbai,Electronics,26,64090,1,Weekday
2024-09-11,Mumbai,Clothing,37,14689,0,Weekday
2024-09-11,Mumbai,Groceries,69,3864,0,Weekday
2024-09-11,Mumbai,Furniture,9,41922,0,Weekday
2024-09-11,Mumbai,Cosmetics,14,4368,0,Weekday
2024-09-11,Bangalore,Electronics,26,57720,0,Weekday
2024-09-11,Bangalore,Clothing,30,23970,0,Weekday
2024-09-11,Bangalore,Groceries,61,5368,0,Weekday
2024-09-11,Bangalore,Furniture,9,42723,0,Weekday
2024-09-11,Bangalore,Cosmetics,23,14858,0,Weekday
2024-09-11,Hyderabad,Electronics,16,36928,0,Weekday
2024-09-11,Hyderabad,Clothing,41,30832,0,Weekday
2024-09-11,Hyderabad,Groceries,55,10175,0,Weekday
2024-09-11,Hyderabad,Furniture,12,47064,0,Weekday
2024-09-11,Hyderabad,Cosmetics,34,17102,0,Weekday
2024-09-12,Kolkata,Electronics,25,25675,1,Weekday
2024-09-12,Kolkata,Clothing,32,20384,0,Weekday
2024-09-12,Kolkata,Groceries,64,5184,0,Weekday
2024-09-12,Kolkata,Furniture,12,62148,0,Weekday
2024-09-12,Kolkata,Cosmetics,27,13851,0,Weekday
2024-09-12,Delhi,Electronics,20,23140,0,Weekday
2024-09-12,Delhi,Clothing,35,24150,0,Weekday
2024-09-12,Delhi,Groceries,76,9728,1,Weekday
2024-09-12,Delhi,Furniture,12,65256,0,Weekday
2024-09-12,Delhi,Cosmetics,25,6450,0,Weekday
2024-09-12,Mumbai,Electronics,20,40800,0,Weekday
2024-09-12,Mumbai,Clothing,45,39375,0,Weekday
2024-09-12,Mumbai,Groceries,60,9420,0,Weekday
2024-09-12,Mumbai,Furniture,8,29232,0,Weekday
2024-09-12,Mumbai,Cosmetics,15,3975,0,Weekday
2024-09-12,Bangalore,Electronics,26,47684,1,Weekday
2024-09-12,Bangalore,Clothing,32,25472,0,Weekday
2024-09-12,Bangalore,Groceries,49,9702,0,Weekday
2024-09-12,Bangalore,Furniture,14,68418,1,Weekday
2024-09-12,Bangalore,Cosmetics,25,18125,1,Weekday
2024-09-12,Hyderabad,Electronics,21,45108,1,Weekday
2024-09-12,Hyderabad,Clothing,38,24586,0,Weekday
2024-09-12,Hyderabad,Groceries,63,8694,0,Weekday
2024-09-12,Hyderabad,Furniture,8,26952,0,Weekday
2024-09-12,Hyderabad,Cosmetics,22,6336,0,Weekday
2024-09-13,Kolkata,Electronics,18,16290,0,Weekday
2024-09-13,Kolkata,Clothing,33,32439,0,Weekday
2024-09-13,Kolkata,Groceries,58,3770,0,Weekday
2024-09-13,Kolkata,Furniture,12,34104,0,Weekday
2024-09-13,Kolkata,Cosmetics,21,4221,0,Weekday
2024-09-13,Delhi,Electronics,24,20544,0,Weekday
2024-09-13,Delhi,Clothing,32,28160,0,Weekday
2024-09-13,Delhi,Groceries,71,13561,0,Weekday
2024-09-13,Delhi,Furniture,10,15640,0,Weekday
2024-09-13,Delhi,Cosmetics,26,14196,1,Weekday
2024-09-13,Mumbai,Electronics,25,38175,1,Weekday
2024-09-13,Mumbai,Clothing,40,32480,0,Weekday
2024-09-13,Mumbai,Groceries,49,5341,0,Weekday
2024-09-13,Mumbai,Furniture,11,23793,0,Weekday
2024-09-13,Mumbai,Cosmetics,31,15438,1,Weekday
2024-09-13,Bangalore,Electronics,15,17670,0,Weekday
2024-09-13,Bangalore,Clothing,34,26996,0,Weekday
2024-09-13,Bangalore,Groceries,79,9717,1,Weekday
2024-09-13,Bangalore,Furniture,13,38831,1,Weekday
2024-09-13,Bangalore,Cosmetics,21,10962,0,Weekday
2024-09-13,Hyderabad,Electronics,12,21804,0,Weekday
2024-09-13,Hyderabad,Clothing,42,39186,1,Weekday
2024-09-13,Hyderabad,Groceries,61,7137,0,Weekday
2024-09-13,Hyderabad,Furniture,10,16930,1,Weekday
2024-09-13,Hyderabad,Cosmetics,21,3213,0,Weekday
2024-09-14,Kolkata,Electronics,16,23136,0,Weekend
2024-09-14,Kolkata,Clothing,40,40040,0,Weekend
2024-09-14,Kolkata,Groceries,54,6858,0,Weekend
2024-09-14,Kolkata,Furniture,11,37631,0,Weekend
2024-09-14,Kolkata,Cosmetics,23,16077,0,Weekend
2024-09-14,Delhi,Electronics,15,15375,0,Weekend
2024-09-14,Delhi,Clothing,42,34146,0,Weekend
2024-09-14,Delhi,Groceries,52,8268,0,Weekend
2024-09-14,Delhi,Furniture,11,30492,0,Weekend
2024-09-14,Delhi,Cosmetics,31,16554,0,Weekend
2024-09-14,Mumbai,Electronics,15,32010,0,Weekend
2024-09-14,Mumbai,Clothing,27,11394,0,Weekend
2024-09-14,Mumbai,Groceries,49,5488,0,Weekend
2024-09-14,Mumbai,Furniture,11,35970,0,Weekend
2024-09-14,Mumbai,Cosmetics,25,4200,0,Weekend
2024-09-14,Bangalore,Electronics,22,20284,1,Weekend
2024-09-14,Bangalore,Clothing,33,11385,1,Weekend
2024-09-14,Bangalore,Groceries,69,13731,1,Weekend
2024-09-14,Bangalore,Furniture,9,32256,0,Weekend
2024-09-14,Bangalore,Cosmetics,27,17550,1,Weekend
2024-09-14,Hyderabad,Electronics,19,38342,1,Weekend
2024-09-14,Hyderabad,Clothing,36,42120,1,Weekend
2024-09-14,Hyderabad,Groceries,65,11310,0,Weekend
2024-09-14,Hyderabad,Furniture,11,35365,1,Weekend
2024-09-14,Hyderabad,Cosmetics,27,11718,1,Weekend
2024-09-15,Kolkata,Electronics,21,41559,0,Weekend
2024-09-15,Kolkata,Clothing,36,16992,0,Weekend
2024-09-15,Kolkata,Groceries,58,3944,0,Weekend
2024-09-15,Kolkata,Furniture,10,31400,0,Weekend
2024-09-15,Kolkata,Cosmetics,23,4554,0,Weekend
2024-09-15,Delhi,Electronics,20,43900,1,Weekend
2024-09-15,Delhi,Clothing,34,14858,0,Weekend
2024-09-15,Delhi,Groceries,46,5336,0,Weekend
2024-09-15,Delhi,Furniture,10,49550,1,Weekend
2024-09-15,Delhi,Cosmetics,27,12663,1,Weekend
2024-09-15,Mumbai,Electronics,19,31844,0,Weekend
2024-09-15,Mumbai,Clothing,38,36366,0,Weekend
2024-09-15,Mumbai,Groceries,61,10187,0,Weekend
2024-09-15,Mumbai,Furniture,8,39016,0,Weekend
2024-09-15,Mumbai,Cosmetics,27,8208,1,Weekend
2024-09-15,Bangalore,Electronics,28,36764,1,Weekend
2024-09-15,Bangalore,Clothing,33,19272,0,Weekend
2024-09-15,Bangalore,Groceries,53,3763,0,Weekend
2024-09-15,Bangalore,Furniture,10,21060,0,Weekend
2024-09-15,Bangalore,Cosmetics,31,11842,1,Weekend
2024-09-15,Hyderabad,Electronics,25,62475,1,Weekend
2024-09-15,Hyderabad,Clothing,38,35264,0,Weekend
2024-09-15,Hyderabad,Groceries,58,5278,0,Weekend
2024-09-15,Hyderabad,Furniture,10,21730,1,Weekend
2024-09-15,Hyderabad,Cosmetics,31,21328,1,Weekend
2024-09-16,Kolkata,Electronics,13,11505,0,Weekday
2024-09-16,Kolkata,Clothing,31,27931,0,Weekday
2024-09-16,Kolkata,Groceries,76,14516,1,Weekday
2024-09-16,Kolkata,Furniture,10,57280,1,Weekday
2024-09-16,Kolkata,Cosmetics,21,13881,0,Weekday
2024-09-16,Delhi,Electronics,27,53055,1,Weekday
2024-09-16,Delhi,Clothing,32,27744,0,Weekday
2024-09-16,Delhi,Groceries,73,9198,0,Weekday
2024-09-16,Delhi,Furniture,11,47135,0,Weekday
2024-09-16,Delhi,Cosmetics,32,19488,1,Weekday
2024-09-16,Mumbai,Electronics,21,49728,0,Weekday
2024-09-16,Mumbai,Clothing,37,11655,0,Weekday
2024-09-16,Mumbai,Groceries,62,5580,0,Weekday
2024-09-16,Mumbai,Furniture,9,22437,0,Weekday
2024-09-16,Mumbai,Cosmetics,25,18900,1,Weekday
2024-09-16,Bangalore,Electronics,23,23023,0,Weekday
2024-09-16,Bangalore,Clothing,37,38628,0,Weekday
2024-09-16,Bangalore,Groceries,64,11584,0,Weekday
2024-09-16,Bangalore,Furniture,9,23508,0,Weekday
2024-09-16,Bangalore,Cosmetics,22,12320,0,Weekday
2024-09-16,Hyderabad,Electronics,23,56603,0,Weekday
2024-09-16,Hyderabad,Clothing,32,23296,0,Weekday
2024-09-16,Hyderabad,Groceries,66,3300,0,Weekday
2024-09-16,Hyderabad,Furniture,9,53685,0,Weekday
2024-09-16,Hyderabad,Cosmetics,22,6600,0,Weekday
2024-09-17,Kolkata,Electronics,24,37608,1,Weekday
2024-09-17,Kolkata,Clothing,42,13230,1,Weekday
2024-09-17,Kolkata,Groceries,59,8673,1,Weekday
2024-09-17,Kolkata,Furniture,10,40460,0,Weekday
2024-09-17,Kolkata,Cosmetics,19,9937,1,Weekday
2024-09-17,Delhi,Electronics,15,34530,0,Weekday
2024-09-17,Delhi,Clothing,41,44936,0,Weekday
2024-09-17,Delhi,Groceries,61,11041,0,Weekday
2024-09-17,Delhi,Furniture,9,48879,1,Weekday
2024-09-17,Delhi,Cosmetics,35,9415,0,Weekday
2024-09-17,Mumbai,Electronics,18,25758,1,Weekday
2024-09-17,Mumbai,Clothing,31,10757,1,Weekday
2024-09-17,Mumbai,Groceries,59,11328,0,Weekday
2024-09-17,Mumbai,Furniture,13,61841,1,Weekday
2024-09-17,Mumbai,Cosmetics,29,7047,0,Weekday
2024-09-17,Bangalore,Electronics,23,18952,1,Weekday
2024-09-17,Bangalore,Clothing,33,13365,1,Weekday
2024-09-17,Bangalore,Groceries,62,3782,1,Weekday
2024-09-17,Bangalore,Furniture,12,64764,1,Weekday
2024-09-17,Bangalore,Cosmetics,21,15162,0,Weekday
2024-09-17,Hyderabad,Electronics,19,18734,0,Weekday
2024-09-17,Hyderabad,Clothing,42,35070,0,Weekday
2024-09-17,Hyderabad,Groceries,48,7152,0,Weekday
2024-09-17,Hyderabad,Furniture,12,37296,1,Weekday
2024-09-17,Hyderabad,Cosmetics,20,11080,0,Weekday
2024-09-18,Kolkata,Electronics,18,26946,0,Weekday
2024-09-18,Kolkata,Clothing,32,29152,0,Weekday
2024-09-18,Kolkata,Groceries,35,3115,0,Weekday
2024-09-18,Kolkata,Furniture,11,63019,0,Weekday
2024-09-18,Kolkata,Cosmetics,24,17688,1,Weekday
2024-09-18,Delhi,Electronics,24,53880,1,Weekday
2024-09-18,Delhi,Clothing,38,20786,0,Weekday
2024-09-18,Delhi,Groceries,73,11388,0,Weekday
2024-09-18,Delhi,Furniture,12,49572,1,Weekday
2024-09-18,Delhi,Cosmetics,24,4584,0,Weekday
2024-09-18,Mumbai,Electronics,25,56900,1,Weekday
2024-09-18,Mumbai,Clothing,41,38786,0,Weekday
2024-09-18,Mumbai,Groceries,44,7436,0,Weekday
2024-09-18,Mumbai,Furniture,10,54230,1,Weekday
2024-09-18,Mumbai,Cosmetics,31,9796,0,Weekday
2024-09-18,Bangalore,Electronics,19,17043,0,Weekday
2024-09-18,Bangalore,Clothing,35,19425,1,Weekday
2024-09-18,Bangalore,Groceries,59,10384,0,Weekday
2024-09-18,Bangalore,Furniture,11,22946,0,Weekday
2024-09-18,Bangalore,Cosmetics,23,18170,0,Weekday
2024-09-18,Hyderabad,Electronics,19,29564,0,Weekday
2024-09-18,Hyderabad,Clothing,35,15015,0,Weekday
2024-09-18,Hyderabad,Groceries,61,6893,0,Weekday
2024-09-18,Hyderabad,Furniture,10,53160,0,Weekday
2024-09-18,Hyderabad,Cosmetics,21,12789,0,Weekday
2024-09-19,Kolkata,Electronics,17,17102,0,Weekday
2024-09-19,Kolkata,Clothing,36,17280,1,Weekday
2024-09-19,Kolkata,Groceries,68,10948,0,Weekday
2024-09-19,Kolkata,Furniture,13,62348,1,Weekday
2024-09-19,Kolkata,Cosmetics,25,13100,0,Weekday
2024-09-19,Delhi,Electronics,19,20786,0,Weekday
2024-09-19,Delhi,Clothing,45,50805,1,Weekday
2024-09-19,Delhi,Groceries,54,10530,0,Weekday
2024-09-19,Delhi,Furniture,10,38060,0,Weekday
2024-09-19,Delhi,Cosmetics,21,12936,0,Weekday
2024-09-19,Mumbai,Electronics,21,47145,1,Weekday
2024-09-19,Mumbai,Clothing,35,27895,0,Weekday
2024-09-19,Mumbai,Groceries,65,8190,0,Weekday
2024-09-19,Mumbai,Furniture,11,42614,1,Weekday
2024-09-19,Mumbai,Cosmetics,21,12201,0,Weekday
2024-09-19,Bangalore,Electronics,20,23420,0,Weekday
2024-09-19,Bangalore,Clothing,31,34503,0,Weekday
2024-09-19,Bangalore,Groceries,39,5187,0,Weekday
2024-09-19,Bangalore,Furniture,10,45300,0,Weekday
2024-09-19,Bangalore,Cosmetics,24,17712,0,Weekday
2024-09-19,Hyderabad,Electronics,17,27761,0,Weekday
2024-09-19,Hyderabad,Clothing,23,19251,0,Weekday
2024-09-19,Hyderabad,Groceries,60,5100,0,Weekday
2024-09-19,Hyderabad,Furniture,10,16190,0,Weekday
2024-09-19,Hyderabad,Cosmetics,23,13294,0,Weekday
2024-09-20,Kolkata,Electronics,20,24820,0,Weekday
2024-09-20,Kolkata,Clothing,38,41002,0,Weekday
2024-09-20,Kolkata,Groceries,52,6292,0,Weekday
2024-09-20,Kolkata,Furniture,8,12568,0,Weekday
2024-09-20,Kolkata,Cosmetics,22,16126,0,Weekday
2024-09-20,Delhi,Electronics,17,37995,0,Weekday
2024-09-20,Delhi,Clothing,34,33694,1,Weekday
2024-09-20,Delhi,Groceries,83,7387,1,Weekday
2024-09-20,Delhi,Furniture,8,33656,0,Weekday
2024-09-20,Delhi,Cosmetics,25,17100,1,Weekday
2024-09-20,Mumbai,Electronics,22,47542,1,Weekday
2024-09-20,Mumbai,Clothing,38,12806,0,Weekday
2024-09-20,Mumbai,Groceries,65,4095,0,Weekday
2024-09-20,Mumbai,Furniture,9,26811,0,Weekday
2024-09-20,Mumbai,Cosmetics,23,13248,0,Weekday
2024-09-20,Bangalore,Electronics,22,26422,0,Weekday
2024-09-20,Bangalore,Clothing,31,11749,0,Weekday
2024-09-20,Bangalore,Groceries,91,9464,1,Weekday
2024-09-20,Bangalore,Furniture,11,55374,0,Weekday
2024-09-20,Bangalore,Cosmetics,32,24384,0,Weekday
2024-09-20,Hyderabad,Electronics,31,60884,1,Weekday
2024-09-20,Hyderabad,Clothing,42,35952,1,Weekday
2024-09-20,Hyderabad,Groceries,55,5555,0,Weekday
2024-09-20,Hyderabad,Furniture,9,34875,0,Weekday
2024-09-20,Hyderabad,Cosmetics,21,5586,0,Weekday
2024-09-21,Kolkata,Electronics,23,21781,0,Weekend
2024-09-21,Kolkata,Clothing,26,14404,0,Weekend
2024-09-21,Kolkata,Groceries,68,12580,0,Weekend
2024-09-21,Kolkata,Furniture,10,52030,0,Weekend
2024-09-21,Kolkata,Cosmetics,29,9222,0,Weekend
2024-09-21,Delhi,Electronics,17,16048,0,Weekend
2024-09-21,Delhi,Clothing,28,18480,0,Weekend
2024-09-21,Delhi,Groceries,57,4845,1,Weekend
2024-09-21,Delhi,Furniture,13,33176,0,Weekend
2024-09-21,Delhi,Cosmetics,27,15525,0,Weekend
2024-09-21,Mumbai,Electronics,18,32364,0,Weekend
2024-09-21,Mumbai,Clothing,32,22880,0,Weekend
2024-09-21,Mumbai,Groceries,66,9834,0,Weekend
2024-09-21,Mumbai,Furniture,8,36904,0,Weekend
2024-09-21,Mumbai,Cosmetics,27,18846,1,Weekend
2024-09-21,Bangalore,Electronics,20,27380,0,Weekend
2024-09-21,Bangalore,Clothing,35,39410,1,Weekend
2024-09-21,Bangalore,Groceries,42,5208,0,Weekend
2024-09-21,Bangalore,Furniture,10,35710,1,Weekend
2024-09-21,Bangalore,Cosmetics,23,3473,0,Weekend
2024-09-21,Hyderabad,Electronics,16,33232,0,Weekend
2024-09-21,Hyderabad,Clothing,39,45591,0,Weekend
2024-09-21,Hyderabad,Groceries,66,11484,1,Weekend
2024-09-21,Hyderabad,Furniture,7,27342,0,Weekend
2024-09-21,Hyderabad,Cosmetics,25,16450,1,Weekend
2024-09-22,Kolkata,Electronics,17,32538,0,Weekend
2024-09-22,Kolkata,Clothing,32,19360,0,Weekend
2024-09-22,Kolkata,Groceries,55,9460,0,Weekend
2024-09-22,Kolkata,Furniture,10,56420,0,Weekend
2024-09-22,Kolkata,Cosmetics,29,11281,0,Weekend
2024-09-22,Delhi,Electronics,22,49654,1,Weekend
2024-09-22,Delhi,Clothing,40,15720,1,Weekend
2024-09-22,Delhi,Groceries,63,8064,1,Weekend
2024-09-22,Delhi,Furniture,8,19752,1,Weekend
2024-09-22,Delhi,Cosmetics,22,17534,0,Weekend
2024-09-22,Mumbai,Electronics,29,36946,1,Weekend
2024-09-22,Mumbai,Clothing,42,17808,0,Weekend
2024-09-22,Mumbai,Groceries,55,7535,1,Weekend
2024-09-22,Mumbai,Furniture,11,65604,0,Weekend
2024-09-22,Mumbai,Cosmetics,24,16392,0,Weekend
2024-09-22,Bangalore,Electronics,19,46797,0,Weekend
2024-09-22,Bangalore,Clothing,36,38304,0,Weekend
2024-09-22,Bangalore,Groceries,57,3306,0,Weekend
2024-09-22,Bangalore,Furniture,11,32406,0,Weekend
2024-09-22,Bangalore,Cosmetics,24,18888,0,Weekend
2024-09-22,Hyderabad,Electronics,17,13821,0,Weekend
2024-09-22,Hyderabad,Clothing,23,17756,1,Weekend
2024-09-22,Hyderabad,Groceries,63,9576,0,Weekend
2024-09-22,Hyderabad,Furniture,9,26424,0,Weekend
2024-09-22,Hyderabad,Cosmetics,22,7634,1,Weekend
2024-09-23,Kolkata,Electronics,24,40248,1,Weekday
2024-09-23,Kolkata,Clothing,33,18513,0,Weekday
2024-09-23,Kolkata,Groceries,70,8820,0,Weekday
2024-09-23,Kolkata,Furniture,11,29194,1,Weekday
2024-09-23,Kolkata,Cosmetics,30,21810,1,Weekday
2024-09-23,Delhi,Electronics,21,46662,1,Weekday
2024-09-23,Delhi,Clothing,40,35080,0,Weekday
2024-09-23,Delhi,Groceries,55,6600,0,Weekday
2024-09-23,Delhi,Furniture,13,27898,0,Weekday
2024-09-23,Delhi,Cosmetics,24,15864,0,Weekday
2024-09-23,Mumbai,Electronics,22,22572,1,Weekday
2024-09-23,Mumbai,Clothing,31,36673,0,Weekday
2024-09-23,Mumbai,Groceries,64,7168,1,Weekday
2024-09-23,Mumbai,Furniture,10,26480,0,Weekday
2024-09-23,Mumbai,Cosmetics,32,21632,1,Weekday
2024-09-23,Bangalore,Electronics,15,22560,0,Weekday
2024-09-23,Bangalore,Clothing,34,39304,0,Weekday
2024-09-23,Bangalore,Groceries,54,3942,0,Weekday
2024-09-23,Bangalore,Furniture,9,53703,0,Weekday
2024-09-23,Bangalore,Cosmetics,20,11400,0,Weekday
2024-09-23,Hyderabad,Electronics,23,38203,0,Weekday
2024-09-23,Hyderabad,Clothing,40,16080,1,Weekday
2024-09-23,Hyderabad,Groceries,53,9328,0,Weekday
2024-09-23,Hyderabad,Furniture,10,32040,1,Weekday
2024-09-23,Hyderabad,Cosmetics,23,14030,0,Weekday
2024-09-24,Kolkata,Electronics,22,41404,1,Weekday
2024-09-24,Kolkata,Clothing,38,26904,1,Weekday
2024-09-24,Kolkata,Groceries,66,11154,1,Weekday
2024-09-24,Kolkata,Furniture,6,31338,0,Weekday
2024-09-24,Kolkata,Cosmetics,29,21373,0,Weekday
2024-09-24,Delhi,Electronics,15,32640,0,Weekday
2024-09-24,Delhi,Clothing,38,36328,1,Weekday
2024-09-24,Delhi,Groceries,56,10528,0,Weekday
2024-09-24,Delhi,Furniture,9,39735,0,Weekday
2024-09-24,Delhi,Cosmetics,35,10430,1,Weekday
2024-09-24,Mumbai,Electronics,24,37584,1,Weekday
2024-09-24,Mumbai,Clothing,38,19608,1,Weekday
2024-09-24,Mumbai,Groceries,73,4161,0,Weekday
2024-09-24,Mumbai,Furniture,10,32940,0,Weekday
2024-09-24,Mumbai,Cosmetics,22,12474,0,Weekday
2024-09-24,Bangalore,Electronics,28,25620,1,Weekday
2024-09-24,Bangalore,Clothing,21,13860,0,Weekday
2024-09-24,Bangalore,Groceries,49,4312,0,Weekday
2024-09-24,Bangalore,Furniture,8,29680,0,Weekday
2024-09-24,Bangalore,Cosmetics,35,9415,0,Weekday
2024-09-24,Hyderabad,Electronics,26,49322,1,Weekday
2024-09-24,Hyderabad,Clothing,42,49350,0,Weekday
2024-09-24,Hyderabad,Groceries,68,9520,0,Weekday
2024-09-24,Hyderabad,Furniture,10,31070,1,Weekday
2024-09-24,Hyderabad,Cosmetics,24,7248,0,Weekday
2024-09-25,Kolkata,Electronics,12,17760,0,Weekday
2024-09-25,Kolkata,Clothing,30,29430,0,Weekday
2024-09-25,Kolkata,Groceries,37,6549,0,Weekday
2024-09-25,Kolkata,Furniture,6,15222,0,Weekday
2024-09-25,Kolkata,Cosmetics,23,4646,0,Weekday
2024-09-25,Delhi,Electronics,21,39291,0,Weekday
2024-09-25,Delhi,Clothing,36,36072,1,Weekday
2024-09-25,Delhi,Groceries,64,8064,0,Weekday
2024-09-25,Delhi,Furniture,11,61743,0,Weekday
2024-09-25,Delhi,Cosmetics,20,15780,0,Weekday
2024-09-25,Mumbai,Electronics,20,36000,0,Weekday
2024-09-25,Mumbai,Clothing,50,45200,1,Weekday
2024-09-25,Mumbai,Groceries,66,11088,0,Weekday
2024-09-25,Mumbai,Furniture,9,49392,0,Weekday
2024-09-25,Mumbai,Cosmetics,25,12600,0,Weekday
2024-09-25,Bangalore,Electronics,21,31773,1,Weekday
2024-09-25,Bangalore,Clothing,36,28080,0,Weekday
2024-09-25,Bangalore,Groceries,69,3657,0,Weekday
2024-09-25,Bangalore,Furniture,8,12360,0,Weekday
2024-09-25,Bangalore,Cosmetics,29,5858,0,Weekday
2024-09-25,Hyderabad,Electronics,22,24068,0,Weekday
2024-09-25,Hyderabad,Clothing,29,9599,0,Weekday
2024-09-25,Hyderabad,Groceries,76,5396,0,Weekday
2024-09-25,Hyderabad,Furniture,9,41130,1,Weekday
2024-09-25,Hyderabad,Cosmetics,27,15390,1,Weekday
2024-09-26,Kolkata,Electronics,24,27024,0,Weekday
2024-09-26,Kolkata,Clothing,39,18642,0,Weekday
2024-09-26,Kolkata,Groceries,39,2184,0,Weekday
2024-09-26,Kolkata,Furniture,8,42928,0,Weekday
2024-09-26,Kolkata,Cosmetics,25,8625,0,Weekday
2024-09-26,Delhi,Electronics,15,19530,0,Weekday
2024-09-26,Delhi,Clothing,30,20190,0,Weekday
2024-09-26,Delhi,Groceries,71,4473,1,Weekday
2024-09-26,Delhi,Furniture,10,27470,0,Weekday
2024-09-26,Delhi,Cosmetics,19,4484,0,Weekday
2024-09-26,Mumbai,Electronics,13,26403,0,Weekday
2024-09-26,Mumbai,Clothing,36,14220,1,Weekday
2024-09-26,Mumbai,Groceries,72,9792,0,Weekday
2024-09-26,Mumbai,Furniture,10,59220,0,Weekday
2024-09-26,Mumbai,Cosmetics,20,15700,0,Weekday
2024-09-26,Bangalore,Electronics,15,30420,0,Weekday
2024-09-26,Bangalore,Clothing,35,10920,0,Weekday
2024-09-26,Bangalore,Groceries,70,6090,0,Weekday
2024-09-26,Bangalore,Furniture,9,26127,1,Weekday
2024-09-26,Bangalore,Cosmetics,30,18300,1,Weekday
2024-09-26,Hyderabad,Electronics,23,22264,1,Weekday
2024-09-26,Hyderabad,Clothing,40,42560,0,Weekday
2024-09-26,Hyderabad,Groceries,84,16716,0,Weekday
2024-09-26,Hyderabad,Furniture,11,26884,0,Weekday
2024-09-26,Hyderabad,Cosmetics,26,9698,0,Weekday
2024-09-27,Kolkata,Electronics,21,27972,0,Weekday
2024-09-27,Kolkata,Clothing,41,14432,0,Weekday
2024-09-27,Kolkata,Groceries,51,7293,0,Weekday
2024-09-27,Kolkata,Furniture,10,35130,0,Weekday
2024-09-27,Kolkata,Cosmetics,32,21408,1,Weekday
2024-09-27,Delhi,Electronics,18,29502,0,Weekday
2024-09-27,Delhi,Clothing,38,18164,0,Weekday
2024-09-27,Delhi,Groceries,56,10360,0,Weekday
2024-09-27,Delhi,Furniture,14,26768,1,Weekday
2024-09-27,Delhi,Cosmetics,28,15008,0,Weekday
2024-09-27,Mumbai,Electronics,21,50631,0,Weekday
2024-09-27,Mumbai,Clothing,42,21000,1,Weekday
2024-09-27,Mumbai,Groceries,63,9387,1,Weekday
2024-09-27,Mumbai,Furniture,9,14823,0,Weekday
2024-09-27,Mumbai,Cosmetics,23,8464,0,Weekday
2024-09-27,Bangalore,Electronics,25,58750,1,Weekday
2024-09-27,Bangalore,Clothing,32,30944,0,Weekday
2024-09-27,Bangalore,Groceries,42,4032,0,Weekday
2024-09-27,Bangalore,Furniture,11,63899,0,Weekday
2024-09-27,Bangalore,Cosmetics,21,9807,0,Weekday
2024-09-27,Hyderabad,Electronics,15,15150,0,Weekday
2024-09-27,Hyderabad,Clothing,38,34352,0,Weekday
2024-09-27,Hyderabad,Groceries,67,4824,0,Weekday
2024-09-27,Hyderabad,Furniture,12,34692,0,Weekday
2024-09-27,Hyderabad,Cosmetics,23,7521,0,Weekday
2024-09-28,Kolkata,Electronics,27,43011,1,Weekend
2024-09-28,Kolkata,Clothing,44,52096,1,Weekend
2024-09-28,Kolkata,Groceries,52,4472,0,Weekend
2024-09-28,Kolkata,Furniture,13,72969,0,Weekend
2024-09-28,Kolkata,Cosmetics,31,16833,1,Weekend
2024-09-28,Delhi,Electronics,22,19580,1,Weekend
2024-09-28,Delhi,Clothing,25,14475,0,Weekend
2024-09-28,Delhi,Groceries,55,8360,0,Weekend
2024-09-28,Delhi,Furniture,12,45060,1,Weekend
2024-09-28,Delhi,Cosmetics,25,8125,1,Weekend
2024-09-28,Mumbai,Electronics,20,19120,1,Weekend
2024-09-28,Mumbai,Clothing,32,16736,0,Weekend
2024-09-28,Mumbai,Groceries,62,6076,0,Weekend
2024-09-28,Mumbai,Furniture,12,33216,1,Weekend
2024-09-28,Mumbai,Cosmetics,26,12714,1,Weekend
2024-09-28,Bangalore,Electronics,22,23628,1,Weekend
2024-09-28,Bangalore,Clothing,36,27144,0,Weekend
2024-09-28,Bangalore,Groceries,77,6083,1,Weekend
2024-09-28,Bangalore,Furniture,11,32626,0,Weekend
2024-09-28,Bangalore,Cosmetics,35,5985,1,Weekend
2024-09-28,Hyderabad,Electronics,18,23814,0,Weekend
2024-09-28,Hyderabad,Clothing,41,17220,1,Weekend
2024-09-28,Hyderabad,Groceries,62,3782,0,Weekend
2024-09-28,Hyderabad,Furniture,11,43472,0,Weekend
2024-09-28,Hyderabad,Cosmetics,29,22098,1,Weekend
2024-09-29,Kolkata,Electronics,17,33422,0,Weekend
2024-09-29,Kolkata,Clothing,29,15834,1,Weekend
2024-09-29,Kolkata,Groceries,46,4646,0,Weekend
2024-09-29,Kolkata,Furniture,10,46230,0,Weekend
2024-09-29,Kolkata,Cosmetics,29,20677,0,Weekend
2024-09-29,Delhi,Electronics,17,14790,0,Weekend
2024-09-29,Delhi,Clothing,33,32340,1,Weekend
2024-09-29,Delhi,Groceries,79,15484,1,Weekend
2024-09-29,Delhi,Furniture,9,32517,0,Weekend
2024-09-29,Delhi,Cosmetics,22,14344,1,Weekend
2024-09-29,Mumbai,Electronics,21,35931,0,Weekend
2024-09-29,Mumbai,Clothing,27,12906,0,Weekend
2024-09-29,Mumbai,Groceries,77,15323,1,Weekend
2024-09-29,Mumbai,Furniture,9,25857,0,Weekend
2024-09-29,Mumbai,Cosmetics,17,6987,0,Weekend
2024-09-29,Bangalore,Electronics,22,33154,0,Weekend
2024-09-29,Bangalore,Clothing,36,25524,0,Weekend
2024-09-29,Bangalore,Groceries,75,12825,1,Weekend
2024-09-29,Bangalore,Furniture,9,41697,0,Weekend
2024-09-29,Bangalore,Cosmetics,29,12992,1,Weekend
2024-09-29,Hyderabad,Electronics,17,17425,1,Weekend
2024-09-29,Hyderabad,Clothing,44,31240,0,Weekend
2024-09-29,Hyderabad,Groceries,48,5376,0,Weekend
2024-09-29,Hyderabad,Furniture,11,42900,0,Weekend
2024-09-29,Hyderabad,Cosmetics,20,15540,0,Weekend
2024-09-30,Kolkata,Electronics,19,41040,0,Weekday
2024-09-30,Kolkata,Clothing,29,21141,0,Weekday
2024-09-30,Kolkata,Groceries,58,5916,0,Weekday
2024-09-30,Kolkata,Furniture,10,42020,0,Weekday
2024-09-30,Kolkata,Cosmetics,24,10152,0,Weekday
2024-09-30,Delhi,Electronics,18,37224,0,Weekday
2024-09-30,Delhi,Clothing,37,12654,0,Weekday
2024-09-30,Delhi,Groceries,57,11343,0,Weekday
2024-09-30,Delhi,Furniture,10,56040,0,Weekday
2024-09-30,Delhi,Cosmetics,26,19318,0,Weekday
2024-09-30,Mumbai,Electronics,22,30558,0,Weekday
2024-09-30,Mumbai,Clothing,41,19639,0,Weekday
2024-09-30,Mumbai,Groceries,63,9828,1,Weekday
2024-09-30,Mumbai,Furniture,11,63107,0,Weekday
2024-09-30,Mumbai,Cosmetics,23,9844,0,Weekday
2024-09-30,Bangalore,Electronics,22,45166,1,Weekday
2024-09-30,Bangalore,Clothing,28,22904,0,Weekday
2024-09-30,Bangalore,Groceries,90,12780,1,Weekday
2024-09-30,Bangalore,Furniture,9,29178,0,Weekday
2024-09-30,Bangalore,Cosmetics,27,4995,0,Weekday
2024-09-30,Hyderabad,Electronics,21,28287,0,Weekday
2024-09-30,Hyderabad,Clothing,36,25920,0,Weekday
2024-09-30,Hyderabad,Groceries,54,8424,0,Weekday
2024-09-30,Hyderabad,Furniture,10,18880,1,Weekday
2024-09-30,Hyderabad,Cosmetics,34,5202,1,Weekday
2024-10-01,Kolkata,Electronics,28,23520,0,Weekday
2024-10-01,Kolkata,Clothing,54,46224,0,Weekday
2024-10-01,Kolkata,Groceries,58,10266,0,Weekday
2024-10-01,Kolkata,Furniture,14,81312,0,Weekday
2024-10-01,Kolkata,Cosmetics,39,9087,1,Weekday
2024-10-01,Delhi,Electronics,30,66420,0,Weekday
2024-10-01,Delhi,Clothing,46,33626,0,Weekday
2024-10-01,Delhi,Groceries,78,7488,1,Weekday
2024-10-01,Delhi,Furniture,11,20262,0,Weekday
2024-10-01,Delhi,Cosmetics,35,14140,0,Weekday
2024-10-01,Mumbai,Electronics,23,31510,1,Weekday
2024-10-01,Mumbai,Clothing,40,38920,0,Weekday
2024-10-01,Mumbai,Groceries,95,5035,1,Weekday
2024-10-01,Mumbai,Furniture,11,59543,0,Weekday
2024-10-01,Mumbai,Cosmetics,31,11191,0,Weekday
2024-10-01,Bangalore,Electronics,26,37570,0,Weekday
2024-10-01,Bangalore,Clothing,28,13916,0,Weekday
2024-10-01,Bangalore,Groceries,79,4503,0,Weekday
2024-10-01,Bangalore,Furniture,15,70560,0,Weekday
2024-10-01,Bangalore,Cosmetics,23,11799,0,Weekday
2024-10-01,Hyderabad,Electronics,31,69905,1,Weekday
2024-10-01,Hyderabad,Clothing,51,42228,0,Weekday
2024-10-01,Hyderabad,Groceries,76,13832,0,Weekday
2024-10-01,Hyderabad,Furniture,12,54336,0,Weekday
2024-10-01,Hyderabad,Cosmetics,33,14718,0,Weekday
2024-10-02,Kolkata,Electronics,17,17680,0,Weekday
2024-10-02,Kolkata,Clothing,40,20880,0,Weekday
2024-10-02,Kolkata,Groceries,88,9504,1,Weekday
2024-10-02,Kolkata,Furniture,12,56688,1,Weekday
2024-10-02,Kolkata,Cosmetics,30,17640,0,Weekday
2024-10-02,Delhi,Electronics,30,50070,1,Weekday
2024-10-02,Delhi,Clothing,48,22080,1,Weekday
2024-10-02,Delhi,Groceries,65,8450,0,Weekday
2024-10-02,Delhi,Furniture,14,29876,0,Weekday
2024-10-02,Delhi,Cosmetics,32,13216,0,Weekday
2024-10-02,Mumbai,Electronics,28,32228,1,Weekday
2024-10-02,Mumbai,Clothing,45,16335,1,Weekday
2024-10-02,Mumbai,Groceries,91,9919,0,Weekday
2024-10-02,Mumbai,Furniture,11,62557,0,Weekday
2024-10-02,Mumbai,Cosmetics,29,8932,0,Weekday
2024-10-02,Bangalore,Electronics,22,37774,0,Weekday
2024-10-02,Bangalore,Clothing,46,33626,0,Weekday
2024-10-02,Bangalore,Groceries,85,6800,0,Weekday
2024-10-02,Bangalore,Furniture,9,37188,0,Weekday
2024-10-02,Bangalore,Cosmetics,30,14730,1,Weekday
2024-10-02,Hyderabad,Electronics,28,60032,0,Weekday
2024-10-02,Hyderabad,Clothing,44,15664,0,Weekday
2024-10-02,Hyderabad,Groceries,73,5986,0,Weekday
2024-10-02,Hyderabad,Furniture,10,21180,0,Weekday
2024-10-02,Hyderabad,Cosmetics,21,12768,0,Weekday
2024-10-03,Kolkata,Electronics,27,47574,0,Weekday
2024-10-03,Kolkata,Clothing,32,17184,0,Weekday
2024-10-03,Kolkata,Groceries,62,6014,0,Weekday
2024-10-03,Kolkata,Furniture,12,34584,0,Weekday
2024-10-03,Kolkata,Cosmetics,33,15246,0,Weekday
2024-10-03,Delhi,Electronics,25,50000,0,Weekday
2024-10-03,Delhi,Clothing,42,27048,0,Weekday
2024-10-03,Delhi,Groceries,108,20736,1,Weekday
2024-10-03,Delhi,Furniture,15,49755,0,Weekday
2024-10-03,Delhi,Cosmetics,30,21270,0,Weekday
2024-10-03,Mumbai,Electronics,19,15789,0,Weekday
2024-10-03,Mumbai,Clothing,55,64350,1,Weekday
2024-10-03,Mumbai,Groceries,83,10292,1,Weekday
2024-10-03,Mumbai,Furniture,12,60744,0,Weekday
2024-10-03,Mumbai,Cosmetics,26,20696,0,Weekday
2024-10-03,Bangalore,Electronics,20,46680,0,Weekday
2024-10-03,Bangalore,Clothing,43,30745,0,Weekday
2024-10-03,Bangalore,Groceries,84,14532,0,Weekday
2024-10-03,Bangalore,Furniture,12,51276,0,Weekday
2024-10-03,Bangalore,Cosmetics,31,9734,0,Weekday
2024-10-03,Hyderabad,Electronics,34,61098,1,Weekday
2024-10-03,Hyderabad,Clothing,39,46098,0,Weekday
2024-10-03,Hyderabad,Groceries,76,9956,0,Weekday
2024-10-03,Hyderabad,Furniture,10,48670,0,Weekday
2024-10-03,Hyderabad,Cosmetics,24,13392,0,Weekday
2024-10-04,Kolkata,Electronics,23,45494,0,Weekday
2024-10-04,Kolkata,Clothing,42,32508,0,Weekday
2024-10-04,Kolkata,Groceries,85,10455,0,Weekday
2024-10-04,Kolkata,Furniture,11,37147,0,Weekday
2024-10-04,Kolkata,Cosmetics,30,23580,0,Weekday
2024-10-04,Delhi,Electronics,28,67564,0,Weekday
2024-10-04,Delhi,Clothing,47,26320,0,Weekday
2024-10-04,Delhi,Groceries,91,7098,0,Weekday
2024-10-04,Delhi,Furniture,11,28655,0,Weekday
2024-10-04,Delhi,Cosmetics,34,11356,0,Weekday
2024-10-04,Mumbai,Electronics,24,59736,0,Weekday
2024-10-04,Mumbai,Clothing,42,25074,1,Weekday
2024-10-04,Mumbai,Groceries,62,5518,0,Weekday
2024-10-04,Mumbai,Furniture,12,50628,0,Weekday
2024-10-04,Mumbai,Cosmetics,29,17748,0,Weekday
2024-10-04,Bangalore,Electronics,29,57014,1,Weekday
2024-10-04,Bangalore,Clothing,38,26144,0,Weekday
2024-10-04,Bangalore,Groceries,69,4623,1,Weekday
2024-10-04,Bangalore,Furniture,12,19452,0,Weekday
2024-10-04,Bangalore,Cosmetics,31,10540,0,Weekday
2024-10-04,Hyderabad,Electronics,25,38800,0,Weekday
2024-10-04,Hyderabad,Clothing,42,16128,0,Weekday
2024-10-04,Hyderabad,Groceries,97,8730,1,Weekday
2024-10-04,Hyderabad,Furniture,13,31122,0,Weekday
2024-10-04,Hyderabad,Cosmetics,41,27101,0,Weekday
2024-10-05,Kolkata,Electronics,22,53196,0,Weekend
2024-10-05,Kolkata,Clothing,49,58751,1,Weekend
2024-10-05,Kolkata,Groceries,77,10857,0,Weekend
2024-10-05,Kolkata,Furniture,12,35964,0,Weekend
2024-10-05,Kolkata,Cosmetics,30,9090,1,Weekend
2024-10-05,Delhi,Electronics,25,58925,1,Weekend
2024-10-05,Delhi,Clothing,41,21115,0,Weekend
2024-10-05,Delhi,Groceries,83,15687,0,Weekend
2024-10-05,Delhi,Furniture,14,71274,1,Weekend
2024-10-05,Delhi,Cosmetics,44,17908,1,Weekend
2024-10-05,Mumbai,Electronics,26,21164,0,Weekend
2024-10-05,Mumbai,Clothing,59,46669,0,Weekend
2024-10-05,Mumbai,Groceries,71,6603,0,Weekend
2024-10-05,Mumbai,Furniture,13,44057,0,Weekend
2024-10-05,Mumbai,Cosmetics,37,17982,1,Weekend
2024-10-05,Bangalore,Electronics,26,54444,0,Weekend
2024-10-05,Bangalore,Clothing,52,47528,0,Weekend
2024-10-05,Bangalore,Groceries,91,6279,1,Weekend
2024-10-05,Bangalore,Furniture,17,35394,1,Weekend
2024-10-05,Bangalore,Cosmetics,30,12690,0,Weekend
2024-10-05,Hyderabad,Electronics,29,28594,0,Weekend
2024-10-05,Hyderabad,Clothing,45,40275,1,Weekend
2024-10-05,Hyderabad,Groceries,103,7828,1,Weekend
2024-10-05,Hyderabad,Furniture,16,63264,1,Weekend
2024-10-05,Hyderabad,Cosmetics,31,15345,0,Weekend
2024-10-06,Kolkata,Electronics,29,65221,0,Weekend
2024-10-06,Kolkata,Clothing,44,39732,1,Weekend
2024-10-06,Kolkata,Groceries,82,9266,0,Weekend
2024-10-06,Kolkata,Furniture,13,55250,1,Weekend
2024-10-06,Kolkata,Cosmetics,29,5075,0,Weekend
2024-10-06,Delhi,Electronics,24,38232,0,Weekend
2024-10-06,Delhi,Clothing,45,35640,1,Weekend
2024-10-06,Delhi,Groceries,81,8586,0,Weekend
2024-10-06,Delhi,Furniture,14,52444,1,Weekend
2024-10-06,Delhi,Cosmetics,46,21206,1,Weekend
2024-10-06,Mumbai,Electronics,21,19572,0,Weekend
2024-10-06,Mumbai,Clothing,33,19107,1,Weekend
2024-10-06,Mumbai,Groceries,106,17066,1,Weekend
2024-10-06,Mumbai,Furniture,13,65052,1,Weekend
2024-10-06,Mumbai,Cosmetics,26,16458,0,Weekend
2024-10-06,Bangalore,Electronics,18,39222,0,Weekend
2024-10-06,Bangalore,Clothing,59,63661,0,Weekend
2024-10-06,Bangalore,Groceries,52,3484,0,Weekend
2024-10-06,Bangalore,Furniture,14,41524,1,Weekend
2024-10-06,Bangalore,Cosmetics,28,9828,0,Weekend
2024-10-06,Hyderabad,Electronics,29,36192,1,Weekend
2024-10-06,Hyderabad,Clothing,45,37665,0,Weekend
2024-10-06,Hyderabad,Groceries,107,5992,1,Weekend
2024-10-06,Hyderabad,Furniture,11,27885,0,Weekend
2024-10-06,Hyderabad,Cosmetics,33,21582,1,Weekend
2024-10-07,Kolkata,Electronics,31,51119,0,Weekday
2024-10-07,Kolkata,Clothing,36,14724,0,Weekday
2024-10-07,Kolkata,Groceries,84,14868,0,Weekday
2024-10-07,Kolkata,Furniture,10,38080,0,Weekday
2024-10-07,Kolkata,Cosmetics,38,22990,0,Weekday
2024-10-07,Delhi,Electronics,23,46276,0,Weekday
2024-10-07,Delhi,Clothing,47,39292,0,Weekday
2024-10-07,Delhi,Groceries,74,6438,0,Weekday
2024-10-07,Delhi,Furniture,9,47736,1,Weekday
2024-10-07,Delhi,Cosmetics,43,24295,1,Weekday
2024-10-07,Mumbai,Electronics,29,25404,1,Weekday
2024-10-07,Mumbai,Clothing,43,44763,0,Weekday
2024-10-07,Mumbai,Groceries,75,13950,0,Weekday
2024-10-07,Mumbai,Furniture,10,46690,0,Weekday
2024-10-07,Mumbai,Cosmetics,31,13764,0,Weekday
2024-10-07,Bangalore,Electronics,16,25232,0,Weekday
2024-10-07,Bangalore,Clothing,39,12597,1,Weekday
2024-10-07,Bangalore,Groceries,77,12397,0,Weekday
2024-10-07,Bangalore,Furniture,12,49188,0,Weekday
2024-10-07,Bangalore,Cosmetics,35,5880,0,Weekday
2024-10-07,Hyderabad,Electronics,18,33156,0,Weekday
2024-10-07,Hyderabad,Clothing,49,39592,0,Weekday
2024-10-07,Hyderabad,Groceries,68,6392,1,Weekday
2024-10-07,Hyderabad,Furniture,18,37044,1,Weekday
2024-10-07,Hyderabad,Cosmetics,29,17632,0,Weekday
2024-10-08,Kolkata,Electronics,32,54592,0,Weekday
2024-10-08,Kolkata,Clothing,40,38640,0,Weekday
2024-10-08,Kolkata,Groceries,64,8896,0,Weekday
2024-10-08,Kolkata,Furniture,15,40035,1,Weekday
2024-10-08,Kolkata,Cosmetics,28,15988,0,Weekday
2024-10-08,Delhi,Electronics,26,34008,0,Weekday
2024-10-08,Delhi,Clothing,54,16578,0,Weekday
2024-10-08,Delhi,Groceries,75,9750,0,Weekday
2024-10-08,Delhi,Furniture,13,46150,0,Weekday
2024-10-08,Delhi,Cosmetics,41,28044,1,Weekday
2024-10-08,Mumbai,Electronics,26,47840,0,Weekday
2024-10-08,Mumbai,Clothing,35,39095,0,Weekday
2024-10-08,Mumbai,Groceries,79,6162,0,Weekday
2024-10-08,Mumbai,Furniture,13,62179,0,Weekday
2024-10-08,Mumbai,Cosmetics,30,17340,0,Weekday
2024-10-08,Bangalore,Electronics,26,27950,0,Weekday
2024-10-08,Bangalore,Clothing,49,29596,0,Weekday
2024-10-08,Bangalore,Groceries,73,11388,0,Weekday
2024-10-08,Bangalore,Furniture,11,37147,0,Weekday
2024-10-08,Bangalore,Cosmetics,44,19800,1,Weekday
2024-10-08,Hyderabad,Electronics,30,58410,0,Weekday
2024-10-08,Hyderabad,Clothing,48,34464,1,Weekday
2024-10-08,Hyderabad,Groceries,81,11421,0,Weekday
2024-10-08,Hyderabad,Furniture,11,61006,0,Weekday
2024-10-08,Hyderabad,Cosmetics,32,24992,0,Weekday
2024-10-09,Kolkata,Electronics,27,60507,0,Weekday
2024-10-09,Kolkata,Clothing,37,39368,0,Weekday
2024-10-09,Kolkata,Groceries,72,11664,0,Weekday
2024-10-09,Kolkata,Furniture,13,76050,0,Weekday
2024-10-09,Kolkata,Cosmetics,28,5096,0,Weekday
2024-10-09,Delhi,Electronics,25,33300,0,Weekday
2024-10-09,Delhi,Clothing,52,17264,0,Weekday
2024-10-09,Delhi,Groceries,109,17876,1,Weekday
2024-10-09,Delhi,Furniture,19,54093,1,Weekday
2024-10-09,Delhi,Cosmetics,38,12236,1,Weekday
2024-10-09,Mumbai,Electronics,26,38636,0,Weekday
2024-10-09,Mumbai,Clothing,45,40725,0,Weekday
2024-10-09,Mumbai,Groceries,66,5610,0,Weekday
2024-10-09,Mumbai,Furniture,12,46044,0,Weekday
2024-10-09,Mumbai,Cosmetics,36,18612,1,Weekday
2024-10-09,Bangalore,Electronics,20,16720,0,Weekday
2024-10-09,Bangalore,Clothing,43,13588,1,Weekday
2024-10-09,Bangalore,Groceries,79,4108,0,Weekday
2024-10-09,Bangalore,Furniture,13,36738,0,Weekday
2024-10-09,Bangalore,Cosmetics,32,6880,0,Weekday
2024-10-09,Hyderabad,Electronics,15,28935,0,Weekday
2024-10-09,Hyderabad,Clothing,37,28120,0,Weekday
2024-10-09,Hyderabad,Groceries,54,2970,0,Weekday
2024-10-09,Hyderabad,Furniture,14,74522,1,Weekday
2024-10-09,Hyderabad,Cosmetics,29,16646,1,Weekday
2024-10-10,Kolkata,Electronics,37,52614,1,Weekday
2024-10-10,Kolkata,Clothing,40,12840,0,Weekday
2024-10-10,Kolkata,Groceries,77,10010,0,Weekday
2024-10-10,Kolkata,Furniture,12,39336,0,Weekday
2024-10-10,Kolkata,Cosmetics,30,23430,0,Weekday
2024-10-10,Delhi,Electronics,22,40172,0,Weekday
2024-10-10,Delhi,Clothing,56,30128,1,Weekday
2024-10-10,Delhi,Groceries,86,6364,0,Weekday
2024-10-10,Delhi,Furniture,12,51816,0,Weekday
2024-10-10,Delhi,Cosmetics,28,19264,0,Weekday
2024-10-10,Mumbai,Electronics,26,25454,0,Weekday
2024-10-10,Mumbai,Clothing,45,39915,0,Weekday
2024-10-10,Mumbai,Groceries,48,5712,0,Weekday
2024-10-10,Mumbai,Furniture,12,60156,0,Weekday
2024-10-10,Mumbai,Cosmetics,30,7560,0,Weekday
2024-10-10,Bangalore,Electronics,22,52096,0,Weekday
2024-10-10,Bangalore,Clothing,34,29104,0,Weekday
2024-10-10,Bangalore,Groceries,65,4160,0,Weekday
2024-10-10,Bangalore,Furniture,13,36244,1,Weekday
2024-10-10,Bangalore,Cosmetics,36,18000,0,Weekday
2024-10-10,Hyderabad,Electronics,22,50336,0,Weekday
2024-10-10,Hyderabad,Clothing,40,26160,1,Weekday
2024-10-10,Hyderabad,Groceries,67,3886,0,Weekday
2024-10-10,Hyderabad,Furniture,11,47993,0,Weekday
2024-10-10,Hyderabad,Cosmetics,32,6624,0,Weekday
2024-10-11,Kolkata,Electronics,24,44928,0,Weekday
2024-10-11,Kolkata,Clothing,30,18540,0,Weekday
2024-10-11,Kolkata,Groceries,63,7371,0,Weekday
2024-10-11,Kolkata,Furniture,16,38832,1,Weekday
2024-10-11,Kolkata,Cosmetics,29,17980,0,Weekday
2024-10-11,Delhi,Electronics,25,30225,0,Weekday
2024-10-11,Delhi,Clothing,46,19504,1,Weekday
2024-10-11,Delhi,Groceries,113,7458,1,Weekday
2024-10-11,Delhi,Furniture,11,25784,1,Weekday
2024-10-11,Delhi,Cosmetics,38,21926,0,Weekday
2024-10-11,Mumbai,Electronics,24,53448,0,Weekday
2024-10-11,Mumbai,Clothing,45,15345,0,Weekday
2024-10-11,Mumbai,Groceries,64,5376,0,Weekday
2024-10-11,Mumbai,Furniture,11,56661,0,Weekday
2024-10-11,Mumbai,Cosmetics,32,16864,0,Weekday
2024-10-11,Bangalore,Electronics,26,52156,1,Weekday
2024-10-11,Bangalore,Clothing,44,18040,0,Weekday
2024-10-11,Bangalore,Groceries,75,7650,1,Weekday
2024-10-11,Bangalore,Furniture,17,33558,0,Weekday
2024-10-11,Bangalore,Cosmetics,32,24384,0,Weekday
2024-10-11,Hyderabad,Electronics,15,20715,0,Weekday
2024-10-11,Hyderabad,Clothing,50,46100,0,Weekday
2024-10-11,Hyderabad,Groceries,87,16008,1,Weekday
2024-10-11,Hyderabad,Furniture,11,29612,0,Weekday
2024-10-11,Hyderabad,Cosmetics,30,21960,0,Weekday
2024-10-12,Kolkata,Electronics,29,71166,1,Weekend
2024-10-12,Kolkata,Clothing,48,51840,1,Weekend
2024-10-12,Kolkata,Groceries,64,11072,0,Weekend
2024-10-12,Kolkata,Furniture,15,56520,1,Weekend
2024-10-12,Kolkata,Cosmetics,39,23634,1,Weekend
2024-10-12,Delhi,Electronics,24,32208,0,Weekend
2024-10-12,Delhi,Clothing,32,31200,0,Weekend
2024-10-12,Delhi,Groceries,71,9656,0,Weekend
2024-10-12,Delhi,Furniture,13,42601,0,Weekend
2024-10-12,Delhi,Cosmetics,21,8232,1,Weekend
2024-10-12,Mumbai,Electronics,21,45024,0,Weekend
2024-10-12,Mumbai,Clothing,42,45444,0,Weekend
2024-10-12,Mumbai,Groceries,65,8775,0,Weekend
2024-10-12,Mumbai,Furniture,15,89190,1,Weekend
2024-10-12,Mumbai,Cosmetics,30,22890,0,Weekend
2024-10-12,Bangalore,Electronics,28,62384,1,Weekend
2024-10-12,Bangalore,Clothing,57,61617,1,Weekend
2024-10-12,Bangalore,Groceries,80,9680,1,Weekend
2024-10-12,Bangalore,Furniture,13,77298,1,Weekend
2024-10-12,Bangalore,Cosmetics,34,15402,0,Weekend
2024-10-12,Hyderabad,Electronics,24,39024,1,Weekend
2024-10-12,Hyderabad,Clothing,42,27468,0,Weekend
2024-10-12,Hyderabad,Groceries,97,8827,0,Weekend
2024-10-12,Hyderabad,Furniture,10,51240,0,Weekend
2024-10-12,Hyderabad,Cosmetics,39,7020,1,Weekend
2024-10-13,Kolkata,Electronics,19,25251,1,Weekend
2024-10-13,Kolkata,Clothing,44,50116,1,Weekend
2024-10-13,Kolkata,Groceries,70,13230,0,Weekend
2024-10-13,Kolkata,Furniture,8,41448,0,Weekend
2024-10-13,Kolkata,Cosmetics,35,23905,0,Weekend
2024-10-13,Delhi,Electronics,34,44914,1,Weekend
2024-10-13,Delhi,Clothing,35,39130,1,Weekend
2024-10-13,Delhi,Groceries,84,15372,1,Weekend
2024-10-13,Delhi,Furniture,13,62868,1,Weekend
2024-10-13,Delhi,Cosmetics,31,17701,0,Weekend
2024-10-13,Mumbai,Electronics,33,74250,1,Weekend
2024-10-13,Mumbai,Clothing,48,35136,0,Weekend
2024-10-13,Mumbai,Groceries,75,6375,1,Weekend
2024-10-13,Mumbai,Furniture,14,46914,0,Weekend
2024-10-13,Mumbai,Cosmetics,27,18765,0,Weekend
2024-10-13,Bangalore,Electronics,24,35112,0,Weekend
2024-10-13,Bangalore,Clothing,30,21810,0,Weekend
2024-10-13,Bangalore,Groceries,98,12054,1,Weekend
2024-10-13,Bangalore,Furniture,13,76804,0,Weekend
2024-10-13,Bangalore,Cosmetics,31,11005,1,Weekend
2024-10-13,Hyderabad,Electronics,22,52272,0,Weekend
2024-10-13,Hyderabad,Clothing,33,33495,0,Weekend
2024-10-13,Hyderabad,Groceries,71,4757,0,Weekend
2024-10-13,Hyderabad,Furniture,12,27948,0,Weekend
2024-10-13,Hyderabad,Cosmetics,20,10980,1,Weekend
2024-10-14,Kolkata,Electronics,21,24318,0,Weekday
2024-10-14,Kolkata,Clothing,40,47520,0,Weekday
2024-10-14,Kolkata,Groceries,80,8320,0,Weekday
2024-10-14,Kolkata,Furniture,12,38448,0,Weekday
2024-10-14,Kolkata,Cosmetics,39,10608,0,Weekday
2024-10-14,Delhi,Electronics,25,48500,0,Weekday
2024-10-14,Delhi,Clothing,41,29520,0,Weekday
2024-10-14,Delhi,Groceries,57,3933,0,Weekday
2024-10-14,Delhi,Furniture,10,25230,0,Weekday
2024-10-14,Delhi,Cosmetics,37,15540,0,Weekday
2024-10-14,Mumbai,Electronics,27,33291,0,Weekday
2024-10-14,Mumbai,Clothing,38,35150,0,Weekday
2024-10-14,Mumbai,Groceries,63,10773,0,Weekday
2024-10-14,Mumbai,Furniture,19,68381,1,Weekday
2024-10-14,Mumbai,Cosmetics,19,3496,0,Weekday
2024-10-14,Bangalore,Electronics,37,51245,1,Weekday
2024-10-14,Bangalore,Clothing,47,32806,0,Weekday
2024-10-14,Bangalore,Groceries,69,10971,0,Weekday
2024-10-14,Bangalore,Furniture,10,54790,0,Weekday
2024-10-14,Bangalore,Cosmetics,32,23328,1,Weekday
2024-10-14,Hyderabad,Electronics,25,37350,0,Weekday
2024-10-14,Hyderabad,Clothing,47,29610,0,Weekday
2024-10-14,Hyderabad,Groceries,77,8393,1,Weekday
2024-10-14,Hyderabad,Furniture,13,52806,0,Weekday
2024-10-14,Hyderabad,Cosmetics,34,19142,1,Weekday
2024-10-15,Kolkata,Electronics,22,42504,0,Weekday
2024-10-15,Kolkata,Clothing,48,47136,0,Weekday
2024-10-15,Kolkata,Groceries,70,10220,1,Weekday
2024-10-15,Kolkata,Furniture,11,59895,0,Weekday
2024-10-15,Kolkata,Cosmetics,47,19552,1,Weekday
2024-10-15,Delhi,Electronics,30,73470,0,Weekday
2024-10-15,Delhi,Clothing,46,52762,0,Weekday
2024-10-15,Delhi,Groceries,73,8979,0,Weekday
2024-10-15,Delhi,Furniture,13,34138,0,Weekday
2024-10-15,Delhi,Cosmetics,31,12214,0,Weekday
2024-10-15,Mumbai,Electronics,21,41475,0,Weekday
2024-10-15,Mumbai,Clothing,47,18706,1,Weekday
2024-10-15,Mumbai,Groceries,67,11658,0,Weekday
2024-10-15,Mumbai,Furniture,13,38012,0,Weekday
2024-10-15,Mumbai,Cosmetics,43,11094,1,Weekday
2024-10-15,Bangalore,Electronics,23,46736,0,Weekday
2024-10-15,Bangalore,Clothing,41,28536,0,Weekday
2024-10-15,Bangalore,Groceries,77,11781,1,Weekday
2024-10-15,Bangalore,Furniture,13,46358,0,Weekday
2024-10-15,Bangalore,Cosmetics,25,12925,0,Weekday
2024-10-15,Hyderabad,Electronics,21,51114,0,Weekday
2024-10-15,Hyderabad,Clothing,45,52650,0,Weekday
2024-10-15,Hyderabad,Groceries,64,10944,0,Weekday
2024-10-15,Hyderabad,Furniture,10,29660,1,Weekday
2024-10-15,Hyderabad,Cosmetics,34,16456,0,Weekday
2024-10-16,Kolkata,Electronics,25,36925,1,Weekday
2024-10-16,Kolkata,Clothing,44,47388,0,Weekday
2024-10-16,Kolkata,Groceries,55,4400,0,Weekday
2024-10-16,Kolkata,Furniture,13,40885,0,Weekday
2024-10-16,Kolkata,Cosmetics,27,15390,0,Weekday
2024-10-16,Delhi,Electronics,25,45175,0,Weekday
2024-10-16,Delhi,Clothing,49,38514,0,Weekday
2024-10-16,Delhi,Groceries,49,4900,1,Weekday
2024-10-16,Delhi,Furniture,14,30618,0,Weekday
2024-10-16,Delhi,Cosmetics,37,29119,0,Weekday
2024-10-16,Mumbai,Electronics,24,43200,0,Weekday
2024-10-16,Mumbai,Clothing,42,43302,1,Weekday
2024-10-16,Mumbai,Groceries,85,10370,1,Weekday
2024-10-16,Mumbai,Furniture,10,18540,0,Weekday
2024-10-16,Mumbai,Cosmetics,37,8214,0,Weekday
2024-10-16,Bangalore,Electronics,19,32262,0,Weekday
2024-10-16,Bangalore,Clothing,32,28352,0,Weekday
2024-10-16,Bangalore,Groceries,89,13261,0,Weekday
2024-10-16,Bangalore,Furniture,12,54420,0,Weekday
2024-10-16,Bangalore,Cosmetics,31,18197,0,Weekday
2024-10-16,Hyderabad,Electronics,27,24408,1,Weekday
2024-10-16,Hyderabad,Clothing,56,21392,1,Weekday
2024-10-16,Hyderabad,Groceries,55,10230,0,Weekday
2024-10-16,Hyderabad,Furniture,8,43704,0,Weekday
2024-10-16,Hyderabad,Cosmetics,25,19375,0,Weekday
2024-10-17,Kolkata,Electronics,24,26520,0,Weekday
2024-10-17,Kolkata,Clothing,60,33540,1,Weekday
2024-10-17,Kolkata,Groceries,78,9282,1,Weekday
2024-10-17,Kolkata,Furniture,10,48430,1,Weekday
2024-10-17,Kolkata,Cosmetics,31,12245,0,Weekday
2024-10-17,Delhi,Electronics,24,32016,0,Weekday
2024-10-17,Delhi,Clothing,41,21730,0,Weekday
2024-10-17,Delhi,Groceries,80,8080,0,Weekday
2024-10-17,Delhi,Furniture,13,45370,1,Weekday
2024-10-17,Delhi,Cosmetics,39,27612,1,Weekday
2024-10-17,Mumbai,Electronics,33,36960,0,Weekday
2024-10-17,Mumbai,Clothing,46,17158,0,Weekday
2024-10-17,Mumbai,Groceries,78,4056,0,Weekday
2024-10-17,Mumbai,Furniture,13,49764,0,Weekday
2024-10-17,Mumbai,Cosmetics,35,27300,0,Weekday
2024-10-17,Bangalore,Electronics,22,49698,0,Weekday
2024-10-17,Bangalore,Clothing,47,31725,1,Weekday
2024-10-17,Bangalore,Groceries,70,6160,0,Weekday
2024-10-17,Bangalore,Furniture,12,61872,0,Weekday
2024-10-17,Bangalore,Cosmetics,32,19616,1,Weekday
2024-10-17,Hyderabad,Electronics,25,31975,0,Weekday
2024-10-17,Hyderabad,Clothing,37,12284,0,Weekday
2024-10-17,Hyderabad,Groceries,77,4312,0,Weekday
2024-10-17,Hyderabad,Furniture,12,36324,0,Weekday
2024-10-17,Hyderabad,Cosmetics,23,3979,0,Weekday
2024-10-18,Kolkata,Electronics,22,21758,0,Weekday
2024-10-18,Kolkata,Clothing,40,37840,0,Weekday
2024-10-18,Kolkata,Groceries,73,7373,0,Weekday
2024-10-18,Kolkata,Furniture,14,60032,0,Weekday
2024-10-18,Kolkata,Cosmetics,33,25839,0,Weekday
2024-10-18,Delhi,Electronics,27,38961,0,Weekday
2024-10-18,Delhi,Clothing,42,45528,0,Weekday
2024-10-18,Delhi,Groceries,93,5115,0,Weekday
2024-10-18,Delhi,Furniture,9,53235,0,Weekday
2024-10-18,Delhi,Cosmetics,21,16737,0,Weekday
2024-10-18,Mumbai,Electronics,28,23016,1,Weekday
2024-10-18,Mumbai,Clothing,47,44932,1,Weekday
2024-10-18,Mumbai,Groceries,80,11440,0,Weekday
2024-10-18,Mumbai,Furniture,16,69632,1,Weekday
2024-10-18,Mumbai,Cosmetics,37,6216,0,Weekday
2024-10-18,Bangalore,Electronics,23,51934,0,Weekday
2024-10-18,Bangalore,Clothing,43,49450,0,Weekday
2024-10-18,Bangalore,Groceries,68,12648,0,Weekday
2024-10-18,Bangalore,Furniture,12,61608,1,Weekday
2024-10-18,Bangalore,Cosmetics,22,3696,0,Weekday
2024-10-18,Hyderabad,Electronics,24,29232,0,Weekday
2024-10-18,Hyderabad,Clothing,36,30888,0,Weekday
2024-10-18,Hyderabad,Groceries,83,6474,0,Weekday
2024-10-18,Hyderabad,Furniture,9,24462,0,Weekday
2024-10-18,Hyderabad,Cosmetics,34,26078,0,Weekday
2024-10-19,Kolkata,Electronics,20,34240,1,Weekend
2024-10-19,Kolkata,Clothing,46,49266,1,Weekend
2024-10-19,Kolkata,Groceries,68,11628,1,Weekend
2024-10-19,Kolkata,Furniture,11,49511,1,Weekend
2024-10-19,Kolkata,Cosmetics,29,15950,0,Weekend
2024-10-19,Delhi,Electronics,17,23477,0,Weekend
2024-10-19,Delhi,Clothing,43,30186,0,Weekend
2024-10-19,Delhi,Groceries,72,8712,1,Weekend
2024-10-19,Delhi,Furniture,15,45465,1,Weekend
2024-10-19,Delhi,Cosmetics,41,30012,1,Weekend
2024-10-19,Mumbai,Electronics,20,36720,0,Weekend
2024-10-19,Mumbai,Clothing,46,30498,0,Weekend
2024-10-19,Mumbai,Groceries,71,6248,0,Weekend
2024-10-19,Mumbai,Furniture,13,50453,1,Weekend
2024-10-19,Mumbai,Cosmetics,28,12180,1,Weekend
2024-10-19,Bangalore,Electronics,24,58272,0,Weekend
2024-10-19,Bangalore,Clothing,39,35958,1,Weekend
2024-10-19,Bangalore,Groceries,61,4087,0,Weekend
2024-10-19,Bangalore,Furniture,12,21288,1,Weekend
2024-10-19,Bangalore,Cosmetics,36,19908,0,Weekend
2024-10-19,Hyderabad,Electronics,24,23448,0,Weekend
2024-10-19,Hyderabad,Clothing,41,36572,1,Weekend
2024-10-19,Hyderabad,Groceries,78,7176,1,Weekend
2024-10-19,Hyderabad,Furniture,11,17391,1,Weekend
2024-10-19,Hyderabad,Cosmetics,33,5379,1,Weekend
2024-10-20,Kolkata,Electronics,27,26514,0,Weekend
2024-10-20,Kolkata,Clothing,45,48150,0,Weekend
2024-10-20,Kolkata,Groceries,79,5688,0,Weekend
2024-10-20,Kolkata,Furniture,19,98762,1,Weekend
2024-10-20,Kolkata,Cosmetics,23,9361,0,Weekend
2024-10-20,Delhi,Electronics,23,20079,0,Weekend
2024-10-20,Delhi,Clothing,52,52988,1,Weekend
2024-10-20,Delhi,Groceries,62,7812,0,Weekend
2024-10-20,Delhi,Furniture,14,52150,1,Weekend
2024-10-20,Delhi,Cosmetics,32,25344,0,Weekend
2024-10-20,Mumbai,Electronics,24,47808,1,Weekend
2024-10-20,Mumbai,Clothing,43,28251,1,Weekend
2024-10-20,Mumbai,Groceries,89,12727,1,Weekend
2024-10-20,Mumbai,Furniture,13,68991,0,Weekend
2024-10-20,Mumbai,Cosmetics,32,25184,0,Weekend
2024-10-20,Bangalore,Electronics,31,38812,0,Weekend
2024-10-20,Bangalore,Clothing,52,16640,1,Weekend
2024-10-20,Bangalore,Groceries,97,6596,1,Weekend
2024-10-20,Bangalore,Furniture,15,63225,1,Weekend
2024-10-20,Bangalore,Cosmetics,32,13088,0,Weekend
2024-10-20,Hyderabad,Electronics,34,50728,1,Weekend
2024-10-20,Hyderabad,Clothing,61,62220,1,Weekend
2024-10-20,Hyderabad,Groceries,85,15300,0,Weekend
2024-10-20,Hyderabad,Furniture,11,52987,0,Weekend
2024-10-20,Hyderabad,Cosmetics,32,6080,1,Weekend
2024-10-21,Kolkata,Electronics,24,46752,0,Weekday
2024-10-21,Kolkata,Clothing,47,40279,0,Weekday
2024-10-21,Kolkata,Groceries,83,11703,0,Weekday
2024-10-21,Kolkata,Furniture,14,58982,0,Weekday
2024-10-21,Kolkata,Cosmetics,21,14049,0,Weekday
2024-10-21,Delhi,Electronics,31,76229,1,Weekday
2024-10-21,Delhi,Clothing,40,44920,0,Weekday
2024-10-21,Delhi,Groceries,82,6642,0,Weekday
2024-10-21,Delhi,Furniture,16,37104,1,Weekday
2024-10-21,Delhi,Cosmetics,28,6692,1,Weekday
2024-10-21,Mumbai,Electronics,23,47035,0,Weekday
2024-10-21,Mumbai,Clothing,45,21150,1,Weekday
2024-10-21,Mumbai,Groceries,60,4320,0,Weekday
2024-10-21,Mumbai,Furniture,10,55320,0,Weekday
2024-10-21,Mumbai,Cosmetics,25,18850,0,Weekday
2024-10-21,Bangalore,Electronics,25,34375,1,Weekday
2024-10-21,Bangalore,Clothing,46,21758,0,Weekday
2024-10-21,Bangalore,Groceries,83,14525,0,Weekday
2024-10-21,Bangalore,Furniture,17,81838,0,Weekday
2024-10-21,Bangalore,Cosmetics,29,18212,0,Weekday
2024-10-21,Hyderabad,Electronics,18,31680,1,Weekday
2024-10-21,Hyderabad,Clothing,51,26112,0,Weekday
2024-10-21,Hyderabad,Groceries,88,14256,0,Weekday
2024-10-21,Hyderabad,Furniture,10,28350,0,Weekday
2024-10-21,Hyderabad,Cosmetics,38,18316,0,Weekday
2024-10-22,Kolkata,Electronics,33,38808,0,Weekday
2024-10-22,Kolkata,Clothing,44,46200,0,Weekday
2024-10-22,Kolkata,Groceries,83,10458,0,Weekday
2024-10-22,Kolkata,Furniture,12,56700,0,Weekday
2024-10-22,Kolkata,Cosmetics,42,24780,1,Weekday
2024-10-22,Delhi,Electronics,35,82320,1,Weekday
2024-10-22,Delhi,Clothing,44,50556,0,Weekday
2024-10-22,Delhi,Groceries,89,13795,0,Weekday
2024-10-22,Delhi,Furniture,16,86704,1,Weekday
2024-10-22,Delhi,Cosmetics,31,7626,0,Weekday
2024-10-22,Mumbai,Electronics,25,61500,1,Weekday
2024-10-22,Mumbai,Clothing,54,41958,0,Weekday
2024-10-22,Mumbai,Groceries,71,7526,0,Weekday
2024-10-22,Mumbai,Furniture,17,61421,1,Weekday
2024-10-22,Mumbai,Cosmetics,27,5940,0,Weekday
2024-10-22,Bangalore,Electronics,29,34365,0,Weekday
2024-10-22,Bangalore,Clothing,46,41492,0,Weekday
2024-10-22,Bangalore,Groceries,76,5700,0,Weekday
2024-10-22,Bangalore,Furniture,12,47424,0,Weekday
2024-10-22,Bangalore,Cosmetics,29,22533,0,Weekday
2024-10-22,Hyderabad,Electronics,22,40612,0,Weekday
2024-10-22,Hyderabad,Clothing,50,26450,0,Weekday
2024-10-22,Hyderabad,Groceries,75,10125,0,Weekday
2024-10-22,Hyderabad,Furniture,11,61534,0,Weekday
2024-10-22,Hyderabad,Cosmetics,28,13804,0,Weekday
2024-10-23,Kolkata,Electronics,25,36875,0,Weekday
2024-10-23,Kolkata,Clothing,49,31213,0,Weekday
2024-10-23,Kolkata,Groceries,68,8364,1,Weekday
2024-10-23,Kolkata,Furniture,9,42822,0,Weekday
2024-10-23,Kolkata,Cosmetics,41,20664,1,Weekday
2024-10-23,Delhi,Electronics,26,64116,1,Weekday
2024-10-23,Delhi,Clothing,41,41205,0,Weekday
2024-10-23,Delhi,Groceries,49,7497,0,Weekday
2024-10-23,Delhi,Furniture,14,28812,1,Weekday
2024-10-23,Delhi,Cosmetics,34,9928,0,Weekday
2024-10-23,Mumbai,Electronics,27,38421,1,Weekday
2024-10-23,Mumbai,Clothing,47,29986,0,Weekday
2024-10-23,Mumbai,Groceries,72,8928,0,Weekday
2024-10-23,Mumbai,Furniture,12,28128,0,Weekday
2024-10-23,Mumbai,Cosmetics,28,12936,0,Weekday
2024-10-23,Bangalore,Electronics,30,31590,1,Weekday
2024-10-23,Bangalore,Clothing,48,24048,0,Weekday
2024-10-23,Bangalore,Groceries,73,3723,0,Weekday
2024-10-23,Bangalore,Furniture,13,66222,1,Weekday
2024-10-23,Bangalore,Cosmetics,27,16200,0,Weekday
2024-10-23,Hyderabad,Electronics,21,42798,0,Weekday
2024-10-23,Hyderabad,Clothing,54,28674,0,Weekday
2024-10-23,Hyderabad,Groceries,95,17385,0,Weekday
2024-10-23,Hyderabad,Furniture,13,59267,0,Weekday
2024-10-23,Hyderabad,Cosmetics,43,14534,1,Weekday
2024-10-24,Kolkata,Electronics,29,61219,1,Weekday
2024-10-24,Kolkata,Clothing,41,39114,0,Weekday
2024-10-24,Kolkata,Groceries,78,13650,1,Weekday
2024-10-24,Kolkata,Furniture,15,39765,1,Weekday
2024-10-24,Kolkata,Cosmetics,34,6936,0,Weekday
2024-10-24,Delhi,Electronics,29,60610,1,Weekday
2024-10-24,Delhi,Clothing,55,52690,0,Weekday
2024-10-24,Delhi,Groceries,89,10235,0,Weekday
2024-10-24,Delhi,Furniture,14,77546,0,Weekday
2024-10-24,Delhi,Cosmetics,33,11847,0,Weekday
2024-10-24,Mumbai,Electronics,26,43420,1,Weekday
2024-10-24,Mumbai,Clothing,45,52335,0,Weekday
2024-10-24,Mumbai,Groceries,53,7049,0,Weekday
2024-10-24,Mumbai,Furniture,12,42000,0,Weekday
2024-10-24,Mumbai,Cosmetics,40,17280,0,Weekday
2024-10-24,Bangalore,Electronics,24,31680,0,Weekday
2024-10-24,Bangalore,Clothing,43,25757,0,Weekday
2024-10-24,Bangalore,Groceries,95,5415,0,Weekday
2024-10-24,Bangalore,Furniture,17,98481,1,Weekday
2024-10-24,Bangalore,Cosmetics,33,14652,0,Weekday
2024-10-24,Hyderabad,Electronics,26,55354,0,Weekday
2024-10-24,Hyderabad,Clothing,51,51969,1,Weekday
2024-10-24,Hyderabad,Groceries,83,9213,0,Weekday
2024-10-24,Hyderabad,Furniture,11,27192,0,Weekday
2024-10-24,Hyderabad,Cosmetics,35,15645,0,Weekday
2024-10-25,Kolkata,Electronics,17,13821,1,Weekday
2024-10-25,Kolkata,Clothing,51,34527,0,Weekday
2024-10-25,Kolkata,Groceries,76,6232,0,Weekday
2024-10-25,Kolkata,Furniture,12,36972,0,Weekday
2024-10-25,Kolkata,Cosmetics,33,10494,1,Weekday
2024-10-25,Delhi,Electronics,29,58145,0,Weekday
2024-10-25,Delhi,Clothing,48,33744,0,Weekday
2024-10-25,Delhi,Groceries,91,9464,0,Weekday
2024-10-25,Delhi,Furniture,11,61798,0,Weekday
2024-10-25,Delhi,Cosmetics,25,14850,0,Weekday
2024-10-25,Mumbai,Electronics,26,49686,0,Weekday
2024-10-25,Mumbai,Clothing,38,26600,0,Weekday
2024-10-25,Mumbai,Groceries,93,10323,1,Weekday
2024-10-25,Mumbai,Furniture,13,62738,0,Weekday
2024-10-25,Mumbai,Cosmetics,23,17342,0,Weekday
2024-10-25,Bangalore,Electronics,27,56268,0,Weekday
2024-10-25,Bangalore,Clothing,41,25502,0,Weekday
2024-10-25,Bangalore,Groceries,65,3900,0,Weekday
2024-10-25,Bangalore,Furniture,13,28210,0,Weekday
2024-10-25,Bangalore,Cosmetics,30,16710,0,Weekday
2024-10-25,Hyderabad,Electronics,20,18240,0,Weekday
2024-10-25,Hyderabad,Clothing,40,31800,0,Weekday
2024-10-25,Hyderabad,Groceries,73,7373,0,Weekday
2024-10-25,Hyderabad,Furniture,12,27396,0,Weekday
2024-10-25,Hyderabad,Cosmetics,29,18415,0,Weekday
2024-10-26,Kolkata,Electronics,23,44919,0,Weekend
2024-10-26,Kolkata,Clothing,50,44450,0,Weekend
2024-10-26,Kolkata,Groceries,78,12636,0,Weekend
2024-10-26,Kolkata,Furniture,12,45180,0,Weekend
2024-10-26,Kolkata,Cosmetics,31,15190,0,Weekend
2024-10-26,Delhi,Electronics,22,38896,0,Weekend
2024-10-26,Delhi,Clothing,50,30000,0,Weekend
2024-10-26,Delhi,Groceries,53,7420,0,Weekend
2024-10-26,Delhi,Furniture,12,36696,1,Weekend
2024-10-26,Delhi,Cosmetics,24,10632,0,Weekend
2024-10-26,Mumbai,Electronics,23,28589,0,Weekend
2024-10-26,Mumbai,Clothing,55,18810,1,Weekend
2024-10-26,Mumbai,Groceries,71,9727,0,Weekend
2024-10-26,Mumbai,Furniture,16,43328,1,Weekend
2024-10-26,Mumbai,Cosmetics,29,18502,0,Weekend
2024-10-26,Bangalore,Electronics,21,30576,0,Weekend
2024-10-26,Bangalore,Clothing,33,16962,1,Weekend
2024-10-26,Bangalore,Groceries,80,11360,0,Weekend
2024-10-26,Bangalore,Furniture,12,58272,0,Weekend
2024-10-26,Bangalore,Cosmetics,32,14176,0,Weekend
2024-10-26,Hyderabad,Electronics,22,31174,0,Weekend
2024-10-26,Hyderabad,Clothing,47,16920,1,Weekend
2024-10-26,Hyderabad,Groceries,80,14640,0,Weekend
2024-10-26,Hyderabad,Furniture,16,72880,1,Weekend
2024-10-26,Hyderabad,Cosmetics,35,6720,0,Weekend
2024-10-27,Kolkata,Electronics,23,35719,0,Weekend
2024-10-27,Kolkata,Clothing,51,36669,1,Weekend
2024-10-27,Kolkata,Groceries,91,15379,1,Weekend
2024-10-27,Kolkata,Furniture,9,24003,0,Weekend
2024-10-27,Kolkata,Cosmetics,25,17450,0,Weekend
2024-10-27,Delhi,Electronics,28,58324,0,Weekend
2024-10-27,Delhi,Clothing,55,34430,1,Weekend
2024-10-27,Delhi,Groceries,88,5456,1,Weekend
2024-10-27,Delhi,Furniture,11,21736,0,Weekend
2024-10-27,Delhi,Cosmetics,45,29025,1,Weekend
2024-10-27,Mumbai,Electronics,26,28158,0,Weekend
2024-10-27,Mumbai,Clothing,43,34658,0,Weekend
2024-10-27,Mumbai,Groceries,87,7569,1,Weekend
2024-10-27,Mumbai,Furniture,12,47196,0,Weekend
2024-10-27,Mumbai,Cosmetics,35,16940,1,Weekend
2024-10-27,Bangalore,Electronics,23,23552,0,Weekend
2024-10-27,Bangalore,Clothing,39,33657,0,Weekend
2024-10-27,Bangalore,Groceries,101,11312,1,Weekend
2024-10-27,Bangalore,Furniture,15,45075,0,Weekend
2024-10-27,Bangalore,Cosmetics,34,5440,0,Weekend
2024-10-27,Hyderabad,Electronics,17,27404,0,Weekend
2024-10-27,Hyderabad,Clothing,38,40470,0,Weekend
2024-10-27,Hyderabad,Groceries,113,19210,1,Weekend
2024-10-27,Hyderabad,Furniture,10,36590,0,Weekend
2024-10-27,Hyderabad,Cosmetics,30,9480,1,Weekend
2024-10-28,Kolkata,Electronics,29,62553,0,Weekday
2024-10-28,Kolkata,Clothing,46,41078,0,Weekday
2024-10-28,Kolkata,Groceries,56,6328,0,Weekday
2024-10-28,Kolkata,Furniture,11,31273,0,Weekday
2024-10-28,Kolkata,Cosmetics,32,9856,0,Weekday
2024-10-28,Delhi,Electronics,32,63424,1,Weekday
2024-10-28,Delhi,Clothing,37,13320,0,Weekday
2024-10-28,Delhi,Groceries,89,4806,0,Weekday
2024-10-28,Delhi,Furniture,15,25725,0,Weekday
2024-10-28,Delhi,Cosmetics,36,23292,0,Weekday
2024-10-28,Mumbai,Electronics,21,25704,0,Weekday
2024-10-28,Mumbai,Clothing,44,30800,0,Weekday
2024-10-28,Mumbai,Groceries,82,5166,0,Weekday
2024-10-28,Mumbai,Furniture,14,23926,0,Weekday
2024-10-28,Mumbai,Cosmetics,31,17050,0,Weekday
2024-10-28,Bangalore,Electronics,31,63953,1,Weekday
2024-10-28,Bangalore,Clothing,40,42920,0,Weekday
2024-10-28,Bangalore,Groceries,64,6464,1,Weekday
2024-10-28,Bangalore,Furniture,9,34866,0,Weekday
2024-10-28,Bangalore,Cosmetics,39,30732,0,Weekday
2024-10-28,Hyderabad,Electronics,25,56300,0,Weekday
2024-10-28,Hyderabad,Clothing,37,22903,0,Weekday
2024-10-28,Hyderabad,Groceries,70,4340,1,Weekday
2024-10-28,Hyderabad,Furniture,12,44112,0,Weekday
2024-10-28,Hyderabad,Cosmetics,35,11410,0,Weekday
2024-10-29,Kolkata,Electronics,24,48072,0,Weekday
2024-10-29,Kolkata,Clothing,56,50120,0,Weekday
2024-10-29,Kolkata,Groceries,75,6600,1,Weekday
2024-10-29,Kolkata,Furniture,10,57480,0,Weekday
2024-10-29,Kolkata,Cosmetics,33,21978,0,Weekday
2024-10-29,Delhi,Electronics,28,50008,0,Weekday
2024-10-29,Delhi,Clothing,27,12609,0,Weekday
2024-10-29,Delhi,Groceries,71,13135,1,Weekday
2024-10-29,Delhi,Furniture,10,17150,1,Weekday
2024-10-29,Delhi,Cosmetics,33,19866,0,Weekday
2024-10-29,Mumbai,Electronics,26,53638,0,Weekday
2024-10-29,Mumbai,Clothing,43,40506,0,Weekday
2024-10-29,Mumbai,Groceries,77,7546,0,Weekday
2024-10-29,Mumbai,Furniture,11,30723,0,Weekday
2024-10-29,Mumbai,Cosmetics,37,13801,1,Weekday
2024-10-29,Bangalore,Electronics,17,33524,0,Weekday
2024-10-29,Bangalore,Clothing,53,36411,1,Weekday
2024-10-29,Bangalore,Groceries,99,16533,1,Weekday
2024-10-29,Bangalore,Furniture,13,28626,0,Weekday
2024-10-29,Bangalore,Cosmetics,32,24192,0,Weekday
2024-10-29,Hyderabad,Electronics,25,58450,0,Weekday
2024-10-29,Hyderabad,Clothing,49,26852,1,Weekday
2024-10-29,Hyderabad,Groceries,82,13612,0,Weekday
2024-10-29,Hyderabad,Furniture,14,36638,0,Weekday
2024-10-29,Hyderabad,Cosmetics,38,25384,0,Weekday
2024-10-30,Kolkata,Electronics,23,26979,0,Weekday
2024-10-30,Kolkata,Clothing,56,64848,1,Weekday
2024-10-30,Kolkata,Groceries,76,9652,0,Weekday
2024-10-30,Kolkata,Furniture,13,37544,0,Weekday
2024-10-30,Kolkata,Cosmetics,30,21600,0,Weekday
2024-10-30,Delhi,Electronics,29,38918,0,Weekday
2024-10-30,Delhi,Clothing,41,40180,0,Weekday
2024-10-30,Delhi,Groceries,64,11456,0,Weekday
2024-10-30,Delhi,Furniture,10,41120,0,Weekday
2024-10-30,Delhi,Cosmetics,37,10138,0,Weekday
2024-10-30,Mumbai,Electronics,27,28512,0,Weekday
2024-10-30,Mumbai,Clothing,46,24978,1,Weekday
2024-10-30,Mumbai,Groceries,89,15931,0,Weekday
2024-10-30,Mumbai,Furniture,11,22847,0,Weekday
2024-10-30,Mumbai,Cosmetics,26,7800,0,Weekday
2024-10-30,Bangalore,Electronics,19,25289,0,Weekday
2024-10-30,Bangalore,Clothing,39,36075,0,Weekday
2024-10-30,Bangalore,Groceries,93,17298,1,Weekday
2024-10-30,Bangalore,Furniture,8,29920,0,Weekday
2024-10-30,Bangalore,Cosmetics,33,25047,1,Weekday
2024-10-30,Hyderabad,Electronics,29,46110,0,Weekday
2024-10-30,Hyderabad,Clothing,34,21692,0,Weekday
2024-10-30,Hyderabad,Groceries,74,6660,0,Weekday
2024-10-30,Hyderabad,Furniture,13,44512,0,Weekday
2024-10-30,Hyderabad,Cosmetics,26,15860,0,Weekday
2024-10-31,Kolkata,Electronics,19,18088,0,Weekday
2024-10-31,Kolkata,Clothing,46,22816,0,Weekday
2024-10-31,Kolkata,Groceries,80,8880,0,Weekday
2024-10-31,Kolkata,Furniture,14,74802,1,Weekday
2024-10-31,Kolkata,Cosmetics,29,13224,0,Weekday
2024-10-31,Delhi,Electronics,27,36774,0,Weekday
2024-10-31,Delhi,Clothing,29,13804,0,Weekday
2024-10-31,Delhi,Groceries,69,6279,0,Weekday
2024-10-31,Delhi,Furniture,12,50088,0,Weekday
2024-10-31,Delhi,Cosmetics,28,16408,0,Weekday
2024-10-31,Mumbai,Electronics,27,28350,0,Weekday
2024-10-31,Mumbai,Clothing,43,25585,1,Weekday
2024-10-31,Mumbai,Groceries,83,15521,0,Weekday
2024-10-31,Mumbai,Furniture,11,28732,0,Weekday
2024-10-31,Mumbai,Cosmetics,32,24640,0,Weekday
2024-10-31,Bangalore,Electronics,29,66352,0,Weekday
2024-10-31,Bangalore,Clothing,37,22718,0,Weekday
2024-10-31,Bangalore,Groceries,94,17954,1,Weekday
2024-10-31,Bangalore,Furniture,13,45773,0,Weekday
2024-10-31,Bangalore,Cosmetics,30,11580,0,Weekday
2024-10-31,Hyderabad,Electronics,24,27048,0,Weekday
2024-10-31,Hyderabad,Clothing,50,33200,1,Weekday
2024-10-31,Hyderabad,Groceries,70,6230,0,Weekday
2024-10-31,Hyderabad,Furniture,11,57343,0,Weekday
2024-10-31,Hyderabad,Cosmetics,33,5016,0,Weekday
2024-11-01,Kolkata,Electronics,33,37851,1,Weekday
2024-11-01,Kolkata,Clothing,54,53946,0,Weekday
2024-11-01,Kolkata,Groceries,92,16468,1,Weekday
2024-11-01,Kolkata,Furniture,12,58956,0,Weekday
2024-11-01,Kolkata,Cosmetics,29,18154,0,Weekday
2024-11-01,Delhi,Electronics,26,47476,0,Weekday
2024-11-01,Delhi,Clothing,50,59950,1,Weekday
2024-11-01,Delhi,Groceries,79,15642,1,Weekday
2024-11-01,Delhi,Furniture,14,23338,0,Weekday
2024-11-01,Delhi,Cosmetics,28,13244,1,Weekday
2024-11-01,Mumbai,Electronics,29,31262,1,Weekday
2024-11-01,Mumbai,Clothing,50,25450,1,Weekday
2024-11-01,Mumbai,Groceries,70,13440,0,Weekday
2024-11-01,Mumbai,Furniture,11,50193,0,Weekday
2024-11-01,Mumbai,Cosmetics,40,7680,1,Weekday
2024-11-01,Bangalore,Electronics,24,38280,0,Weekday
2024-11-01,Bangalore,Clothing,63,62181,1,Weekday
2024-11-01,Bangalore,Groceries,92,18216,1,Weekday
2024-11-01,Bangalore,Furniture,13,19968,0,Weekday
2024-11-01,Bangalore,Cosmetics,27,17928,0,Weekday
2024-11-01,Hyderabad,Electronics,25,23975,0,Weekday
2024-11-01,Hyderabad,Clothing,54,44874,0,Weekday
2024-11-01,Hyderabad,Groceries,92,14352,0,Weekday
2024-11-01,Hyderabad,Furniture,12,27948,0,Weekday
2024-11-01,Hyderabad,Cosmetics,24,9504,0,Weekday
2024-11-02,Kolkata,Electronics,32,68672,1,Weekend
2024-11-02,Kolkata,Clothing,49,23373,1,Weekend
2024-11-02,Kolkata,Groceries,75,4500,1,Weekend
2024-11-02,Kolkata,Furniture,11,21538,1,Weekend
2024-11-02,Kolkata,Cosmetics,28,9212,1,Weekend
2024-11-02,Delhi,Electronics,27,23571,0,Weekend
2024-11-02,Delhi,Clothing,44,24156,0,Weekend
2024-11-02,Delhi,Groceries,68,12240,0,Weekend
2024-11-02,Delhi,Furniture,10,59350,0,Weekend
2024-11-02,Delhi,Cosmetics,35,17185,1,Weekend
2024-11-02,Mumbai,Electronics,24,51432,0,Weekend
2024-11-02,Mumbai,Clothing,49,34496,0,Weekend
2024-11-02,Mumbai,Groceries,74,6808,1,Weekend
2024-11-02,Mumbai,Furniture,12,37812,0,Weekend
2024-11-02,Mumbai,Cosmetics,45,13680,1,Weekend
2024-11-02,Bangalore,Electronics,24,47328,0,Weekend
2024-11-02,Bangalore,Clothing,43,33282,0,Weekend
2024-11-02,Bangalore,Groceries,99,9207,0,Weekend
2024-11-02,Bangalore,Furniture,13,39533,0,Weekend
2024-11-02,Bangalore,Cosmetics,33,8778,0,Weekend
2024-11-02,Hyderabad,Electronics,27,52164,1,Weekend
2024-11-02,Hyderabad,Clothing,47,22842,0,Weekend
2024-11-02,Hyderabad,Groceries,62,3782,0,Weekend
2024-11-02,Hyderabad,Furniture,12,40164,0,Weekend
2024-11-02,Hyderabad,Cosmetics,30,11910,0,Weekend
2024-11-03,Kolkata,Electronics,22,52866,1,Weekend
2024-11-03,Kolkata,Clothing,46,38456,0,Weekend
2024-11-03,Kolkata,Groceries,94,15228,1,Weekend
2024-11-03,Kolkata,Furniture,16,69760,1,Weekend
2024-11-03,Kolkata,Cosmetics,40,7960,1,Weekend
2024-11-03,Delhi,Electronics,22,36014,0,Weekend
2024-11-03,Delhi,Clothing,52,27612,1,Weekend
2024-11-03,Delhi,Groceries,58,6786,0,Weekend
2024-11-03,Delhi,Furniture,15,51435,1,Weekend
2024-11-03,Delhi,Cosmetics,31,24428,0,Weekend
2024-11-03,Mumbai,Electronics,25,52750,0,Weekend
2024-11-03,Mumbai,Clothing,48,28512,0,Weekend
2024-11-03,Mumbai,Groceries,75,11025,0,Weekend
2024-11-03,Mumbai,Furniture,17,98923,1,Weekend
2024-11-03,Mumbai,Cosmetics,36,8604,1,Weekend
2024-11-03,Bangalore,Electronics,22,54604,0,Weekend
2024-11-03,Bangalore,Clothing,37,36038,0,Weekend
2024-11-03,Bangalore,Groceries,106,14098,1,Weekend
2024-11-03,Bangalore,Furniture,13,43966,0,Weekend
2024-11-03,Bangalore,Cosmetics,30,20220,1,Weekend
2024-11-03,Hyderabad,Electronics,31,37603,0,Weekend
2024-11-03,Hyderabad,Clothing,59,58469,1,Weekend
2024-11-03,Hyderabad,Groceries,107,18297,1,Weekend
2024-11-03,Hyderabad,Furniture,13,32812,1,Weekend
2024-11-03,Hyderabad,Cosmetics,35,8995,1,Weekend
2024-11-04,Kolkata,Electronics,32,70528,0,Weekday
2024-11-04,Kolkata,Clothing,53,33602,1,Weekday
2024-11-04,Kolkata,Groceries,92,12328,1,Weekday
2024-11-04,Kolkata,Furniture,11,49522,0,Weekday
2024-11-04,Kolkata,Cosmetics,28,8736,0,Weekday
2024-11-04,Delhi,Electronics,23,22379,0,Weekday
2024-11-04,Delhi,Clothing,46,14444,1,Weekday
2024-11-04,Delhi,Groceries,81,10368,0,Weekday
2024-11-04,Delhi,Furniture,11,23177,0,Weekday
2024-11-04,Delhi,Cosmetics,38,10678,1,Weekday
2024-11-04,Mumbai,Electronics,17,15385,0,Weekday
2024-11-04,Mumbai,Clothing,52,37908,0,Weekday
2024-11-04,Mumbai,Groceries,72,10872,0,Weekday
2024-11-04,Mumbai,Furniture,16,39216,0,Weekday
2024-11-04,Mumbai,Cosmetics,27,20952,0,Weekday
2024-11-04,Bangalore,Electronics,27,58266,0,Weekday
2024-11-04,Bangalore,Clothing,46,21896,0,Weekday
2024-11-04,Bangalore,Groceries,86,16168,0,Weekday
2024-11-04,Bangalore,Furniture,13,45331,0,Weekday
2024-11-04,Bangalore,Cosmetics,34,18326,1,Weekday
2024-11-04,Hyderabad,Electronics,20,20880,0,Weekday
2024-11-04,Hyderabad,Clothing,52,60892,1,Weekday
2024-11-04,Hyderabad,Groceries,71,11928,0,Weekday
2024-11-04,Hyderabad,Furniture,15,41385,1,Weekday
2024-11-04,Hyderabad,Cosmetics,26,18278,0,Weekday
2024-11-05,Kolkata,Electronics,26,40638,0,Weekday
2024-11-05,Kolkata,Clothing,39,34749,0,Weekday
2024-11-05,Kolkata,Groceries,87,11919,0,Weekday
2024-11-05,Kolkata,Furniture,12,35664,0,Weekday
2024-11-05,Kolkata,Cosmetics,28,5124,0,Weekday
2024-11-05,Delhi,Electronics,26,48048,0,Weekday
2024-11-05,Delhi,Clothing,43,28767,0,Weekday
2024-11-05,Delhi,Groceries,72,5760,0,Weekday
2024-11-05,Delhi,Furniture,12,45348,1,Weekday
2024-11-05,Delhi,Cosmetics,32,11136,0,Weekday
2024-11-05,Mumbai,Electronics,27,32319,0,Weekday
2024-11-05,Mumbai,Clothing,49,37779,1,Weekday
2024-11-05,Mumbai,Groceries,87,15834,0,Weekday
2024-11-05,Mumbai,Furniture,12,52056,1,Weekday
2024-11-05,Mumbai,Cosmetics,23,3749,0,Weekday
2024-11-05,Bangalore,Electronics,28,39116,0,Weekday
2024-11-05,Bangalore,Clothing,52,50076,1,Weekday
2024-11-05,Bangalore,Groceries,81,11340,1,Weekday
2024-11-05,Bangalore,Furniture,13,35867,1,Weekday
2024-11-05,Bangalore,Cosmetics,35,19285,1,Weekday
2024-11-05,Hyderabad,Electronics,32,28672,0,Weekday
2024-11-05,Hyderabad,Clothing,43,30315,0,Weekday
2024-11-05,Hyderabad,Groceries,67,5427,0,Weekday
2024-11-05,Hyderabad,Furniture,9,31293,0,Weekday
2024-11-05,Hyderabad,Cosmetics,30,7410,0,Weekday
2024-11-06,Kolkata,Electronics,25,20500,0,Weekday
2024-11-06,Kolkata,Clothing,44,34320,0,Weekday
2024-11-06,Kolkata,Groceries,73,8176,0,Weekday
2024-11-06,Kolkata,Furniture,9,50994,0,Weekday
2024-11-06,Kolkata,Cosmetics,41,31529,0,Weekday
2024-11-06,Delhi,Electronics,25,38750,1,Weekday
2024-11-06,Delhi,Clothing,39,44148,0,Weekday
2024-11-06,Delhi,Groceries,88,15664,1,Weekday
2024-11-06,Delhi,Furniture,11,22121,0,Weekday
2024-11-06,Delhi,Cosmetics,37,6808,1,Weekday
2024-11-06,Mumbai,Electronics,22,47784,0,Weekday
2024-11-06,Mumbai,Clothing,62,46500,0,Weekday
2024-11-06,Mumbai,Groceries,91,14742,1,Weekday
2024-11-06,Mumbai,Furniture,12,49260,0,Weekday
2024-11-06,Mumbai,Cosmetics,34,17204,1,Weekday
2024-11-06,Bangalore,Electronics,27,47196,0,Weekday
2024-11-06,Bangalore,Clothing,41,30504,1,Weekday
2024-11-06,Bangalore,Groceries,67,10921,0,Weekday
2024-11-06,Bangalore,Furniture,15,41595,1,Weekday
2024-11-06,Bangalore,Cosmetics,24,13800,0,Weekday
2024-11-06,Hyderabad,Electronics,37,37962,1,Weekday
2024-11-06,Hyderabad,Clothing,34,11050,0,Weekday
2024-11-06,Hyderabad,Groceries,62,5022,0,Weekday
2024-11-06,Hyderabad,Furniture,15,29505,0,Weekday
2024-11-06,Hyderabad,Cosmetics,23,6141,0,Weekday
2024-11-07,Kolkata,Electronics,22,42174,0,Weekday
2024-11-07,Kolkata,Clothing,43,29068,0,Weekday
2024-11-07,Kolkata,Groceries,67,12596,0,Weekday
2024-11-07,Kolkata,Furniture,10,51390,0,Weekday
2024-11-07,Kolkata,Cosmetics,33,26301,1,Weekday
2024-11-07,Delhi,Electronics,20,34120,0,Weekday
2024-11-07,Delhi,Clothing,37,17871,0,Weekday
2024-11-07,Delhi,Groceries,88,8096,0,Weekday
2024-11-07,Delhi,Furniture,14,56854,0,Weekday
2024-11-07,Delhi,Cosmetics,32,17376,0,Weekday
2024-11-07,Mumbai,Electronics,28,25200,1,Weekday
2024-11-07,Mumbai,Clothing,41,46453,0,Weekday
2024-11-07,Mumbai,Groceries,88,4840,0,Weekday
2024-11-07,Mumbai,Furniture,16,92144,1,Weekday
2024-11-07,Mumbai,Cosmetics,37,16946,1,Weekday
2024-11-07,Bangalore,Electronics,22,54296,0,Weekday
2024-11-07,Bangalore,Clothing,33,28875,0,Weekday
2024-11-07,Bangalore,Groceries,71,11218,0,Weekday
2024-11-07,Bangalore,Furniture,15,50145,1,Weekday
2024-11-07,Bangalore,Cosmetics,30,4830,0,Weekday
2024-11-07,Hyderabad,Electronics,29,23635,0,Weekday
2024-11-07,Hyderabad,Clothing,54,36234,0,Weekday
2024-11-07,Hyderabad,Groceries,90,5850,0,Weekday
2024-11-07,Hyderabad,Furniture,12,37992,0,Weekday
2024-11-07,Hyderabad,Cosmetics,33,17952,0,Weekday
2024-11-08,Kolkata,Electronics,27,46332,0,Weekday
2024-11-08,Kolkata,Clothing,51,49827,1,Weekday
2024-11-08,Kolkata,Groceries,64,3968,0,Weekday
2024-11-08,Kolkata,Furniture,12,30072,0,Weekday
2024-11-08,Kolkata,Cosmetics,28,7196,0,Weekday
2024-11-08,Delhi,Electronics,24,35688,0,Weekday
2024-11-08,Delhi,Clothing,36,16236,0,Weekday
2024-11-08,Delhi,Groceries,91,15197,1,Weekday
2024-11-08,Delhi,Furniture,13,47060,0,Weekday
2024-11-08,Delhi,Cosmetics,32,10016,0,Weekday
2024-11-08,Mumbai,Electronics,22,25520,0,Weekday
2024-11-08,Mumbai,Clothing,48,26064,0,Weekday
2024-11-08,Mumbai,Groceries,79,4029,0,Weekday
2024-11-08,Mumbai,Furniture,15,50955,0,Weekday
2024-11-08,Mumbai,Cosmetics,31,7750,1,Weekday
2024-11-08,Bangalore,Electronics,38,54264,1,Weekday
2024-11-08,Bangalore,Clothing,39,32643,0,Weekday
2024-11-08,Bangalore,Groceries,76,9880,0,Weekday
2024-11-08,Bangalore,Furniture,12,30672,0,Weekday
2024-11-08,Bangalore,Cosmetics,27,6912,0,Weekday
2024-11-08,Hyderabad,Electronics,28,26600,0,Weekday
2024-11-08,Hyderabad,Clothing,44,47740,0,Weekday
2024-11-08,Hyderabad,Groceries,75,5775,0,Weekday
2024-11-08,Hyderabad,Furniture,12,42648,1,Weekday
2024-11-08,Hyderabad,Cosmetics,29,7134,0,Weekday
2024-11-09,Kolkata,Electronics,24,23784,1,Weekend
2024-11-09,Kolkata,Clothing,44,14564,1,Weekend
2024-11-09,Kolkata,Groceries,82,10578,1,Weekend
2024-11-09,Kolkata,Furniture,14,45738,1,Weekend
2024-11-09,Kolkata,Cosmetics,31,23932,0,Weekend
2024-11-09,Delhi,Electronics,27,23220,1,Weekend
2024-11-09,Delhi,Clothing,36,28944,0,Weekend
2024-11-09,Delhi,Groceries,78,10608,0,Weekend
2024-11-09,Delhi,Furniture,11,38313,0,Weekend
2024-11-09,Delhi,Cosmetics,37,6105,1,Weekend
2024-11-09,Mumbai,Electronics,31,72664,1,Weekend
2024-11-09,Mumbai,Clothing,28,22120,0,Weekend
2024-11-09,Mumbai,Groceries,101,17675,1,Weekend
2024-11-09,Mumbai,Furniture,11,24156,0,Weekend
2024-11-09,Mumbai,Cosmetics,30,22170,0,Weekend
2024-11-09,Bangalore,Electronics,23,35834,0,Weekend
2024-11-09,Bangalore,Clothing,49,58065,1,Weekend
2024-11-09,Bangalore,Groceries,54,3240,0,Weekend
2024-11-09,Bangalore,Furniture,15,35985,1,Weekend
2024-11-09,Bangalore,Cosmetics,28,12824,0,Weekend
2024-11-09,Hyderabad,Electronics,29,54636,1,Weekend
2024-11-09,Hyderabad,Clothing,55,24420,1,Weekend
2024-11-09,Hyderabad,Groceries,105,6615,1,Weekend
2024-11-09,Hyderabad,Furniture,9,25038,1,Weekend
2024-11-09,Hyderabad,Cosmetics,28,14700,1,Weekend
2024-11-10,Kolkata,Electronics,21,29085,0,Weekend
2024-11-10,Kolkata,Clothing,42,42630,1,Weekend
2024-11-10,Kolkata,Groceries,75,12375,1,Weekend
2024-11-10,Kolkata,Furniture,10,39880,0,Weekend
2024-11-10,Kolkata,Cosmetics,26,14950,1,Weekend
2024-11-10,Delhi,Electronics,21,25830,1,Weekend
2024-11-10,Delhi,Clothing,57,46113,1,Weekend
2024-11-10,Delhi,Groceries,100,7000,0,Weekend
2024-11-10,Delhi,Furniture,10,19780,0,Weekend
2024-11-10,Delhi,Cosmetics,38,24282,1,Weekend
2024-11-10,Mumbai,Electronics,27,34128,0,Weekend
2024-11-10,Mumbai,Clothing,42,20706,0,Weekend
2024-11-10,Mumbai,Groceries,67,10452,0,Weekend
2024-11-10,Mumbai,Furniture,14,66178,1,Weekend
2024-11-10,Mumbai,Cosmetics,24,9768,0,Weekend
2024-11-10,Bangalore,Electronics,31,49693,1,Weekend
2024-11-10,Bangalore,Clothing,45,24615,0,Weekend
2024-11-10,Bangalore,Groceries,80,14400,0,Weekend
2024-11-10,Bangalore,Furniture,13,65429,0,Weekend
2024-11-10,Bangalore,Cosmetics,24,13512,0,Weekend
2024-11-10,Hyderabad,Electronics,26,64246,1,Weekend
2024-11-10,Hyderabad,Clothing,52,30056,0,Weekend
2024-11-10,Hyderabad,Groceries,67,9045,1,Weekend
2024-11-10,Hyderabad,Furniture,14,59892,0,Weekend
2024-11-10,Hyderabad,Cosmetics,26,14118,1,Weekend
2024-11-11,Kolkata,Electronics,28,50176,0,Weekday
2024-11-11,Kolkata,Clothing,35,29610,0,Weekday
2024-11-11,Kolkata,Groceries,62,3472,0,Weekday
2024-11-11,Kolkata,Furniture,11,18271,0,Weekday
2024-11-11,Kolkata,Cosmetics,27,16875,0,Weekday
2024-11-11,Delhi,Electronics,26,46592,0,Weekday
2024-11-11,Delhi,Clothing,54,37260,1,Weekday
2024-11-11,Delhi,Groceries,78,10374,0,Weekday
2024-11-11,Delhi,Furniture,11,54142,0,Weekday
2024-11-11,Delhi,Cosmetics,28,5684,0,Weekday
2024-11-11,Mumbai,Electronics,24,27168,0,Weekday
2024-11-11,Mumbai,Clothing,48,29088,0,Weekday
2024-11-11,Mumbai,Groceries,65,6565,0,Weekday
2024-11-11,Mumbai,Furniture,12,59328,0,Weekday
2024-11-11,Mumbai,Cosmetics,33,21615,0,Weekday
2024-11-11,Bangalore,Electronics,30,52860,0,Weekday
2024-11-11,Bangalore,Clothing,35,14175,0,Weekday
2024-11-11,Bangalore,Groceries,59,5782,0,Weekday
2024-11-11,Bangalore,Furniture,9,42426,0,Weekday
2024-11-11,Bangalore,Cosmetics,29,11977,0,Weekday
2024-11-11,Hyderabad,Electronics,30,66600,0,Weekday
2024-11-11,Hyderabad,Clothing,39,42315,0,Weekday
2024-11-11,Hyderabad,Groceries,95,7220,1,Weekday
2024-11-11,Hyderabad,Furniture,13,51142,0,Weekday
2024-11-11,Hyderabad,Cosmetics,38,24852,0,Weekday
2024-11-12,Kolkata,Electronics,16,13600,0,Weekday
2024-11-12,Kolkata,Clothing,44,22528,0,Weekday
2024-11-12,Kolkata,Groceries,84,4452,0,Weekday
2024-11-12,Kolkata,Furniture,13,34099,0,Weekday
2024-11-12,Kolkata,Cosmetics,28,16184,0,Weekday
2024-11-12,Delhi,Electronics,22,21538,0,Weekday
2024-11-12,Delhi,Clothing,52,18876,0,Weekday
2024-11-12,Delhi,Groceries,95,17955,0,Weekday
2024-11-12,Delhi,Furniture,15,62385,1,Weekday
2024-11-12,Delhi,Cosmetics,24,13392,0,Weekday
2024-11-12,Mumbai,Electronics,23,37789,0,Weekday
2024-11-12,Mumbai,Clothing,48,26976,0,Weekday
2024-11-12,Mumbai,Groceries,84,12432,0,Weekday
2024-11-12,Mumbai,Furniture,13,52000,0,Weekday
2024-11-12,Mumbai,Cosmetics,34,18666,0,Weekday
2024-11-12,Bangalore,Electronics,30,54690,1,Weekday
2024-11-12,Bangalore,Clothing,49,56154,0,Weekday
2024-11-12,Bangalore,Groceries,95,7220,0,Weekday
2024-11-12,Bangalore,Furniture,13,66326,0,Weekday
2024-11-12,Bangalore,Cosmetics,20,12680,0,Weekday
2024-11-12,Hyderabad,Electronics,25,22625,0,Weekday
2024-11-12,Hyderabad,Clothing,56,61992,0,Weekday
2024-11-12,Hyderabad,Groceries,118,18172,1,Weekday
2024-11-12,Hyderabad,Furniture,12,70044,0,Weekday
2024-11-12,Hyderabad,Cosmetics,30,9990,0,Weekday
2024-11-13,Kolkata,Electronics,21,34209,0,Weekday
2024-11-13,Kolkata,Clothing,46,30038,0,Weekday
2024-11-13,Kolkata,Groceries,85,13940,1,Weekday
2024-11-13,Kolkata,Furniture,15,49215,0,Weekday
2024-11-13,Kolkata,Cosmetics,37,23939,0,Weekday
2024-11-13,Delhi,Electronics,26,41730,0,Weekday
2024-11-13,Delhi,Clothing,50,48150,1,Weekday
2024-11-13,Delhi,Groceries,75,14175,0,Weekday
2024-11-13,Delhi,Furniture,11,16621,0,Weekday
2024-11-13,Delhi,Cosmetics,36,16632,1,Weekday
2024-11-13,Mumbai,Electronics,30,45870,1,Weekday
2024-11-13,Mumbai,Clothing,49,25137,0,Weekday
2024-11-13,Mumbai,Groceries,52,8788,1,Weekday
2024-11-13,Mumbai,Furniture,14,30184,0,Weekday
2024-11-13,Mumbai,Cosmetics,25,15625,0,Weekday
2024-11-13,Bangalore,Electronics,21,29883,0,Weekday
2024-11-13,Bangalore,Clothing,47,33887,0,Weekday
2024-11-13,Bangalore,Groceries,69,10626,0,Weekday
2024-11-13,Bangalore,Furniture,12,26640,0,Weekday
2024-11-13,Bangalore,Cosmetics,34,26078,1,Weekday
2024-11-13,Hyderabad,Electronics,24,58320,0,Weekday
2024-11-13,Hyderabad,Clothing,47,26931,0,Weekday
2024-11-13,Hyderabad,Groceries,89,8099,0,Weekday
2024-11-13,Hyderabad,Furniture,11,36575,0,Weekday
2024-11-13,Hyderabad,Cosmetics,27,15876,0,Weekday
2024-11-14,Kolkata,Electronics,30,64080,1,Weekday
2024-11-14,Kolkata,Clothing,51,42738,0,Weekday
2024-11-14,Kolkata,Groceries,78,7332,0,Weekday
2024-11-14,Kolkata,Furniture,10,37990,0,Weekday
2024-11-14,Kolkata,Cosmetics,35,24675,0,Weekday
2024-11-14,Delhi,Electronics,27,28269,0,Weekday
2024-11-14,Delhi,Clothing,42,27216,0,Weekday
2024-11-14,Delhi,Groceries,65,8905,0,Weekday
2024-11-14,Delhi,Furniture,14,63294,1,Weekday
2024-11-14,Delhi,Cosmetics,34,8874,0,Weekday
2024-11-14,Mumbai,Electronics,18,19926,0,Weekday
2024-11-14,Mumbai,Clothing,31,32178,1,Weekday
2024-11-14,Mumbai,Groceries,75,14100,0,Weekday
2024-11-14,Mumbai,Furniture,13,70824,1,Weekday
2024-11-14,Mumbai,Cosmetics,24,12336,0,Weekday
2024-11-14,Bangalore,Electronics,22,22110,0,Weekday
2024-11-14,Bangalore,Clothing,39,12597,0,Weekday
2024-11-14,Bangalore,Groceries,84,10500,0,Weekday
2024-11-14,Bangalore,Furniture,12,61620,0,Weekday
2024-11-14,Bangalore,Cosmetics,35,14455,0,Weekday
2024-11-14,Hyderabad,Electronics,25,44300,1,Weekday
2024-11-14,Hyderabad,Clothing,38,40964,0,Weekday
2024-11-14,Hyderabad,Groceries,75,13875,0,Weekday
2024-11-14,Hyderabad,Furniture,12,30240,1,Weekday
2024-11-14,Hyderabad,Cosmetics,29,15283,0,Weekday
2024-11-15,Kolkata,Electronics,31,42253,1,Weekday
2024-11-15,Kolkata,Clothing,48,24912,1,Weekday
2024-11-15,Kolkata,Groceries,82,5658,0,Weekday
2024-11-15,Kolkata,Furniture,11,51271,0,Weekday
2024-11-15,Kolkata,Cosmetics,26,5304,0,Weekday
2024-11-15,Delhi,Electronics,21,47166,1,Weekday
2024-11-15,Delhi,Clothing,40,38840,0,Weekday
2024-11-15,Delhi,Groceries,90,9810,0,Weekday
2024-11-15,Delhi,Furniture,12,65064,1,Weekday
2024-11-15,Delhi,Cosmetics,22,11198,0,Weekday
2024-11-15,Mumbai,Electronics,26,37414,0,Weekday
2024-11-15,Mumbai,Clothing,49,16268,1,Weekday
2024-11-15,Mumbai,Groceries,88,7656,1,Weekday
2024-11-15,Mumbai,Furniture,10,23330,0,Weekday
2024-11-15,Mumbai,Cosmetics,36,25308,0,Weekday
2024-11-15,Bangalore,Electronics,24,31872,0,Weekday
2024-11-15,Bangalore,Clothing,44,37268,0,Weekday
2024-11-15,Bangalore,Groceries,54,4428,0,Weekday
2024-11-15,Bangalore,Furniture,12,52392,0,Weekday
2024-11-15,Bangalore,Cosmetics,33,14586,0,Weekday
2024-11-15,Hyderabad,Electronics,22,29854,0,Weekday
2024-11-15,Hyderabad,Clothing,44,48136,0,Weekday
2024-11-15,Hyderabad,Groceries,73,14527,0,Weekday
2024-11-15,Hyderabad,Furniture,13,34619,0,Weekday
2024-11-15,Hyderabad,Cosmetics,35,19985,0,Weekday
2024-11-16,Kolkata,Electronics,32,51456,1,Weekend
2024-11-16,Kolkata,Clothing,46,32200,0,Weekend
2024-11-16,Kolkata,Groceries,45,4365,0,Weekend
2024-11-16,Kolkata,Furniture,15,65760,1,Weekend
2024-11-16,Kolkata,Cosmetics,37,25641,1,Weekend
2024-11-16,Delhi,Electronics,23,18584,1,Weekend
2024-11-16,Delhi,Clothing,38,41534,0,Weekend
2024-11-16,Delhi,Groceries,86,7396,0,Weekend
2024-11-16,Delhi,Furniture,16,95280,0,Weekend
2024-11-16,Delhi,Cosmetics,28,22344,0,Weekend
2024-11-16,Mumbai,Electronics,24,20568,0,Weekend
2024-11-16,Mumbai,Clothing,39,15171,0,Weekend
2024-11-16,Mumbai,Groceries,71,9940,0,Weekend
2024-11-16,Mumbai,Furniture,14,38570,0,Weekend
2024-11-16,Mumbai,Cosmetics,43,22704,1,Weekend
2024-11-16,Bangalore,Electronics,28,46956,1,Weekend
2024-11-16,Bangalore,Clothing,46,40250,0,Weekend
2024-11-16,Bangalore,Groceries,87,13833,1,Weekend
2024-11-16,Bangalore,Furniture,11,33968,0,Weekend
2024-11-16,Bangalore,Cosmetics,40,30360,1,Weekend
2024-11-16,Hyderabad,Electronics,30,58920,1,Weekend
2024-11-16,Hyderabad,Clothing,54,39636,1,Weekend
2024-11-16,Hyderabad,Groceries,73,7811,1,Weekend
2024-11-16,Hyderabad,Furniture,11,60412,1,Weekend
2024-11-16,Hyderabad,Cosmetics,33,14652,0,Weekend
2024-11-17,Kolkata,Electronics,28,64988,1,Weekend
2024-11-17,Kolkata,Clothing,56,28000,1,Weekend
2024-11-17,Kolkata,Groceries,87,9483,1,Weekend
2024-11-17,Kolkata,Furniture,14,47460,0,Weekend
2024-11-17,Kolkata,Cosmetics,38,20140,1,Weekend
2024-11-17,Delhi,Electronics,23,39123,0,Weekend
2024-11-17,Delhi,Clothing,45,17100,0,Weekend
2024-11-17,Delhi,Groceries,101,18584,1,Weekend
2024-11-17,Delhi,Furniture,8,43648,0,Weekend
2024-11-17,Delhi,Cosmetics,31,8866,0,Weekend
2024-11-17,Mumbai,Electronics,27,52623,0,Weekend
2024-11-17,Mumbai,Clothing,57,37449,1,Weekend
2024-11-17,Mumbai,Groceries,87,11397,0,Weekend
2024-11-17,Mumbai,Furniture,11,29513,0,Weekend
2024-11-17,Mumbai,Cosmetics,38,25612,0,Weekend
2024-11-17,Bangalore,Electronics,22,28688,0,Weekend
2024-11-17,Bangalore,Clothing,44,29128,0,Weekend
2024-11-17,Bangalore,Groceries,71,11147,1,Weekend
2024-11-17,Bangalore,Furniture,12,36012,0,Weekend
2024-11-17,Bangalore,Cosmetics,32,8384,1,Weekend
2024-11-17,Hyderabad,Electronics,24,55008,0,Weekend
2024-11-17,Hyderabad,Clothing,54,54864,0,Weekend
2024-11-17,Hyderabad,Groceries,94,17296,0,Weekend
2024-11-17,Hyderabad,Furniture,14,37884,1,Weekend
2024-11-17,Hyderabad,Cosmetics,33,20889,1,Weekend
2024-11-18,Kolkata,Electronics,30,69390,0,Weekday
2024-11-18,Kolkata,Clothing,54,63774,0,Weekday
2024-11-18,Kolkata,Groceries,85,4845,0,Weekday
2024-11-18,Kolkata,Furniture,10,37730,1,Weekday
2024-11-18,Kolkata,Cosmetics,31,23591,0,Weekday
2024-11-18,Delhi,Electronics,23,35535,0,Weekday
2024-11-18,Delhi,Clothing,47,48739,0,Weekday
2024-11-18,Delhi,Groceries,90,12330,0,Weekday
2024-11-18,Delhi,Furniture,13,47463,0,Weekday
2024-11-18,Delhi,Cosmetics,32,13440,0,Weekday
2024-11-18,Mumbai,Electronics,22,22836,0,Weekday
2024-11-18,Mumbai,Clothing,42,31500,0,Weekday
2024-11-18,Mumbai,Groceries,93,10602,0,Weekday
2024-11-18,Mumbai,Furniture,13,43953,0,Weekday
2024-11-18,Mumbai,Cosmetics,31,10819,0,Weekday
2024-11-18,Bangalore,Electronics,25,43625,1,Weekday
2024-11-18,Bangalore,Clothing,44,38236,0,Weekday
2024-11-18,Bangalore,Groceries,86,11524,1,Weekday
2024-11-18,Bangalore,Furniture,10,26310,0,Weekday
2024-11-18,Bangalore,Cosmetics,28,6216,1,Weekday
2024-11-18,Hyderabad,Electronics,25,23925,0,Weekday
2024-11-18,Hyderabad,Clothing,45,27585,0,Weekday
2024-11-18,Hyderabad,Groceries,78,6006,0,Weekday
2024-11-18,Hyderabad,Furniture,13,39793,1,Weekday
2024-11-18,Hyderabad,Cosmetics,38,26372,1,Weekday
2024-11-19,Kolkata,Electronics,27,41094,0,Weekday
2024-11-19,Kolkata,Clothing,48,23040,1,Weekday
2024-11-19,Kolkata,Groceries,62,6200,0,Weekday
2024-11-19,Kolkata,Furniture,13,27560,1,Weekday
2024-11-19,Kolkata,Cosmetics,40,25520,1,Weekday
2024-11-19,Delhi,Electronics,30,32790,1,Weekday
2024-11-19,Delhi,Clothing,56,39760,0,Weekday
2024-11-19,Delhi,Groceries,99,17523,1,Weekday
2024-11-19,Delhi,Furniture,13,22724,0,Weekday
2024-11-19,Delhi,Cosmetics,33,7425,0,Weekday
2024-11-19,Mumbai,Electronics,20,34080,0,Weekday
2024-11-19,Mumbai,Clothing,54,33804,0,Weekday
2024-11-19,Mumbai,Groceries,85,15810,0,Weekday
2024-11-19,Mumbai,Furniture,9,18423,0,Weekday
2024-11-19,Mumbai,Cosmetics,30,10770,1,Weekday
2024-11-19,Bangalore,Electronics,26,60502,0,Weekday
2024-11-19,Bangalore,Clothing,42,12810,0,Weekday
2024-11-19,Bangalore,Groceries,84,11088,0,Weekday
2024-11-19,Bangalore,Furniture,15,43425,1,Weekday
2024-11-19,Bangalore,Cosmetics,30,10050,1,Weekday
2024-11-19,Hyderabad,Electronics,21,47859,0,Weekday
2024-11-19,Hyderabad,Clothing,43,18361,0,Weekday
2024-11-19,Hyderabad,Groceries,82,5904,0,Weekday
2024-11-19,Hyderabad,Furniture,13,41171,1,Weekday
2024-11-19,Hyderabad,Cosmetics,44,34408,1,Weekday
2024-11-20,Kolkata,Electronics,29,47241,1,Weekday
2024-11-20,Kolkata,Clothing,43,37324,1,Weekday
2024-11-20,Kolkata,Groceries,78,9672,0,Weekday
2024-11-20,Kolkata,Furniture,16,78192,1,Weekday
2024-11-20,Kolkata,Cosmetics,33,20427,0,Weekday
2024-11-20,Delhi,Electronics,21,17766,1,Weekday
2024-11-20,Delhi,Clothing,45,32625,1,Weekday
2024-11-20,Delhi,Groceries,74,3922,0,Weekday
2024-11-20,Delhi,Furniture,12,34272,0,Weekday
2024-11-20,Delhi,Cosmetics,40,9960,1,Weekday
2024-11-20,Mumbai,Electronics,17,36023,0,Weekday
2024-11-20,Mumbai,Clothing,43,23048,0,Weekday
2024-11-20,Mumbai,Groceries,53,9805,0,Weekday
2024-11-20,Mumbai,Furniture,13,34203,1,Weekday
2024-11-20,Mumbai,Cosmetics,38,21014,1,Weekday
2024-11-20,Bangalore,Electronics,27,65475,0,Weekday
2024-11-20,Bangalore,Clothing,34,32742,0,Weekday
2024-11-20,Bangalore,Groceries,97,13289,0,Weekday
2024-11-20,Bangalore,Furniture,11,60742,0,Weekday
2024-11-20,Bangalore,Cosmetics,28,21420,0,Weekday
2024-11-20,Hyderabad,Electronics,21,40299,0,Weekday
2024-11-20,Hyderabad,Clothing,41,43747,0,Weekday
2024-11-20,Hyderabad,Groceries,75,9300,0,Weekday
2024-11-20,Hyderabad,Furniture,12,54324,0,Weekday
2024-11-20,Hyderabad,Cosmetics,36,8568,0,Weekday
2024-11-21,Kolkata,Electronics,22,51568,0,Weekday
2024-11-21,Kolkata,Clothing,47,48175,1,Weekday
2024-11-21,Kolkata,Groceries,87,16878,0,Weekday
2024-11-21,Kolkata,Furniture,11,24530,0,Weekday
2024-11-21,Kolkata,Cosmetics,29,11252,0,Weekday
2024-11-21,Delhi,Electronics,26,36296,0,Weekday
2024-11-21,Delhi,Clothing,41,24723,0,Weekday
2024-11-21,Delhi,Groceries,74,9250,0,Weekday
2024-11-21,Delhi,Furniture,10,27110,0,Weekday
2024-11-21,Delhi,Cosmetics,25,14700,0,Weekday
2024-11-21,Mumbai,Electronics,27,35154,0,Weekday
2024-11-21,Mumbai,Clothing,54,51948,0,Weekday
2024-11-21,Mumbai,Groceries,95,17860,1,Weekday
2024-11-21,Mumbai,Furniture,11,25542,0,Weekday
2024-11-21,Mumbai,Cosmetics,32,16096,1,Weekday
2024-11-21,Bangalore,Electronics,24,22608,0,Weekday
2024-11-21,Bangalore,Clothing,52,53560,0,Weekday
2024-11-21,Bangalore,Groceries,87,17313,0,Weekday
2024-11-21,Bangalore,Furniture,15,34095,1,Weekday
2024-11-21,Bangalore,Cosmetics,25,14150,0,Weekday
2024-11-21,Hyderabad,Electronics,27,40851,1,Weekday
2024-11-21,Hyderabad,Clothing,38,30362,0,Weekday
2024-11-21,Hyderabad,Groceries,77,8393,1,Weekday
2024-11-21,Hyderabad,Furniture,14,76874,0,Weekday
2024-11-21,Hyderabad,Cosmetics,33,21747,0,Weekday
2024-11-22,Kolkata,Electronics,25,27450,0,Weekday
2024-11-22,Kolkata,Clothing,37,41884,0,Weekday
2024-11-22,Kolkata,Groceries,84,12180,0,Weekday
2024-11-22,Kolkata,Furniture,12,46536,1,Weekday
2024-11-22,Kolkata,Cosmetics,35,23800,0,Weekday
2024-11-22,Delhi,Electronics,26,53742,0,Weekday
2024-11-22,Delhi,Clothing,38,29792,1,Weekday
2024-11-22,Delhi,Groceries,76,9728,1,Weekday
2024-11-22,Delhi,Furniture,9,37773,0,Weekday
2024-11-22,Delhi,Cosmetics,29,5423,0,Weekday
2024-11-22,Mumbai,Electronics,25,48150,0,Weekday
2024-11-22,Mumbai,Clothing,50,34500,1,Weekday
2024-11-22,Mumbai,Groceries,74,6956,0,Weekday
2024-11-22,Mumbai,Furniture,8,19392,0,Weekday
2024-11-22,Mumbai,Cosmetics,23,9315,0,Weekday
2024-11-22,Bangalore,Electronics,24,56904,1,Weekday
2024-11-22,Bangalore,Clothing,34,29988,0,Weekday
2024-11-22,Bangalore,Groceries,80,15920,0,Weekday
2024-11-22,Bangalore,Furniture,9,51651,0,Weekday
2024-11-22,Bangalore,Cosmetics,37,28453,1,Weekday
2024-11-22,Hyderabad,Electronics,25,38525,0,Weekday
2024-11-22,Hyderabad,Clothing,50,45000,0,Weekday
2024-11-22,Hyderabad,Groceries,59,10974,0,Weekday
2024-11-22,Hyderabad,Furniture,11,45364,0,Weekday
2024-11-22,Hyderabad,Cosmetics,29,7888,0,Weekday
2024-11-23,Kolkata,Electronics,32,58368,0,Weekend
2024-11-23,Kolkata,Clothing,50,53800,0,Weekend
2024-11-23,Kolkata,Groceries,98,5586,0,Weekend
2024-11-23,Kolkata,Furniture,13,60723,0,Weekend
2024-11-23,Kolkata,Cosmetics,37,28490,0,Weekend
2024-11-23,Delhi,Electronics,20,22340,0,Weekend
2024-11-23,Delhi,Clothing,46,41262,1,Weekend
2024-11-23,Delhi,Groceries,98,8624,0,Weekend
2024-11-23,Delhi,Furniture,15,62580,0,Weekend
2024-11-23,Delhi,Cosmetics,44,14652,1,Weekend
2024-11-23,Mumbai,Electronics,25,39725,0,Weekend
2024-11-23,Mumbai,Clothing,39,27729,1,Weekend
2024-11-23,Mumbai,Groceries,68,13464,1,Weekend
2024-11-23,Mumbai,Furniture,12,60780,1,Weekend
2024-11-23,Mumbai,Cosmetics,35,19320,0,Weekend
2024-11-23,Bangalore,Electronics,24,25272,0,Weekend
2024-11-23,Bangalore,Clothing,47,45590,1,Weekend
2024-11-23,Bangalore,Groceries,94,16920,1,Weekend
2024-11-23,Bangalore,Furniture,12,31224,1,Weekend
2024-11-23,Bangalore,Cosmetics,31,5301,0,Weekend
2024-11-23,Hyderabad,Electronics,34,72216,0,Weekend
2024-11-23,Hyderabad,Clothing,55,25410,0,Weekend
2024-11-23,Hyderabad,Groceries,97,8245,1,Weekend
2024-11-23,Hyderabad,Furniture,16,85728,0,Weekend
2024-11-23,Hyderabad,Cosmetics,39,27963,1,Weekend
2024-11-24,Kolkata,Electronics,25,55925,0,Weekend
2024-11-24,Kolkata,Clothing,39,15366,0,Weekend
2024-11-24,Kolkata,Groceries,68,11832,0,Weekend
2024-11-24,Kolkata,Furniture,17,80291,1,Weekend
2024-11-24,Kolkata,Cosmetics,38,22192,1,Weekend
2024-11-24,Delhi,Electronics,22,47718,0,Weekend
2024-11-24,Delhi,Clothing,57,33288,1,Weekend
2024-11-24,Delhi,Groceries,77,4235,0,Weekend
2024-11-24,Delhi,Furniture,12,57084,1,Weekend
2024-11-24,Delhi,Cosmetics,35,22680,1,Weekend
2024-11-24,Mumbai,Electronics,22,40722,0,Weekend
2024-11-24,Mumbai,Clothing,36,12348,0,Weekend
2024-11-24,Mumbai,Groceries,67,10720,0,Weekend
2024-11-24,Mumbai,Furniture,13,60645,0,Weekend
2024-11-24,Mumbai,Cosmetics,41,12505,1,Weekend
2024-11-24,Bangalore,Electronics,24,40368,1,Weekend
2024-11-24,Bangalore,Clothing,52,31980,1,Weekend
2024-11-24,Bangalore,Groceries,69,7038,0,Weekend
2024-11-24,Bangalore,Furniture,12,44580,0,Weekend
2024-11-24,Bangalore,Cosmetics,39,20553,0,Weekend
2024-11-24,Hyderabad,Electronics,31,32891,1,Weekend
2024-11-24,Hyderabad,Clothing,54,58158,1,Weekend
2024-11-24,Hyderabad,Groceries,67,9514,0,Weekend
2024-11-24,Hyderabad,Furniture,12,36312,0,Weekend
2024-11-24,Hyderabad,Cosmetics,31,16709,0,Weekend
2024-11-25,Kolkata,Electronics,26,49010,0,Weekday
2024-11-25,Kolkata,Clothing,44,28336,0,Weekday
2024-11-25,Kolkata,Groceries,78,15444,0,Weekday
2024-11-25,Kolkata,Furniture,10,49740,0,Weekday
2024-11-25,Kolkata,Cosmetics,42,33264,1,Weekday
2024-11-25,Delhi,Electronics,24,38736,1,Weekday
2024-11-25,Delhi,Clothing,59,40297,0,Weekday
2024-11-25,Delhi,Groceries,84,8316,0,Weekday
2024-11-25,Delhi,Furniture,16,30512,1,Weekday
2024-11-25,Delhi,Cosmetics,30,19350,0,Weekday
2024-11-25,Mumbai,Electronics,30,36510,1,Weekday
2024-11-25,Mumbai,Clothing,44,34364,0,Weekday
2024-11-25,Mumbai,Groceries,68,12376,0,Weekday
2024-11-25,Mumbai,Furniture,15,32190,0,Weekday
2024-11-25,Mumbai,Cosmetics,35,18410,0,Weekday
2024-11-25,Bangalore,Electronics,18,31698,0,Weekday
2024-11-25,Bangalore,Clothing,46,29624,0,Weekday
2024-11-25,Bangalore,Groceries,84,5628,0,Weekday
2024-11-25,Bangalore,Furniture,13,65858,0,Weekday
2024-11-25,Bangalore,Cosmetics,27,18819,0,Weekday
2024-11-25,Hyderabad,Electronics,36,65880,1,Weekday
2024-11-25,Hyderabad,Clothing,49,47677,0,Weekday
2024-11-25,Hyderabad,Groceries,73,7446,0,Weekday
2024-11-25,Hyderabad,Furniture,11,47487,0,Weekday
2024-11-25,Hyderabad,Cosmetics,24,8832,0,Weekday
2024-11-26,Kolkata,Electronics,22,30294,0,Weekday
2024-11-26,Kolkata,Clothing,39,44811,0,Weekday
2024-11-26,Kolkata,Groceries,75,4575,0,Weekday
2024-11-26,Kolkata,Furniture,14,40446,0,Weekday
2024-11-26,Kolkata,Cosmetics,35,27265,0,Weekday
2024-11-26,Delhi,Electronics,30,44010,1,Weekday
2024-11-26,Delhi,Clothing,53,41234,1,Weekday
2024-11-26,Delhi,Groceries,73,13140,0,Weekday
2024-11-26,Delhi,Furniture,11,65670,1,Weekday
2024-11-26,Delhi,Cosmetics,36,11880,0,Weekday
2024-11-26,Mumbai,Electronics,28,45724,1,Weekday
2024-11-26,Mumbai,Clothing,31,18507,0,Weekday
2024-11-26,Mumbai,Groceries,57,9348,0,Weekday
2024-11-26,Mumbai,Furniture,19,69863,1,Weekday
2024-11-26,Mumbai,Cosmetics,32,10272,0,Weekday
2024-11-26,Bangalore,Electronics,16,28576,1,Weekday
2024-11-26,Bangalore,Clothing,41,33251,0,Weekday
2024-11-26,Bangalore,Groceries,72,11160,0,Weekday
2024-11-26,Bangalore,Furniture,13,46033,0,Weekday
2024-11-26,Bangalore,Cosmetics,33,22968,1,Weekday
2024-11-26,Hyderabad,Electronics,22,44880,0,Weekday
2024-11-26,Hyderabad,Clothing,46,41814,1,Weekday
2024-11-26,Hyderabad,Groceries,87,7395,1,Weekday
2024-11-26,Hyderabad,Furniture,11,44759,0,Weekday
2024-11-26,Hyderabad,Cosmetics,36,9468,0,Weekday
2024-11-27,Kolkata,Electronics,23,30935,0,Weekday
2024-11-27,Kolkata,Clothing,42,36246,0,Weekday
2024-11-27,Kolkata,Groceries,69,11592,0,Weekday
2024-11-27,Kolkata,Furniture,12,18336,0,Weekday
2024-11-27,Kolkata,Cosmetics,38,8474,1,Weekday
2024-11-27,Delhi,Electronics,22,18040,0,Weekday
2024-11-27,Delhi,Clothing,40,34320,0,Weekday
2024-11-27,Delhi,Groceries,83,5478,0,Weekday
2024-11-27,Delhi,Furniture,12,35016,0,Weekday
2024-11-27,Delhi,Cosmetics,36,15192,0,Weekday
2024-11-27,Mumbai,Electronics,26,53222,0,Weekday
2024-11-27,Mumbai,Clothing,40,46120,0,Weekday
2024-11-27,Mumbai,Groceries,79,4187,1,Weekday
2024-11-27,Mumbai,Furniture,13,43134,1,Weekday
2024-11-27,Mumbai,Cosmetics,32,9184,0,Weekday
2024-11-27,Bangalore,Electronics,23,30452,1,Weekday
2024-11-27,Bangalore,Clothing,38,24206,0,Weekday
2024-11-27,Bangalore,Groceries,75,8400,1,Weekday
2024-11-27,Bangalore,Furniture,13,67041,0,Weekday
2024-11-27,Bangalore,Cosmetics,32,12416,1,Weekday
2024-11-27,Hyderabad,Electronics,26,57694,0,Weekday
2024-11-27,Hyderabad,Clothing,50,59350,0,Weekday
2024-11-27,Hyderabad,Groceries,79,4108,1,Weekday
2024-11-27,Hyderabad,Furniture,15,65985,0,Weekday
2024-11-27,Hyderabad,Cosmetics,27,8100,1,Weekday
2024-11-28,Kolkata,Electronics,25,41625,1,Weekday
2024-11-28,Kolkata,Clothing,47,17907,0,Weekday
2024-11-28,Kolkata,Groceries,84,10080,1,Weekday
2024-11-28,Kolkata,Furniture,13,63999,0,Weekday
2024-11-28,Kolkata,Cosmetics,36,12816,1,Weekday
2024-11-28,Delhi,Electronics,28,34496,0,Weekday
2024-11-28,Delhi,Clothing,41,30463,0,Weekday
2024-11-28,Delhi,Groceries,46,4048,0,Weekday
2024-11-28,Delhi,Furniture,15,68205,1,Weekday
2024-11-28,Delhi,Cosmetics,30,18000,0,Weekday
2024-11-28,Mumbai,Electronics,20,18220,0,Weekday
2024-11-28,Mumbai,Clothing,54,17010,0,Weekday
2024-11-28,Mumbai,Groceries,66,3498,0,Weekday
2024-11-28,Mumbai,Furniture,13,21177,0,Weekday
2024-11-28,Mumbai,Cosmetics,37,14393,0,Weekday
2024-11-28,Bangalore,Electronics,30,25830,0,Weekday
2024-11-28,Bangalore,Clothing,53,49979,0,Weekday
2024-11-28,Bangalore,Groceries,99,15444,0,Weekday
2024-11-28,Bangalore,Furniture,16,33472,1,Weekday
2024-11-28,Bangalore,Cosmetics,28,9212,0,Weekday
2024-11-28,Hyderabad,Electronics,22,43670,0,Weekday
2024-11-28,Hyderabad,Clothing,40,19280,0,Weekday
2024-11-28,Hyderabad,Groceries,68,8704,0,Weekday
2024-11-28,Hyderabad,Furniture,14,61768,0,Weekday
2024-11-28,Hyderabad,Cosmetics,32,7008,0,Weekday
2024-11-29,Kolkata,Electronics,28,67984,0,Weekday
2024-11-29,Kolkata,Clothing,42,35490,0,Weekday
2024-11-29,Kolkata,Groceries,89,12193,0,Weekday
2024-11-29,Kolkata,Furniture,11,29568,0,Weekday
2024-11-29,Kolkata,Cosmetics,42,23898,0,Weekday
2024-11-29,Delhi,Electronics,19,44707,0,Weekday
2024-11-29,Delhi,Clothing,52,22360,0,Weekday
2024-11-29,Delhi,Groceries,72,6624,0,Weekday
2024-11-29,Delhi,Furniture,14,72254,0,Weekday
2024-11-29,Delhi,Cosmetics,31,8711,0,Weekday
2024-11-29,Mumbai,Electronics,22,38126,0,Weekday
2024-11-29,Mumbai,Clothing,57,37962,1,Weekday
2024-11-29,Mumbai,Groceries,89,5963,1,Weekday
2024-11-29,Mumbai,Furniture,18,89100,0,Weekday
2024-11-29,Mumbai,Cosmetics,26,16978,0,Weekday
2024-11-29,Bangalore,Electronics,28,37156,0,Weekday
2024-11-29,Bangalore,Clothing,46,38870,1,Weekday
2024-11-29,Bangalore,Groceries,68,6528,0,Weekday
2024-11-29,Bangalore,Furniture,13,54769,0,Weekday
2024-11-29,Bangalore,Cosmetics,31,23622,0,Weekday
2024-11-29,Hyderabad,Electronics,24,22368,0,Weekday
2024-11-29,Hyderabad,Clothing,45,30915,0,Weekday
2024-11-29,Hyderabad,Groceries,68,11016,1,Weekday
2024-11-29,Hyderabad,Furniture,13,38753,1,Weekday
2024-11-29,Hyderabad,Cosmetics,34,8534,0,Weekday
2024-11-30,Kolkata,Electronics,32,74048,1,Weekend
2024-11-30,Kolkata,Clothing,34,22440,0,Weekend
2024-11-30,Kolkata,Groceries,101,11817,1,Weekend
2024-11-30,Kolkata,Furniture,13,61945,0,Weekend
2024-11-30,Kolkata,Cosmetics,42,26250,1,Weekend
2024-11-30,Delhi,Electronics,34,40324,1,Weekend
2024-11-30,Delhi,Clothing,40,43280,0,Weekend
2024-11-30,Delhi,Groceries,67,9514,0,Weekend
2024-11-30,Delhi,Furniture,7,34692,0,Weekend
2024-11-30,Delhi,Cosmetics,31,22537,0,Weekend
2024-11-30,Mumbai,Electronics,25,60025,0,Weekend
2024-11-30,Mumbai,Clothing,53,32913,1,Weekend
2024-11-30,Mumbai,Groceries,79,10349,1,Weekend
2024-11-30,Mumbai,Furniture,10,17320,0,Weekend
2024-11-30,Mumbai,Cosmetics,30,19470,0,Weekend
2024-11-30,Bangalore,Electronics,28,43036,0,Weekend
2024-11-30,Bangalore,Clothing,43,27907,1,Weekend
2024-11-30,Bangalore,Groceries,64,11072,0,Weekend
2024-11-30,Bangalore,Furniture,16,68752,1,Weekend
2024-11-30,Bangalore,Cosmetics,27,17658,0,Weekend
2024-11-30,Hyderabad,Electronics,23,41860,0,Weekend
2024-11-30,Hyderabad,Clothing,29,23084,0,Weekend
2024-11-30,Hyderabad,Groceries,67,6231,0,Weekend
2024-11-30,Hyderabad,Furniture,12,65004,0,Weekend
2024-11-30,Hyderabad,Cosmetics,36,24192,0,Weekend
2024-12-01,Kolkata,Electronics,27,59751,0,Weekend
2024-12-01,Kolkata,Clothing,43,40248,0,Weekend
2024-12-01,Kolkata,Groceries,70,8330,0,Weekend
2024-12-01,Kolkata,Furniture,17,41701,1,Weekend
2024-12-01,Kolkata,Cosmetics,28,19096,0,Weekend
2024-12-01,Delhi,Electronics,31,52173,0,Weekend
2024-12-01,Delhi,Clothing,40,18520,0,Weekend
2024-12-01,Delhi,Groceries,87,11832,1,Weekend
2024-12-01,Delhi,Furniture,16,59168,1,Weekend
2024-12-01,Delhi,Cosmetics,23,3956,0,Weekend
2024-12-01,Mumbai,Electronics,28,44240,0,Weekend
2024-12-01,Mumbai,Clothing,48,56160,0,Weekend
2024-12-01,Mumbai,Groceries,70,10080,0,Weekend
2024-12-01,Mumbai,Furniture,8,24904,0,Weekend
2024-12-01,Mumbai,Cosmetics,32,10784,0,Weekend
2024-12-01,Bangalore,Electronics,21,47775,0,Weekend
2024-12-01,Bangalore,Clothing,39,35685,0,Weekend
2024-12-01,Bangalore,Groceries,78,8814,0,Weekend
2024-12-01,Bangalore,Furniture,11,39402,0,Weekend
2024-12-01,Bangalore,Cosmetics,37,9102,1,Weekend
2024-12-01,Hyderabad,Electronics,26,31200,0,Weekend
2024-12-01,Hyderabad,Clothing,47,29610,0,Weekend
2024-12-01,Hyderabad,Groceries,78,13884,0,Weekend
2024-12-01,Hyderabad,Furniture,14,80724,1,Weekend
2024-12-01,Hyderabad,Cosmetics,32,23072,1,Weekend
2024-12-02,Kolkata,Electronics,44,64548,1,Weekday
2024-12-02,Kolkata,Clothing,49,45325,0,Weekday
2024-12-02,Kolkata,Groceries,74,8806,1,Weekday
2024-12-02,Kolkata,Furniture,15,78960,1,Weekday
2024-12-02,Kolkata,Cosmetics,28,13636,0,Weekday
2024-12-02,Delhi,Electronics,28,47740,1,Weekday
2024-12-02,Delhi,Clothing,42,23730,0,Weekday
2024-12-02,Delhi,Groceries,98,18522,1,Weekday
2024-12-02,Delhi,Furniture,9,14733,0,Weekday
2024-12-02,Delhi,Cosmetics,38,12312,0,Weekday
2024-12-02,Mumbai,Electronics,29,71282,1,Weekday
2024-12-02,Mumbai,Clothing,50,23600,0,Weekday
2024-12-02,Mumbai,Groceries,79,4345,0,Weekday
2024-12-02,Mumbai,Furniture,12,39636,1,Weekday
2024-12-02,Mumbai,Cosmetics,39,10491,1,Weekday
2024-12-02,Bangalore,Electronics,29,48546,0,Weekday
2024-12-02,Bangalore,Clothing,38,42104,0,Weekday
2024-12-02,Bangalore,Groceries,75,4800,0,Weekday
2024-12-02,Bangalore,Furniture,15,73995,1,Weekday
2024-12-02,Bangalore,Cosmetics,35,25270,0,Weekday
2024-12-02,Hyderabad,Electronics,19,29564,0,Weekday
2024-12-02,Hyderabad,Clothing,49,53361,0,Weekday
2024-12-02,Hyderabad,Groceries,67,8777,0,Weekday
2024-12-02,Hyderabad,Furniture,14,61796,0,Weekday
2024-12-02,Hyderabad,Cosmetics,29,11194,1,Weekday
2024-12-03,Kolkata,Electronics,29,56608,1,Weekday
2024-12-03,Kolkata,Clothing,51,36210,1,Weekday
2024-12-03,Kolkata,Groceries,71,7171,0,Weekday
2024-12-03,Kolkata,Furniture,15,57840,0,Weekday
2024-12-03,Kolkata,Cosmetics,32,19520,1,Weekday
2024-12-03,Delhi,Electronics,28,25760,0,Weekday
2024-12-03,Delhi,Clothing,41,37515,0,Weekday
2024-12-03,Delhi,Groceries,66,12936,0,Weekday
2024-12-03,Delhi,Furniture,10,38680,0,Weekday
2024-12-03,Delhi,Cosmetics,28,7028,0,Weekday
2024-12-03,Mumbai,Electronics,21,41664,0,Weekday
2024-12-03,Mumbai,Clothing,45,45045,0,Weekday
2024-12-03,Mumbai,Groceries,86,16082,1,Weekday
2024-12-03,Mumbai,Furniture,14,41202,0,Weekday
2024-12-03,Mumbai,Cosmetics,43,23650,1,Weekday
2024-12-03,Bangalore,Electronics,26,57668,0,Weekday
2024-12-03,Bangalore,Clothing,56,28560,0,Weekday
2024-12-03,Bangalore,Groceries,73,10585,0,Weekday
2024-12-03,Bangalore,Furniture,17,86139,1,Weekday
2024-12-03,Bangalore,Cosmetics,48,34752,0,Weekday
2024-12-03,Hyderabad,Electronics,25,32075,0,Weekday
2024-12-03,Hyderabad,Clothing,40,32960,0,Weekday
2024-12-03,Hyderabad,Groceries,50,4500,0,Weekday
2024-12-03,Hyderabad,Furniture,13,39026,0,Weekday
2024-12-03,Hyderabad,Cosmetics,38,25422,1,Weekday
2024-12-04,Kolkata,Electronics,24,28104,0,Weekday
2024-12-04,Kolkata,Clothing,66,65802,1,Weekday
2024-12-04,Kolkata,Groceries,71,4402,0,Weekday
2024-12-04,Kolkata,Furniture,14,26110,1,Weekday
2024-12-04,Kolkata,Cosmetics,29,7743,0,Weekday
2024-12-04,Delhi,Electronics,27,53514,0,Weekday
2024-12-04,Delhi,Clothing,62,54932,0,Weekday
2024-12-04,Delhi,Groceries,87,8700,1,Weekday
2024-12-04,Delhi,Furniture,15,34890,0,Weekday
2024-12-04,Delhi,Cosmetics,29,23026,0,Weekday
2024-12-04,Mumbai,Electronics,26,22776,1,Weekday
2024-12-04,Mumbai,Clothing,42,34356,0,Weekday
2024-12-04,Mumbai,Groceries,82,5904,1,Weekday
2024-12-04,Mumbai,Furniture,11,36971,0,Weekday
2024-12-04,Mumbai,Cosmetics,32,9376,0,Weekday
2024-12-04,Bangalore,Electronics,25,59325,1,Weekday
2024-12-04,Bangalore,Clothing,47,52311,1,Weekday
2024-12-04,Bangalore,Groceries,81,7128,1,Weekday
2024-12-04,Bangalore,Furniture,14,51352,1,Weekday
2024-12-04,Bangalore,Cosmetics,29,20793,0,Weekday
2024-12-04,Hyderabad,Electronics,25,58425,0,Weekday
2024-12-04,Hyderabad,Clothing,49,32683,0,Weekday
2024-12-04,Hyderabad,Groceries,68,9384,0,Weekday
2024-12-04,Hyderabad,Furniture,14,63042,0,Weekday
2024-12-04,Hyderabad,Cosmetics,18,3258,0,Weekday
2024-12-05,Kolkata,Electronics,25,58900,1,Weekday
2024-12-05,Kolkata,Clothing,47,52499,0,Weekday
2024-12-05,Kolkata,Groceries,103,8240,1,Weekday
2024-12-05,Kolkata,Furniture,14,75306,0,Weekday
2024-12-05,Kolkata,Cosmetics,33,6303,0,Weekday
2024-12-05,Delhi,Electronics,24,44568,0,Weekday
2024-12-05,Delhi,Clothing,52,58448,0,Weekday
2024-12-05,Delhi,Groceries,67,3417,0,Weekday
2024-12-05,Delhi,Furniture,9,31446,0,Weekday
2024-12-05,Delhi,Cosmetics,39,28704,1,Weekday
2024-12-05,Mumbai,Electronics,28,32200,1,Weekday
2024-12-05,Mumbai,Clothing,44,23452,0,Weekday
2024-12-05,Mumbai,Groceries,64,7488,0,Weekday
2024-12-05,Mumbai,Furniture,13,62959,0,Weekday
2024-12-05,Mumbai,Cosmetics,29,5771,0,Weekday
2024-12-05,Bangalore,Electronics,28,24640,0,Weekday
2024-12-05,Bangalore,Clothing,47,47611,0,Weekday
2024-12-05,Bangalore,Groceries,77,5929,1,Weekday
2024-12-05,Bangalore,Furniture,12,70200,1,Weekday
2024-12-05,Bangalore,Cosmetics,46,7682,1,Weekday
2024-12-05,Hyderabad,Electronics,21,30324,0,Weekday
2024-12-05,Hyderabad,Clothing,44,52360,0,Weekday
2024-12-05,Hyderabad,Groceries,103,10609,1,Weekday
2024-12-05,Hyderabad,Furniture,11,43659,0,Weekday
2024-12-05,Hyderabad,Cosmetics,39,22815,0,Weekday
2024-12-06,Kolkata,Electronics,28,48104,0,Weekday
2024-12-06,Kolkata,Clothing,46,23690,0,Weekday
2024-12-06,Kolkata,Groceries,62,7502,0,Weekday
2024-12-06,Kolkata,Furniture,11,42471,0,Weekday
2024-12-06,Kolkata,Cosmetics,38,26106,1,Weekday
2024-12-06,Delhi,Electronics,27,62127,0,Weekday
2024-12-06,Delhi,Clothing,53,35563,0,Weekday
2024-12-06,Delhi,Groceries,88,7304,0,Weekday
2024-12-06,Delhi,Furniture,15,89910,1,Weekday
2024-12-06,Delhi,Cosmetics,25,12400,0,Weekday
2024-12-06,Mumbai,Electronics,23,33396,0,Weekday
2024-12-06,Mumbai,Clothing,42,43176,0,Weekday
2024-12-06,Mumbai,Groceries,85,13005,1,Weekday
2024-12-06,Mumbai,Furniture,12,53904,0,Weekday
2024-12-06,Mumbai,Cosmetics,34,10064,0,Weekday
2024-12-06,Bangalore,Electronics,28,28448,0,Weekday
2024-12-06,Bangalore,Clothing,41,48872,0,Weekday
2024-12-06,Bangalore,Groceries,65,8255,0,Weekday
2024-12-06,Bangalore,Furniture,14,49014,1,Weekday
2024-12-06,Bangalore,Cosmetics,40,16240,0,Weekday
2024-12-06,Hyderabad,Electronics,21,33705,0,Weekday
2024-12-06,Hyderabad,Clothing,40,14480,0,Weekday
2024-12-06,Hyderabad,Groceries,73,12994,0,Weekday
2024-12-06,Hyderabad,Furniture,14,70364,0,Weekday
2024-12-06,Hyderabad,Cosmetics,25,6550,0,Weekday
2024-12-07,Kolkata,Electronics,29,46980,1,Weekend
2024-12-07,Kolkata,Clothing,69,69069,1,Weekend
2024-12-07,Kolkata,Groceries,87,16617,1,Weekend
2024-12-07,Kolkata,Furniture,15,53115,1,Weekend
2024-12-07,Kolkata,Cosmetics,34,17918,0,Weekend
2024-12-07,Delhi,Electronics,18,27000,0,Weekend
2024-12-07,Delhi,Clothing,39,34398,1,Weekend
2024-12-07,Delhi,Groceries,101,8181,1,Weekend
2024-12-07,Delhi,Furniture,17,47685,1,Weekend
2024-12-07,Delhi,Cosmetics,33,9438,1,Weekend
2024-12-07,Mumbai,Electronics,35,56210,1,Weekend
2024-12-07,Mumbai,Clothing,48,18096,1,Weekend
2024-12-07,Mumbai,Groceries,81,13446,0,Weekend
2024-12-07,Mumbai,Furniture,14,60816,1,Weekend
2024-12-07,Mumbai,Cosmetics,39,16107,1,Weekend
2024-12-07,Bangalore,Electronics,30,72060,1,Weekend
2024-12-07,Bangalore,Clothing,47,22842,0,Weekend
2024-12-07,Bangalore,Groceries,70,7280,0,Weekend
2024-12-07,Bangalore,Furniture,13,36205,0,Weekend
2024-12-07,Bangalore,Cosmetics,34,19040,0,Weekend
2024-12-07,Hyderabad,Electronics,18,24894,0,Weekend
2024-12-07,Hyderabad,Clothing,53,20617,0,Weekend
2024-12-07,Hyderabad,Groceries,82,13940,0,Weekend
2024-12-07,Hyderabad,Furniture,18,66906,1,Weekend
2024-12-07,Hyderabad,Cosmetics,24,11568,1,Weekend
2024-12-08,Kolkata,Electronics,33,50556,1,Weekend
2024-12-08,Kolkata,Clothing,43,49751,0,Weekend
2024-12-08,Kolkata,Groceries,69,12420,0,Weekend
2024-12-08,Kolkata,Furniture,15,58740,1,Weekend
2024-12-08,Kolkata,Cosmetics,46,35236,1,Weekend
2024-12-08,Delhi,Electronics,26,26728,0,Weekend
2024-12-08,Delhi,Clothing,47,46624,0,Weekend
2024-12-08,Delhi,Groceries,47,2867,0,Weekend
2024-12-08,Delhi,Furniture,16,91552,1,Weekend
2024-12-08,Delhi,Cosmetics,32,10688,0,Weekend
2024-12-08,Mumbai,Electronics,25,52975,1,Weekend
2024-12-08,Mumbai,Clothing,35,33180,1,Weekend
2024-12-08,Mumbai,Groceries,80,5360,0,Weekend
2024-12-08,Mumbai,Furniture,12,49608,1,Weekend
2024-12-08,Mumbai,Cosmetics,37,15799,1,Weekend
2024-12-08,Bangalore,Electronics,21,28497,1,Weekend
2024-12-08,Bangalore,Clothing,51,42330,1,Weekend
2024-12-08,Bangalore,Groceries,49,9555,0,Weekend
2024-12-08,Bangalore,Furniture,15,63840,1,Weekend
2024-12-08,Bangalore,Cosmetics,31,15376,1,Weekend
2024-12-08,Hyderabad,Electronics,22,27346,1,Weekend
2024-12-08,Hyderabad,Clothing,57,47766,1,Weekend
2024-12-08,Hyderabad,Groceries,67,9179,0,Weekend
2024-12-08,Hyderabad,Furniture,15,79545,1,Weekend
2024-12-08,Hyderabad,Cosmetics,25,9750,0,Weekend
2024-12-09,Kolkata,Electronics,26,49088,0,Weekday
2024-12-09,Kolkata,Clothing,32,9728,1,Weekday
2024-12-09,Kolkata,Groceries,74,12062,0,Weekday
2024-12-09,Kolkata,Furniture,12,18192,1,Weekday
2024-12-09,Kolkata,Cosmetics,27,19656,0,Weekday
2024-12-09,Delhi,Electronics,28,68852,0,Weekday
2024-12-09,Delhi,Clothing,43,33454,0,Weekday
2024-12-09,Delhi,Groceries,93,18042,0,Weekday
2024-12-09,Delhi,Furniture,14,28126,1,Weekday
2024-12-09,Delhi,Cosmetics,33,19437,1,Weekday
2024-12-09,Mumbai,Electronics,25,58175,0,Weekday
2024-12-09,Mumbai,Clothing,50,47800,0,Weekday
2024-12-09,Mumbai,Groceries,83,12035,0,Weekday
2024-12-09,Mumbai,Furniture,12,66768,0,Weekday
2024-12-09,Mumbai,Cosmetics,34,9010,0,Weekday
2024-12-09,Bangalore,Electronics,24,29712,0,Weekday
2024-12-09,Bangalore,Clothing,44,31680,0,Weekday
2024-12-09,Bangalore,Groceries,103,11536,1,Weekday
2024-12-09,Bangalore,Furniture,13,38870,0,Weekday
2024-12-09,Bangalore,Cosmetics,26,16666,1,Weekday
2024-12-09,Hyderabad,Electronics,25,37125,0,Weekday
2024-12-09,Hyderabad,Clothing,55,22330,0,Weekday
2024-12-09,Hyderabad,Groceries,75,10125,0,Weekday
2024-12-09,Hyderabad,Furniture,10,36120,0,Weekday
2024-12-09,Hyderabad,Cosmetics,33,18645,0,Weekday
2024-12-10,Kolkata,Electronics,28,30464,1,Weekday
2024-12-10,Kolkata,Clothing,48,32832,0,Weekday
2024-12-10,Kolkata,Groceries,77,8008,1,Weekday
2024-12-10,Kolkata,Furniture,12,67488,0,Weekday
2024-12-10,Kolkata,Cosmetics,26,17576,0,Weekday
2024-12-10,Delhi,Electronics,27,66312,0,Weekday
2024-12-10,Delhi,Clothing,46,23552,0,Weekday
2024-12-10,Delhi,Groceries,68,10948,0,Weekday
2024-12-10,Delhi,Furniture,15,42360,0,Weekday
2024-12-10,Delhi,Cosmetics,29,8729,0,Weekday
2024-12-10,Mumbai,Electronics,32,72064,0,Weekday
2024-12-10,Mumbai,Clothing,62,20646,1,Weekday
2024-12-10,Mumbai,Groceries,75,12600,0,Weekday
2024-12-10,Mumbai,Furniture,11,61787,0,Weekday
2024-12-10,Mumbai,Cosmetics,30,7170,0,Weekday
2024-12-10,Bangalore,Electronics,24,48648,0,Weekday
2024-12-10,Bangalore,Clothing,57,38589,0,Weekday
2024-12-10,Bangalore,Groceries,87,5394,0,Weekday
2024-12-10,Bangalore,Furniture,15,80865,1,Weekday
2024-12-10,Bangalore,Cosmetics,31,24149,0,Weekday
2024-12-10,Hyderabad,Electronics,28,55412,0,Weekday
2024-12-10,Hyderabad,Clothing,32,17920,0,Weekday
2024-12-10,Hyderabad,Groceries,99,5049,0,Weekday
2024-12-10,Hyderabad,Furniture,13,58097,0,Weekday
2024-12-10,Hyderabad,Cosmetics,36,19944,0,Weekday
2024-12-11,Kolkata,Electronics,31,51739,0,Weekday
2024-12-11,Kolkata,Clothing,39,12246,0,Weekday
2024-12-11,Kolkata,Groceries,97,4947,1,Weekday
2024-12-11,Kolkata,Furniture,8,20376,0,Weekday
2024-12-11,Kolkata,Cosmetics,33,13827,0,Weekday
2024-12-11,Delhi,Electronics,28,34496,0,Weekday
2024-12-11,Delhi,Clothing,37,25345,0,Weekday
2024-12-11,Delhi,Groceries,82,4838,0,Weekday
2024-12-11,Delhi,Furniture,11,54879,0,Weekday
2024-12-11,Delhi,Cosmetics,32,19680,0,Weekday
2024-12-11,Mumbai,Electronics,19,24301,1,Weekday
2024-12-11,Mumbai,Clothing,46,30268,0,Weekday
2024-12-11,Mumbai,Groceries,58,5394,0,Weekday
2024-12-11,Mumbai,Furniture,13,32266,0,Weekday
2024-12-11,Mumbai,Cosmetics,41,15498,1,Weekday
2024-12-11,Bangalore,Electronics,31,73346,1,Weekday
2024-12-11,Bangalore,Clothing,44,38676,1,Weekday
2024-12-11,Bangalore,Groceries,69,10902,0,Weekday
2024-12-11,Bangalore,Furniture,13,46384,0,Weekday
2024-12-11,Bangalore,Cosmetics,45,26415,0,Weekday
2024-12-11,Hyderabad,Electronics,22,35046,0,Weekday
2024-12-11,Hyderabad,Clothing,54,16416,0,Weekday
2024-12-11,Hyderabad,Groceries,79,8769,0,Weekday
2024-12-11,Hyderabad,Furniture,9,47619,0,Weekday
2024-12-11,Hyderabad,Cosmetics,25,18475,0,Weekday
2024-12-12,Kolkata,Electronics,16,27488,0,Weekday
2024-12-12,Kolkata,Clothing,32,20832,0,Weekday
2024-12-12,Kolkata,Groceries,95,10925,0,Weekday
2024-12-12,Kolkata,Furniture,14,58800,0,Weekday
2024-12-12,Kolkata,Cosmetics,34,23120,1,Weekday
2024-12-12,Delhi,Electronics,25,24475,0,Weekday
2024-12-12,Delhi,Clothing,42,29946,0,Weekday
2024-12-12,Delhi,Groceries,90,15750,0,Weekday
2024-12-12,Delhi,Furniture,11,48301,0,Weekday
2024-12-12,Delhi,Cosmetics,38,29868,1,Weekday
2024-12-12,Mumbai,Electronics,31,59210,1,Weekday
2024-12-12,Mumbai,Clothing,41,40467,0,Weekday
2024-12-12,Mumbai,Groceries,79,6241,0,Weekday
2024-12-12,Mumbai,Furniture,11,63217,0,Weekday
2024-12-12,Mumbai,Cosmetics,34,14654,0,Weekday
2024-12-12,Bangalore,Electronics,36,80748,0,Weekday
2024-12-12,Bangalore,Clothing,42,29694,1,Weekday
2024-12-12,Bangalore,Groceries,83,16517,0,Weekday
2024-12-12,Bangalore,Furniture,11,42097,0,Weekday
2024-12-12,Bangalore,Cosmetics,26,4134,0,Weekday
2024-12-12,Hyderabad,Electronics,20,20800,0,Weekday
2024-12-12,Hyderabad,Clothing,49,43218,0,Weekday
2024-12-12,Hyderabad,Groceries,77,6545,1,Weekday
2024-12-12,Hyderabad,Furniture,12,18396,0,Weekday
2024-12-12,Hyderabad,Cosmetics,38,19836,0,Weekday
2024-12-13,Kolkata,Electronics,27,24894,0,Weekday
2024-12-13,Kolkata,Clothing,45,48870,1,Weekday
2024-12-13,Kolkata,Groceries,83,13944,0,Weekday
2024-12-13,Kolkata,Furniture,12,71064,0,Weekday
2024-12-13,Kolkata,Cosmetics,26,16224,0,Weekday
2024-12-13,Delhi,Electronics,21,45969,0,Weekday
2024-12-13,Delhi,Clothing,54,22896,0,Weekday
2024-12-13,Delhi,Groceries,75,14775,0,Weekday
2024-12-13,Delhi,Furniture,11,46057,0,Weekday
2024-12-13,Delhi,Cosmetics,28,17332,0,Weekday
2024-12-13,Mumbai,Electronics,23,21528,0,Weekday
2024-12-13,Mumbai,Clothing,37,20646,0,Weekday
2024-12-13,Mumbai,Groceries,70,3780,0,Weekday
2024-12-13,Mumbai,Furniture,12,40752,0,Weekday
2024-12-13,Mumbai,Cosmetics,36,24084,0,Weekday
2024-12-13,Bangalore,Electronics,24,40056,0,Weekday
2024-12-13,Bangalore,Clothing,37,24420,0,Weekday
2024-12-13,Bangalore,Groceries,83,13778,0,Weekday
2024-12-13,Bangalore,Furniture,11,54197,0,Weekday
2024-12-13,Bangalore,Cosmetics,23,12098,1,Weekday
2024-12-13,Hyderabad,Electronics,25,47575,0,Weekday
2024-12-13,Hyderabad,Clothing,43,38743,0,Weekday
2024-12-13,Hyderabad,Groceries,85,4845,0,Weekday
2024-12-13,Hyderabad,Furniture,11,46750,0,Weekday
2024-12-13,Hyderabad,Cosmetics,33,11913,0,Weekday
2024-12-14,Kolkata,Electronics,24,59856,0,Weekend
2024-12-14,Kolkata,Clothing,38,15238,1,Weekend
2024-12-14,Kolkata,Groceries,78,8970,0,Weekend
2024-12-14,Kolkata,Furniture,15,63765,1,Weekend
2024-12-14,Kolkata,Cosmetics,32,5600,0,Weekend
2024-12-14,Delhi,Electronics,26,52806,0,Weekend
2024-12-14,Delhi,Clothing,47,42112,1,Weekend
2024-12-14,Delhi,Groceries,96,5376,1,Weekend
2024-12-14,Delhi,Furniture,12,25140,0,Weekend
2024-12-14,Delhi,Cosmetics,34,15674,1,Weekend
2024-12-14,Mumbai,Electronics,30,46800,0,Weekend
2024-12-14,Mumbai,Clothing,44,46508,1,Weekend
2024-12-14,Mumbai,Groceries,88,13992,1,Weekend
2024-12-14,Mumbai,Furniture,9,37098,0,Weekend
2024-12-14,Mumbai,Cosmetics,32,17664,1,Weekend
2024-12-14,Bangalore,Electronics,32,48608,1,Weekend
2024-12-14,Bangalore,Clothing,41,34358,0,Weekend
2024-12-14,Bangalore,Groceries,83,6225,0,Weekend
2024-12-14,Bangalore,Furniture,12,36144,1,Weekend
2024-12-14,Bangalore,Cosmetics,32,15328,0,Weekend
2024-12-14,Hyderabad,Electronics,30,51150,0,Weekend
2024-12-14,Hyderabad,Clothing,56,27776,1,Weekend
2024-12-14,Hyderabad,Groceries,89,16020,0,Weekend
2024-12-14,Hyderabad,Furniture,12,55728,0,Weekend
2024-12-14,Hyderabad,Cosmetics,35,17220,1,Weekend
2024-12-15,Kolkata,Electronics,23,45678,0,Weekend
2024-12-15,Kolkata,Clothing,44,46992,0,Weekend
2024-12-15,Kolkata,Groceries,75,12450,0,Weekend
2024-12-15,Kolkata,Furniture,14,21756,0,Weekend
2024-12-15,Kolkata,Cosmetics,30,10410,0,Weekend
2024-12-15,Delhi,Electronics,28,47768,1,Weekend
2024-12-15,Delhi,Clothing,44,45980,1,Weekend
2024-12-15,Delhi,Groceries,55,6655,0,Weekend
2024-12-15,Delhi,Furniture,14,63952,1,Weekend
2024-12-15,Delhi,Cosmetics,27,16848,0,Weekend
2024-12-15,Mumbai,Electronics,23,36248,0,Weekend
2024-12-15,Mumbai,Clothing,47,25004,0,Weekend
2024-12-15,Mumbai,Groceries,82,11152,0,Weekend
2024-12-15,Mumbai,Furniture,12,40752,1,Weekend
2024-12-15,Mumbai,Cosmetics,33,9669,0,Weekend
2024-12-15,Bangalore,Electronics,20,39580,0,Weekend
2024-12-15,Bangalore,Clothing,53,49343,1,Weekend
2024-12-15,Bangalore,Groceries,90,13230,0,Weekend
2024-12-15,Bangalore,Furniture,9,38493,1,Weekend
2024-12-15,Bangalore,Cosmetics,32,17696,0,Weekend
2024-12-15,Hyderabad,Electronics,20,37840,0,Weekend
2024-12-15,Hyderabad,Clothing,43,39517,0,Weekend
2024-12-15,Hyderabad,Groceries,72,5400,0,Weekend
2024-12-15,Hyderabad,Furniture,14,49042,0,Weekend
2024-12-15,Hyderabad,Cosmetics,33,22803,0,Weekend
2024-12-16,Kolkata,Electronics,27,53352,0,Weekday
2024-12-16,Kolkata,Clothing,42,34020,0,Weekday
2024-12-16,Kolkata,Groceries,84,5208,0,Weekday
2024-12-16,Kolkata,Furniture,14,63574,1,Weekday
2024-12-16,Kolkata,Cosmetics,44,20636,1,Weekday
2024-12-16,Delhi,Electronics,29,23693,0,Weekday
2024-12-16,Delhi,Clothing,50,20450,0,Weekday
2024-12-16,Delhi,Groceries,55,4895,0,Weekday
2024-12-16,Delhi,Furniture,7,40425,0,Weekday
2024-12-16,Delhi,Cosmetics,31,11098,0,Weekday
2024-12-16,Mumbai,Electronics,34,77996,1,Weekday
2024-12-16,Mumbai,Clothing,39,32487,0,Weekday
2024-12-16,Mumbai,Groceries,84,13188,0,Weekday
2024-12-16,Mumbai,Furniture,12,30336,0,Weekday
2024-12-16,Mumbai,Cosmetics,36,13572,1,Weekday
2024-12-16,Bangalore,Electronics,28,46760,0,Weekday
2024-12-16,Bangalore,Clothing,46,36662,1,Weekday
2024-12-16,Bangalore,Groceries,79,14141,1,Weekday
2024-12-16,Bangalore,Furniture,10,19000,0,Weekday
2024-12-16,Bangalore,Cosmetics,26,10582,0,Weekday
2024-12-16,Hyderabad,Electronics,27,26244,0,Weekday
2024-12-16,Hyderabad,Clothing,52,49816,1,Weekday
2024-12-16,Hyderabad,Groceries,78,8424,0,Weekday
2024-12-16,Hyderabad,Furniture,8,38840,0,Weekday
2024-12-16,Hyderabad,Cosmetics,27,8586,0,Weekday
2024-12-17,Kolkata,Electronics,21,23835,0,Weekday
2024-12-17,Kolkata,Clothing,44,27720,0,Weekday
2024-12-17,Kolkata,Groceries,83,12450,1,Weekday
2024-12-17,Kolkata,Furniture,12,19920,0,Weekday
2024-12-17,Kolkata,Cosmetics,33,5115,0,Weekday
2024-12-17,Delhi,Electronics,25,51750,0,Weekday
2024-12-17,Delhi,Clothing,41,26076,0,Weekday
2024-12-17,Delhi,Groceries,68,6528,0,Weekday
2024-12-17,Delhi,Furniture,13,66274,0,Weekday
2024-12-17,Delhi,Cosmetics,35,18515,0,Weekday
2024-12-17,Mumbai,Electronics,24,49584,0,Weekday
2024-12-17,Mumbai,Clothing,43,19221,0,Weekday
2024-12-17,Mumbai,Groceries,113,21470,1,Weekday
2024-12-17,Mumbai,Furniture,10,40740,0,Weekday
2024-12-17,Mumbai,Cosmetics,33,14520,0,Weekday
2024-12-17,Bangalore,Electronics,25,58825,0,Weekday
2024-12-17,Bangalore,Clothing,41,41287,0,Weekday
2024-12-17,Bangalore,Groceries,77,7007,0,Weekday
2024-12-17,Bangalore,Furniture,12,22212,1,Weekday
2024-12-17,Bangalore,Cosmetics,35,13580,1,Weekday
2024-12-17,Hyderabad,Electronics,22,46134,0,Weekday
2024-12-17,Hyderabad,Clothing,35,19880,0,Weekday
2024-12-17,Hyderabad,Groceries,84,8820,0,Weekday
2024-12-17,Hyderabad,Furniture,11,32505,0,Weekday
2024-12-17,Hyderabad,Cosmetics,39,19773,0,Weekday
2024-12-18,Kolkata,Electronics,24,43272,0,Weekday
2024-12-18,Kolkata,Clothing,37,29785,0,Weekday
2024-12-18,Kolkata,Groceries,91,10101,1,Weekday
2024-12-18,Kolkata,Furniture,12,50424,0,Weekday
2024-12-18,Kolkata,Cosmetics,29,6496,0,Weekday
2024-12-18,Delhi,Electronics,21,47187,0,Weekday
2024-12-18,Delhi,Clothing,49,36211,0,Weekday
2024-12-18,Delhi,Groceries,68,3740,0,Weekday
2024-12-18,Delhi,Furniture,13,47606,1,Weekday
2024-12-18,Delhi,Cosmetics,24,15936,0,Weekday
2024-12-18,Mumbai,Electronics,33,71841,0,Weekday
2024-12-18,Mumbai,Clothing,40,33400,0,Weekday
2024-12-18,Mumbai,Groceries,73,10147,0,Weekday
2024-12-18,Mumbai,Furniture,12,32736,0,Weekday
2024-12-18,Mumbai,Cosmetics,37,24938,0,Weekday
2024-12-18,Bangalore,Electronics,27,26892,0,Weekday
2024-12-18,Bangalore,Clothing,44,13640,0,Weekday
2024-12-18,Bangalore,Groceries,64,3904,0,Weekday
2024-12-18,Bangalore,Furniture,12,38436,0,Weekday
2024-12-18,Bangalore,Cosmetics,30,7680,0,Weekday
2024-12-18,Hyderabad,Electronics,25,24750,1,Weekday
2024-12-18,Hyderabad,Clothing,38,14554,0,Weekday
2024-12-18,Hyderabad,Groceries,93,15624,1,Weekday
2024-12-18,Hyderabad,Furniture,15,50850,1,Weekday
2024-12-18,Hyderabad,Cosmetics,31,4991,0,Weekday
2024-12-19,Kolkata,Electronics,29,24041,1,Weekday
2024-12-19,Kolkata,Clothing,38,14668,1,Weekday
2024-12-19,Kolkata,Groceries,75,12600,0,Weekday
2024-12-19,Kolkata,Furniture,11,55110,0,Weekday
2024-12-19,Kolkata,Cosmetics,42,11802,1,Weekday
2024-12-19,Delhi,Electronics,22,24442,0,Weekday
2024-12-19,Delhi,Clothing,45,31860,0,Weekday
2024-12-19,Delhi,Groceries,87,11310,0,Weekday
2024-12-19,Delhi,Furniture,15,89010,1,Weekday
2024-12-19,Delhi,Cosmetics,31,12927,0,Weekday
2024-12-19,Mumbai,Electronics,26,59254,0,Weekday
2024-12-19,Mumbai,Clothing,48,33600,0,Weekday
2024-12-19,Mumbai,Groceries,75,12000,0,Weekday
2024-12-19,Mumbai,Furniture,12,20796,0,Weekday
2024-12-19,Mumbai,Cosmetics,40,22200,0,Weekday
2024-12-19,Bangalore,Electronics,20,23980,0,Weekday
2024-12-19,Bangalore,Clothing,38,43662,0,Weekday
2024-12-19,Bangalore,Groceries,73,8760,0,Weekday
2024-12-19,Bangalore,Furniture,14,74844,1,Weekday
2024-12-19,Bangalore,Cosmetics,24,3984,0,Weekday
2024-12-19,Hyderabad,Electronics,29,61886,0,Weekday
2024-12-19,Hyderabad,Clothing,34,24480,1,Weekday
2024-12-19,Hyderabad,Groceries,83,15936,0,Weekday
2024-12-19,Hyderabad,Furniture,14,72912,1,Weekday
2024-12-19,Hyderabad,Cosmetics,43,21070,1,Weekday
2024-12-20,Kolkata,Electronics,25,59150,0,Weekday
2024-12-20,Kolkata,Clothing,38,24776,0,Weekday
2024-12-20,Kolkata,Groceries,85,8160,0,Weekday
2024-12-20,Kolkata,Furniture,12,38148,1,Weekday
2024-12-20,Kolkata,Cosmetics,32,15584,0,Weekday
2024-12-20,Delhi,Electronics,22,47740,0,Weekday
2024-12-20,Delhi,Clothing,49,37240,0,Weekday
2024-12-20,Delhi,Groceries,81,5103,0,Weekday
2024-12-20,Delhi,Furniture,12,49500,1,Weekday
2024-12-20,Delhi,Cosmetics,30,14520,0,Weekday
2024-12-20,Mumbai,Electronics,23,52348,1,Weekday
2024-12-20,Mumbai,Clothing,50,52950,1,Weekday
2024-12-20,Mumbai,Groceries,75,9750,0,Weekday
2024-12-20,Mumbai,Furniture,11,54813,0,Weekday
2024-12-20,Mumbai,Cosmetics,19,3895,0,Weekday
2024-12-20,Bangalore,Electronics,18,33156,0,Weekday
2024-12-20,Bangalore,Clothing,55,56540,1,Weekday
2024-12-20,Bangalore,Groceries,66,4686,0,Weekday
2024-12-20,Bangalore,Furniture,10,45600,1,Weekday
2024-12-20,Bangalore,Cosmetics,34,9792,0,Weekday
2024-12-20,Hyderabad,Electronics,31,37107,0,Weekday
2024-12-20,Hyderabad,Clothing,37,23532,1,Weekday
2024-12-20,Hyderabad,Groceries,106,12614,1,Weekday
2024-12-20,Hyderabad,Furniture,13,37713,0,Weekday
2024-12-20,Hyderabad,Cosmetics,33,7029,0,Weekday
2024-12-21,Kolkata,Electronics,26,50674,0,Weekend
2024-12-21,Kolkata,Clothing,47,51277,0,Weekend
2024-12-21,Kolkata,Groceries,83,8466,0,Weekend
2024-12-21,Kolkata,Furniture,11,50468,0,Weekend
2024-12-21,Kolkata,Cosmetics,42,23352,0,Weekend
2024-12-21,Delhi,Electronics,26,35282,0,Weekend
2024-12-21,Delhi,Clothing,47,38540,0,Weekend
2024-12-21,Delhi,Groceries,71,12993,1,Weekend
2024-12-21,Delhi,Furniture,13,35568,0,Weekend
2024-12-21,Delhi,Cosmetics,37,12950,0,Weekend
2024-12-21,Mumbai,Electronics,25,37600,1,Weekend
2024-12-21,Mumbai,Clothing,60,57480,1,Weekend
2024-12-21,Mumbai,Groceries,84,4200,1,Weekend
2024-12-21,Mumbai,Furniture,11,22363,1,Weekend
2024-12-21,Mumbai,Cosmetics,33,17688,1,Weekend
2024-12-21,Bangalore,Electronics,26,30836,0,Weekend
2024-12-21,Bangalore,Clothing,38,20558,0,Weekend
2024-12-21,Bangalore,Groceries,61,11590,0,Weekend
2024-12-21,Bangalore,Furniture,11,53449,0,Weekend
2024-12-21,Bangalore,Cosmetics,35,9730,0,Weekend
2024-12-21,Hyderabad,Electronics,30,67410,0,Weekend
2024-12-21,Hyderabad,Clothing,44,15752,0,Weekend
2024-12-21,Hyderabad,Groceries,76,9500,0,Weekend
2024-12-21,Hyderabad,Furniture,12,18636,0,Weekend
2024-12-21,Hyderabad,Cosmetics,42,20790,0,Weekend
2024-12-22,Kolkata,Electronics,29,49822,1,Weekend
2024-12-22,Kolkata,Clothing,43,50740,1,Weekend
2024-12-22,Kolkata,Groceries,87,10092,1,Weekend
2024-12-22,Kolkata,Furniture,10,40150,0,Weekend
2024-12-22,Kolkata,Cosmetics,31,11563,0,Weekend
2024-12-22,Delhi,Electronics,24,59256,0,Weekend
2024-12-22,Delhi,Clothing,43,19092,0,Weekend
2024-12-22,Delhi,Groceries,83,5561,0,Weekend
2024-12-22,Delhi,Furniture,13,30953,0,Weekend
2024-12-22,Delhi,Cosmetics,33,24354,1,Weekend
2024-12-22,Mumbai,Electronics,25,26250,0,Weekend
2024-12-22,Mumbai,Clothing,49,43218,1,Weekend
2024-12-22,Mumbai,Groceries,69,6003,0,Weekend
2024-12-22,Mumbai,Furniture,13,50843,1,Weekend
2024-12-22,Mumbai,Cosmetics,27,7074,0,Weekend
2024-12-22,Bangalore,Electronics,24,23736,0,Weekend
2024-12-22,Bangalore,Clothing,33,19470,1,Weekend
2024-12-22,Bangalore,Groceries,94,5546,0,Weekend
2024-12-22,Bangalore,Furniture,15,76755,0,Weekend
2024-12-22,Bangalore,Cosmetics,32,20608,1,Weekend
2024-12-22,Hyderabad,Electronics,27,31266,1,Weekend
2024-12-22,Hyderabad,Clothing,55,29150,1,Weekend
2024-12-22,Hyderabad,Groceries,84,16716,1,Weekend
2024-12-22,Hyderabad,Furniture,15,30855,0,Weekend
2024-12-22,Hyderabad,Cosmetics,23,9039,0,Weekend
2024-12-23,Kolkata,Electronics,25,46675,0,Weekday
2024-12-23,Kolkata,Clothing,58,23026,1,Weekday
2024-12-23,Kolkata,Groceries,73,11096,0,Weekday
2024-12-23,Kolkata,Furniture,14,71624,1,Weekday
2024-12-23,Kolkata,Cosmetics,34,19176,1,Weekday
2024-12-23,Delhi,Electronics,25,38750,0,Weekday
2024-12-23,Delhi,Clothing,41,38458,1,Weekday
2024-12-23,Delhi,Groceries,60,9000,0,Weekday
2024-12-23,Delhi,Furniture,12,49392,0,Weekday
2024-12-23,Delhi,Cosmetics,24,4512,0,Weekday
2024-12-23,Mumbai,Electronics,21,50967,0,Weekday
2024-12-23,Mumbai,Clothing,47,49867,0,Weekday
2024-12-23,Mumbai,Groceries,67,13333,0,Weekday
2024-12-23,Mumbai,Furniture,14,32648,0,Weekday
2024-12-23,Mumbai,Cosmetics,30,12090,0,Weekday
2024-12-23,Bangalore,Electronics,23,24196,1,Weekday
2024-12-23,Bangalore,Clothing,50,19500,0,Weekday
2024-12-23,Bangalore,Groceries,86,9460,0,Weekday
2024-12-23,Bangalore,Furniture,12,56256,0,Weekday
2024-12-23,Bangalore,Cosmetics,31,9517,0,Weekday
2024-12-23,Hyderabad,Electronics,23,47104,0,Weekday
2024-12-23,Hyderabad,Clothing,46,29026,0,Weekday
2024-12-23,Hyderabad,Groceries,82,15088,0,Weekday
2024-12-23,Hyderabad,Furniture,12,34464,0,Weekday
2024-12-23,Hyderabad,Cosmetics,29,5452,0,Weekday
2024-12-24,Kolkata,Electronics,31,37231,0,Weekday
2024-12-24,Kolkata,Clothing,30,14280,0,Weekday
2024-12-24,Kolkata,Groceries,81,16119,0,Weekday
2024-12-24,Kolkata,Furniture,15,35100,0,Weekday
2024-12-24,Kolkata,Cosmetics,32,12160,0,Weekday
2024-12-24,Delhi,Electronics,32,61280,1,Weekday
2024-12-24,Delhi,Clothing,44,23012,0,Weekday
2024-12-24,Delhi,Groceries,80,14160,0,Weekday
2024-12-24,Delhi,Furniture,13,21996,0,Weekday
2024-12-24,Delhi,Cosmetics,31,9920,0,Weekday
2024-12-24,Mumbai,Electronics,21,40362,0,Weekday
2024-12-24,Mumbai,Clothing,37,26751,0,Weekday
2024-12-24,Mumbai,Groceries,61,10614,0,Weekday
2024-12-24,Mumbai,Furniture,14,35938,1,Weekday
2024-12-24,Mumbai,Cosmetics,34,9622,1,Weekday
2024-12-24,Bangalore,Electronics,29,50576,0,Weekday
2024-12-24,Bangalore,Clothing,50,31650,0,Weekday
2024-12-24,Bangalore,Groceries,58,3364,0,Weekday
2024-12-24,Bangalore,Furniture,12,31848,0,Weekday
2024-12-24,Bangalore,Cosmetics,23,8901,1,Weekday
2024-12-24,Hyderabad,Electronics,27,53568,0,Weekday
2024-12-24,Hyderabad,Clothing,50,48550,0,Weekday
2024-12-24,Hyderabad,Groceries,63,6741,0,Weekday
2024-12-24,Hyderabad,Furniture,11,62271,0,Weekday
2024-12-24,Hyderabad,Cosmetics,29,17487,0,Weekday
2024-12-25,Kolkata,Electronics,30,46560,0,Weekday
2024-12-25,Kolkata,Clothing,43,38958,1,Weekday
2024-12-25,Kolkata,Groceries,73,9344,0,Weekday
2024-12-25,Kolkata,Furniture,13,27027,0,Weekday
2024-12-25,Kolkata,Cosmetics,29,6206,0,Weekday
2024-12-25,Delhi,Electronics,32,49120,0,Weekday
2024-12-25,Delhi,Clothing,45,51075,0,Weekday
2024-12-25,Delhi,Groceries,71,9727,0,Weekday
2024-12-25,Delhi,Furniture,12,41412,0,Weekday
2024-12-25,Delhi,Cosmetics,32,15200,0,Weekday
2024-12-25,Mumbai,Electronics,26,63492,0,Weekday
2024-12-25,Mumbai,Clothing,37,34891,0,Weekday
2024-12-25,Mumbai,Groceries,83,5561,1,Weekday
2024-12-25,Mumbai,Furniture,11,65197,0,Weekday
2024-12-25,Mumbai,Cosmetics,33,19470,1,Weekday
2024-12-25,Bangalore,Electronics,28,26152,0,Weekday
2024-12-25,Bangalore,Clothing,39,19422,1,Weekday
2024-12-25,Bangalore,Groceries,73,14162,0,Weekday
2024-12-25,Bangalore,Furniture,13,75543,0,Weekday
2024-12-25,Bangalore,Cosmetics,36,21456,1,Weekday
2024-12-25,Hyderabad,Electronics,36,30420,0,Weekday
2024-12-25,Hyderabad,Clothing,45,19935,0,Weekday
2024-12-25,Hyderabad,Groceries,79,8927,0,Weekday
2024-12-25,Hyderabad,Furniture,11,19811,0,Weekday
2024-12-25,Hyderabad,Cosmetics,29,9396,0,Weekday
2024-12-26,Kolkata,Electronics,29,71775,1,Weekday
2024-12-26,Kolkata,Clothing,44,50952,0,Weekday
2024-12-26,Kolkata,Groceries,67,6968,0,Weekday
2024-12-26,Kolkata,Furniture,14,49630,0,Weekday
2024-12-26,Kolkata,Cosmetics,33,21747,0,Weekday
2024-12-26,Delhi,Electronics,25,28150,0,Weekday
2024-12-26,Delhi,Clothing,37,28527,0,Weekday
2024-12-26,Delhi,Groceries,85,13515,1,Weekday
2024-12-26,Delhi,Furniture,14,48454,0,Weekday
2024-12-26,Delhi,Cosmetics,33,10065,0,Weekday
2024-12-26,Mumbai,Electronics,24,50808,0,Weekday
2024-12-26,Mumbai,Clothing,25,7900,1,Weekday
2024-12-26,Mumbai,Groceries,69,5589,0,Weekday
2024-12-26,Mumbai,Furniture,12,49608,0,Weekday
2024-12-26,Mumbai,Cosmetics,39,21216,0,Weekday
2024-12-26,Bangalore,Electronics,21,32844,0,Weekday
2024-12-26,Bangalore,Clothing,56,57568,1,Weekday
2024-12-26,Bangalore,Groceries,64,10816,0,Weekday
2024-12-26,Bangalore,Furniture,13,19903,0,Weekday
2024-12-26,Bangalore,Cosmetics,35,15155,0,Weekday
2024-12-26,Hyderabad,Electronics,30,60600,1,Weekday
2024-12-26,Hyderabad,Clothing,30,21750,0,Weekday
2024-12-26,Hyderabad,Groceries,76,3876,0,Weekday
2024-12-26,Hyderabad,Furniture,14,47432,0,Weekday
2024-12-26,Hyderabad,Cosmetics,23,12512,0,Weekday
2024-12-27,Kolkata,Electronics,23,33442,0,Weekday
2024-12-27,Kolkata,Clothing,47,37130,0,Weekday
2024-12-27,Kolkata,Groceries,70,13930,0,Weekday
2024-12-27,Kolkata,Furniture,11,62843,1,Weekday
2024-12-27,Kolkata,Cosmetics,32,20448,0,Weekday
2024-12-27,Delhi,Electronics,25,44525,1,Weekday
2024-12-27,Delhi,Clothing,41,33497,0,Weekday
2024-12-27,Delhi,Groceries,71,13774,0,Weekday
2024-12-27,Delhi,Furniture,11,56980,0,Weekday
2024-12-27,Delhi,Cosmetics,36,13536,0,Weekday
2024-12-27,Mumbai,Electronics,26,44746,0,Weekday
2024-12-27,Mumbai,Clothing,36,40284,0,Weekday
2024-12-27,Mumbai,Groceries,71,11076,0,Weekday
2024-12-27,Mumbai,Furniture,13,53352,0,Weekday
2024-12-27,Mumbai,Cosmetics,32,23040,1,Weekday
2024-12-27,Bangalore,Electronics,21,18858,0,Weekday
2024-12-27,Bangalore,Clothing,40,42760,0,Weekday
2024-12-27,Bangalore,Groceries,85,5780,1,Weekday
2024-12-27,Bangalore,Furniture,16,82208,0,Weekday
2024-12-27,Bangalore,Cosmetics,40,14800,1,Weekday
2024-12-27,Hyderabad,Electronics,23,32177,0,Weekday
2024-12-27,Hyderabad,Clothing,43,39732,0,Weekday
2024-12-27,Hyderabad,Groceries,92,14996,1,Weekday
2024-12-27,Hyderabad,Furniture,17,84099,1,Weekday
2024-12-27,Hyderabad,Cosmetics,39,17823,1,Weekday
2024-12-28,Kolkata,Electronics,27,46845,0,Weekend
2024-12-28,Kolkata,Clothing,31,12834,0,Weekend
2024-12-28,Kolkata,Groceries,84,5460,0,Weekend
2024-12-28,Kolkata,Furniture,15,24075,0,Weekend
2024-12-28,Kolkata,Cosmetics,29,22272,0,Weekend
2024-12-28,Delhi,Electronics,32,46464,0,Weekend
2024-12-28,Delhi,Clothing,44,22880,1,Weekend
2024-12-28,Delhi,Groceries,77,14399,0,Weekend
2024-12-28,Delhi,Furniture,12,31896,1,Weekend
2024-12-28,Delhi,Cosmetics,33,26301,0,Weekend
2024-12-28,Mumbai,Electronics,35,85750,1,Weekend
2024-12-28,Mumbai,Clothing,41,42558,0,Weekend
2024-12-28,Mumbai,Groceries,87,10788,1,Weekend
2024-12-28,Mumbai,Furniture,13,22282,0,Weekend
2024-12-28,Mumbai,Cosmetics,29,6293,1,Weekend
2024-12-28,Bangalore,Electronics,25,32325,0,Weekend
2024-12-28,Bangalore,Clothing,46,43470,1,Weekend
2024-12-28,Bangalore,Groceries,57,3762,0,Weekend
2024-12-28,Bangalore,Furniture,13,75582,1,Weekend
2024-12-28,Bangalore,Cosmetics,28,12460,0,Weekend
2024-12-28,Hyderabad,Electronics,19,38532,0,Weekend
2024-12-28,Hyderabad,Clothing,41,26568,0,Weekend
2024-12-28,Hyderabad,Groceries,62,7316,0,Weekend
2024-12-28,Hyderabad,Furniture,16,81408,1,Weekend
2024-12-28,Hyderabad,Cosmetics,34,17884,1,Weekend
2024-12-29,Kolkata,Electronics,24,28656,0,Weekend
2024-12-29,Kolkata,Clothing,33,25212,0,Weekend
2024-12-29,Kolkata,Groceries,74,12062,0,Weekend
2024-12-29,Kolkata,Furniture,11,50677,0,Weekend
2024-12-29,Kolkata,Cosmetics,25,19725,1,Weekend
2024-12-29,Delhi,Electronics,23,29647,0,Weekend
2024-12-29,Delhi,Clothing,55,53900,1,Weekend
2024-12-29,Delhi,Groceries,72,11520,0,Weekend
2024-12-29,Delhi,Furniture,15,84585,0,Weekend
2024-12-29,Delhi,Cosmetics,31,8184,0,Weekend
2024-12-29,Mumbai,Electronics,25,58525,0,Weekend
2024-12-29,Mumbai,Clothing,44,38192,0,Weekend
2024-12-29,Mumbai,Groceries,70,4410,1,Weekend
2024-12-29,Mumbai,Furniture,15,48495,0,Weekend
2024-12-29,Mumbai,Cosmetics,25,15375,0,Weekend
2024-12-29,Bangalore,Electronics,27,59751,0,Weekend
2024-12-29,Bangalore,Clothing,47,49773,0,Weekend
2024-12-29,Bangalore,Groceries,74,8140,0,Weekend
2024-12-29,Bangalore,Furniture,14,36764,1,Weekend
2024-12-29,Bangalore,Cosmetics,28,21728,0,Weekend
2024-12-29,Hyderabad,Electronics,30,69030,1,Weekend
2024-12-29,Hyderabad,Clothing,34,21896,0,Weekend
2024-12-29,Hyderabad,Groceries,86,4558,0,Weekend
2024-12-29,Hyderabad,Furniture,13,33072,0,Weekend
2024-12-29,Hyderabad,Cosmetics,28,11256,0,Weekend
2024-12-30,Kolkata,Electronics,26,48230,0,Weekday
2024-12-30,Kolkata,Clothing,45,38385,1,Weekday
2024-12-30,Kolkata,Groceries,77,9009,0,Weekday
2024-12-30,Kolkata,Furniture,12,27996,0,Weekday
2024-12-30,Kolkata,Cosmetics,37,13024,0,Weekday
2024-12-30,Delhi,Electronics,27,43497,0,Weekday
2024-12-30,Delhi,Clothing,47,53674,0,Weekday
2024-12-30,Delhi,Groceries,89,10858,0,Weekday
2024-12-30,Delhi,Furniture,12,38088,1,Weekday
2024-12-30,Delhi,Cosmetics,40,20960,1,Weekday
2024-12-30,Mumbai,Electronics,18,16128,0,Weekday
2024-12-30,Mumbai,Clothing,29,13949,0,Weekday
2024-12-30,Mumbai,Groceries,57,10317,0,Weekday
2024-12-30,Mumbai,Furniture,12,48600,0,Weekday
2024-12-30,Mumbai,Cosmetics,36,19656,1,Weekday
2024-12-30,Bangalore,Electronics,20,41180,0,Weekday
2024-12-30,Bangalore,Clothing,61,57889,1,Weekday
2024-12-30,Bangalore,Groceries,72,11592,1,Weekday
2024-12-30,Bangalore,Furniture,10,24050,0,Weekday
2024-12-30,Bangalore,Cosmetics,40,22320,0,Weekday
2024-12-30,Hyderabad,Electronics,24,54264,0,Weekday
2024-12-30,Hyderabad,Clothing,41,47724,0,Weekday
2024-12-30,Hyderabad,Groceries,91,11193,1,Weekday
2024-12-30,Hyderabad,Furniture,15,71820,0,Weekday
2024-12-30,Hyderabad,Cosmetics,36,7452,0,Weekday
2024-12-31,Kolkata,Electronics,24,38328,0,Weekday
2024-12-31,Kolkata,Clothing,42,15792,0,Weekday
2024-12-31,Kolkata,Groceries,98,16954,0,Weekday
2024-12-31,Kolkata,Furniture,11,65164,0,Weekday
2024-12-31,Kolkata,Cosmetics,31,8215,0,Weekday
2024-12-31,Delhi,Electronics,29,63568,0,Weekday
2024-12-31,Delhi,Clothing,49,23814,0,Weekday
2024-12-31,Delhi,Groceries,88,8888,0,Weekday
2024-12-31,Delhi,Furniture,13,40027,0,Weekday
2024-12-31,Delhi,Cosmetics,33,15774,0,Weekday
2024-12-31,Mumbai,Electronics,30,70860,1,Weekday
2024-12-31,Mumbai,Clothing,42,21714,0,Weekday
2024-12-31,Mumbai,Groceries,83,4814,0,Weekday
2024-12-31,Mumbai,Furniture,11,59730,0,Weekday
2024-12-31,Mumbai,Cosmetics,36,14076,0,Weekday
2024-12-31,Bangalore,Electronics,25,27275,0,Weekday
2024-12-31,Bangalore,Clothing,37,28453,0,Weekday
2024-12-31,Bangalore,Groceries,54,4104,0,Weekday
2024-12-31,Bangalore,Furniture,15,44970,0,Weekday
2024-12-31,Bangalore,Cosmetics,30,22590,0,Weekday
2024-12-31,Hyderabad,Electronics,30,51330,1,Weekday
2024-12-31,Hyderabad,Clothing,45,30285,0,Weekday
2024-12-31,Hyderabad,Groceries,82,9758,0,Weekday
2024-12-31,Hyderabad,Furniture,11,65483,0,Weekday
2024-12-31,Hyderabad,Cosmetics,29,14268,0,Weekday
